# x=10.0; z a v_km_s_M10000Msun v_km_s_M100000Msun v_km_s_M1e+06Msun
7.999999999999997272e+03 1.562304711911011732e-03 -0.000000000000000000e+00 -0.000000000000000000e+00 -0.000000000000000000e+00
7.989664771208993443e+03 1.564325416958862276e-03 -1.574710921770836037e-06 -3.392611836635172728e-06 -7.309160630659597215e-06
7.979342892868460694e+03 1.566348735612661238e-03 -1.578786928484346189e-06 -3.401393326895561888e-06 -7.328079777906757237e-06
7.969034347733044342e+03 1.568374671252883122e-03 -1.582873493257540583e-06 -3.410197563805993914e-06 -7.347047931325851497e-06
7.958739118579696878e+03 1.570403227264368946e-03 -1.586970643754726187e-06 -3.419024606967412322e-06 -7.366065219323219955e-06
7.948457188207590661e+03 1.572434407036343374e-03 -1.591078407827896589e-06 -3.427874516385117637e-06 -7.385131771176363246e-06
7.938188539438134285e+03 1.574468213962410814e-03 -1.595196813067192765e-06 -3.436747351500266115e-06 -7.404247714947372738e-06
7.927933155114929832e+03 1.576504651440564743e-03 -1.599325887326924725e-06 -3.445643172323150270e-06 -7.423413179924503000e-06
7.917691018103720126e+03 1.578543722873197892e-03 -1.603465658944946485e-06 -3.454562039905825051e-06 -7.442628297640418905e-06
7.907462111292406917e+03 1.580585431667098136e-03 -1.607616156259100414e-06 -3.463504015300322537e-06 -7.461893199627734503e-06
7.897246417590970850e+03 1.582629781233465399e-03 -1.611777407607240528e-06 -3.472469159558697676e-06 -7.481208017419118903e-06
7.887043919931486016e+03 1.584676774987907539e-03 -1.615949441327212373e-06 -3.481457533732988476e-06 -7.500572882547196322e-06
7.876854601268079023e+03 1.586726416350449668e-03 -1.620132285756861704e-06 -3.490469198875231253e-06 -7.519987926544596056e-06
7.866678444576868060e+03 1.588778708745545651e-03 -1.624325969234042538e-06 -3.499504216037483494e-06 -7.539453280943985520e-06
7.856515432855996551e+03 1.590833655602071810e-03 -1.628530520096597244e-06 -3.508562646271773891e-06 -7.558969077277975378e-06
7.846365549125536745e+03 1.592891260353345578e-03 -1.632745966682379838e-06 -3.517644550630161205e-06 -7.578535447079236431e-06
7.836228776427516095e+03 1.594951526437121377e-03 -1.636972339839382004e-06 -3.526749995572626281e-06 -7.598152533531458141e-06
7.826105097825870871e+03 1.597014457295599073e-03 -1.641209666464768218e-06 -3.535879039047354419e-06 -7.617820461480221665e-06
7.815994496406390681e+03 1.599080056375435472e-03 -1.645457975026774796e-06 -3.545031742387299985e-06 -7.637539363063370660e-06
7.805896955276733934e+03 1.601148327127741283e-03 -1.649717295307178417e-06 -3.554208169755357813e-06 -7.657309376515672455e-06
7.795812457566382363e+03 1.603219273008090655e-03 -1.653987657087755764e-06 -3.563408385314419770e-06 -7.677130640071886755e-06
7.785740986426587369e+03 1.605292897476531377e-03 -1.658269090150292411e-06 -3.572632453227398476e-06 -7.697003291966818158e-06
7.775682525030392753e+03 1.607369203997580966e-03 -1.662561624276562498e-06 -3.581880437657180716e-06 -7.716927470435215358e-06
7.765637056572550136e+03 1.609448196040243802e-03 -1.666865289248351179e-06 -3.591152402766677417e-06 -7.736903313711881259e-06
7.755604564269541697e+03 1.611529877078006576e-03 -1.671180114847435979e-06 -3.600448412718782987e-06 -7.756930960031578108e-06
7.745585031359528330e+03 1.613614250588848911e-03 -1.675506130855592735e-06 -3.609768531676389294e-06 -7.777010547629069844e-06
7.735578441102302349e+03 1.615701320055252903e-03 -1.679843367054607867e-06 -3.619112823802410229e-06 -7.797142214739159372e-06
7.725584776779306594e+03 1.617791088964199439e-03 -1.684191853226254882e-06 -3.628481353259730035e-06 -7.817326099596595386e-06
7.715604021693554387e+03 1.619883560807185109e-03 -1.688551619152319141e-06 -3.637874184211262180e-06 -7.837562340436180790e-06
7.705636159169646817e+03 1.621978739080218298e-03 -1.692922694614578175e-06 -3.647291380819899803e-06 -7.857851075492681218e-06
7.695681172553724537e+03 1.624076627283829169e-03 -1.697305109394807816e-06 -3.656733007248534770e-06 -7.878192443000855529e-06
7.685739045213422287e+03 1.626177228923079412e-03 -1.701698893274794487e-06 -3.666199127660081396e-06 -7.898586581195508321e-06
7.675809760537886177e+03 1.628280547507558783e-03 -1.706104076036311270e-06 -3.675689806217423503e-06 -7.919033628311389982e-06
7.665893301937689102e+03 1.630386586551402445e-03 -1.710520689823335035e-06 -3.685205112172660261e-06 -7.939533733547618063e-06
7.655989652844858028e+03 1.632495349573285983e-03 -1.714948772562845115e-06 -3.694745127236992486e-06 -7.960087072945643607e-06
7.646098796712817602e+03 1.634606840096436463e-03 -1.719388347509181129e-06 -3.704309901510374693e-06 -7.980693754442543046e-06
7.636220717016350136e+03 1.636721061648641539e-03 -1.723839446876204191e-06 -3.713899504395468702e-06 -8.001353927561817057e-06
7.626355397251606519e+03 1.638838017762247069e-03 -1.728302102877763977e-06 -3.723514005294907958e-06 -8.022067741826912108e-06
7.616502820936034368e+03 1.640957711974172506e-03 -1.732776347727722235e-06 -3.733153473611354281e-06 -8.042835346761327182e-06
7.606662971608388943e+03 1.643080147825908303e-03 -1.737262213639930759e-06 -3.742817978747447890e-06 -8.063656891888520604e-06
7.596835832828690400e+03 1.645205328863525015e-03 -1.741759732828242403e-06 -3.752507590105830701e-06 -8.084532526731945618e-06
7.587021388178173765e+03 1.647333258637684794e-03 -1.746268937506518491e-06 -3.762222377089163263e-06 -8.105462400815107983e-06
7.577219621259314408e+03 1.649463940703635315e-03 -1.750789859888608700e-06 -3.771962409100079866e-06 -8.126446663661447391e-06
7.567430515695735266e+03 1.651597378621229946e-03 -1.755322532188374778e-06 -3.781727755541241909e-06 -8.147485464794466213e-06
7.557654055132239591e+03 1.653733575954920588e-03 -1.759866986619668308e-06 -3.791518485815290033e-06 -8.168578953737621080e-06
7.547890223234752739e+03 1.655872536273770472e-03 -1.764423255396342143e-06 -3.801334669324864884e-06 -8.189727280014368624e-06
7.538139003690283062e+03 1.658014263151463049e-03 -1.768991370732257607e-06 -3.811176375472628705e-06 -8.210930593148209523e-06
7.528400380206934642e+03 1.660158760166298300e-03 -1.773571364841264590e-06 -3.821043673661214940e-06 -8.232189042662588549e-06
7.518674336513831804e+03 1.662306030901210306e-03 -1.778163269937224415e-06 -3.830936633293284562e-06 -8.253502778081004687e-06
7.508960856361136393e+03 1.664456078943762690e-03 -1.782767118233989725e-06 -3.840855323771479062e-06 -8.274871948926917954e-06
7.499259923520001394e+03 1.666608907886159459e-03 -1.787382941945411889e-06 -3.850799814498439084e-06 -8.296296704723779902e-06
7.489571521782520904e+03 1.668764521325255632e-03 -1.792010786971317784e-06 -3.860770204362342344e-06 -8.317777258519716221e-06
7.479895634961755604e+03 1.670922922862551601e-03 -1.796650680586265929e-06 -3.870766552124444457e-06 -8.339313736912010321e-06
7.470232246891644536e+03 1.673084116104212862e-03 -1.801302656943566026e-06 -3.880788931365819922e-06 -8.360906298426286741e-06
7.460581341427033294e+03 1.675248104661064379e-03 -1.805966751017324296e-06 -3.890837417435896468e-06 -8.382555105397961588e-06
7.450942902443620369e+03 1.677414892148601207e-03 -1.810642997781645906e-06 -3.900912085684100973e-06 -8.404260320162454354e-06
7.441316913837915308e+03 1.679584482186999121e-03 -1.815331432210646185e-06 -3.911013011459878953e-06 -8.426022105055226886e-06
7.431703359527251450e+03 1.681756878401110926e-03 -1.820032089278428392e-06 -3.921140270112652204e-06 -8.447840622411686818e-06
7.422102223449713165e+03 1.683932084420483371e-03 -1.824745003959106798e-06 -3.931293936991866241e-06 -8.469716034567294303e-06
7.412513489564152223e+03 1.686110103879353249e-03 -1.829470211226788050e-06 -3.941474087446949638e-06 -8.491648503857468833e-06
7.402937141850143234e+03 1.688290940416657801e-03 -1.834207748388472704e-06 -3.951680801853398320e-06 -8.513638203445972045e-06
7.393373164307932711e+03 1.690474597676045561e-03 -1.838957653076608525e-06 -3.961914161287863451e-06 -8.535685308007148888e-06
7.383821540958452715e+03 1.692661079305873752e-03 -1.843719961149546114e-06 -3.972174243004818465e-06 -8.557789983980718695e-06
7.374282255843280836e+03 1.694850388959217614e-03 -1.848494708877963450e-06 -3.982461125147071918e-06 -8.579952399720258192e-06
7.364755293024586535e+03 1.697042530293882108e-03 -1.853281934445105236e-06 -3.992774889977929169e-06 -8.602172732456688154e-06
7.355240636585152970e+03 1.699237506972397799e-03 -1.858081675070184475e-06 -4.003115617683755545e-06 -8.624451154946294855e-06
7.345738270628298778e+03 1.701435322662037553e-03 -1.862893969194780757e-06 -4.013483391084422274e-06 -8.646787845619080933e-06
7.336248179277896270e+03 1.703635981034813717e-03 -1.867718855396763812e-06 -4.023878293293430483e-06 -8.669182983537657277e-06
7.326770346678325950e+03 1.705839485767487659e-03 -1.872556372254002101e-06 -4.034300407424278758e-06 -8.691636747764628002e-06
7.317304756994429226e+03 1.708045840541580832e-03 -1.877406558344375309e-06 -4.044749816590489404e-06 -8.714149317362648043e-06
7.307851394411529327e+03 1.710255049043370862e-03 -1.882269456728470058e-06 -4.055226613563283288e-06 -8.736720892201257262e-06
7.298410243135352175e+03 1.712467114963908688e-03 -1.887145103333684532e-06 -4.065730875745893159e-06 -8.759351639040661769e-06
7.288981287392044578e+03 1.714682041999015085e-03 -1.892033533028813136e-06 -4.076262678260860499e-06 -8.782041719727473589e-06
7.279564511428129663e+03 1.716899833849290860e-03 -1.896934789683530695e-06 -4.086822115622533912e-06 -8.804791337886678520e-06
7.270159899510460491e+03 1.719120494220128127e-03 -1.901848917167520501e-06 -4.097409282345280637e-06 -8.827600697143316567e-06
7.260767435926237340e+03 1.721344026821705316e-03 -1.906775959350452931e-06 -4.108024272943440808e-06 -8.850470001122356586e-06
7.251387104982934943e+03 1.723570435369005610e-03 -1.911715960102012126e-06 -4.118667181931383359e-06 -8.873399453448831809e-06
7.242018891008316132e+03 1.725799723581812823e-03 -1.916668963291872274e-06 -4.129338103823456047e-06 -8.896389257747733113e-06
7.232662778350388180e+03 1.728031895184721587e-03 -1.921635012789706080e-06 -4.140037133134004936e-06 -8.919439617644047988e-06
7.223318751377356421e+03 1.730266953907149503e-03 -1.926614152465198533e-06 -4.150764364377399805e-06 -8.942550736762811361e-06
7.213986794477646981e+03 1.732504903483330413e-03 -1.931606426188019373e-06 -4.161519892067979942e-06 -8.965722818728995473e-06
7.204666892059824022e+03 1.734745747652335435e-03 -1.936611877827852741e-06 -4.172303810720113433e-06 -8.988956067167635250e-06
7.195359028552612472e+03 1.736989490158066460e-03 -1.941630551254372613e-06 -4.183116214848149730e-06 -9.012250685703718182e-06
7.186063188404849825e+03 1.739236134749267857e-03 -1.946662490337252119e-06 -4.193957198966432355e-06 -9.035606877962233454e-06
7.176779356085443396e+03 1.741485685179537755e-03 -1.951707738946175823e-06 -4.204826857589332782e-06 -9.059024847568212602e-06
7.167507516083388509e+03 1.743738145207322614e-03 -1.956766340950813888e-06 -4.215725285231190298e-06 -9.082504798146632952e-06
7.158247652907691190e+03 1.745993518595936531e-03 -1.961838340220850457e-06 -4.226652576406372990e-06 -9.106046933322527734e-06
7.148999751087386358e+03 1.748251809113556248e-03 -1.966923801799711344e-06 -4.237608871246695361e-06 -9.129651555000733258e-06
7.139763795171493257e+03 1.750513020533232648e-03 -1.972022788019499547e-06 -4.248594304042601474e-06 -9.153318952501248077e-06
7.130539769728971805e+03 1.752777156632900945e-03 -1.977135332949936375e-06 -4.259608948195080694e-06 -9.177049283961706514e-06
7.121327659348738962e+03 1.755044221195376994e-03 -1.982261491705135684e-06 -4.270652922443892428e-06 -9.200842805199165627e-06
7.112127448639593240e+03 1.757314218008375730e-03 -1.987401319399224457e-06 -4.281726345528824880e-06 -9.224699772030741767e-06
7.102939122230237444e+03 1.759587150864505524e-03 -1.992554871146319938e-06 -4.292829336189641690e-06 -9.248620440273507240e-06
7.093762664769225012e+03 1.761863023561281412e-03 -1.997722202060539369e-06 -4.303962013166109888e-06 -9.272605065744530961e-06
7.084598060924921811e+03 1.764141839901134205e-03 -2.002903367256009732e-06 -4.315124495198016831e-06 -9.296653904260925895e-06
7.075445295385520694e+03 1.766423603691407882e-03 -2.008098421846847425e-06 -4.326316901025127006e-06 -9.320767211639769428e-06
7.066304352858987841e+03 1.768708318744371738e-03 -2.013307420947170114e-06 -4.337539349387207442e-06 -9.344945243698125396e-06
7.057175218073029100e+03 1.770995988877229702e-03 -2.018530419671105205e-06 -4.348791959024044650e-06 -9.369188256253115231e-06
7.048057875775099092e+03 1.773286617912117310e-03 -2.023767473132765282e-06 -4.360074848675398035e-06 -9.393496505121792605e-06
7.038952310732333899e+03 1.775580209676119476e-03 -2.029018665891293193e-06 -4.371388200518414397e-06 -9.417870382792921513e-06
7.029858507731561986e+03 1.777876768001266814e-03 -2.034284050590336333e-06 -4.382732127970395412e-06 -9.442310133616677696e-06
7.020776451579264176e+03 1.780176296724546260e-03 -2.039563691696303463e-06 -4.394106769920009372e-06 -9.466816056819616552e-06
7.011706127101530001e+03 1.782478799687911911e-03 -2.044857656043844360e-06 -4.405512270358142725e-06 -9.491388462620705907e-06
7.002647519144071339e+03 1.784784280738281343e-03 -2.050166010467594400e-06 -4.416948773275654814e-06 -9.516027661238844125e-06
6.993600612572155114e+03 1.787092743727553609e-03 -2.055488821802205055e-06 -4.428416422663435475e-06 -9.540733962893000725e-06
6.984565392270613302e+03 1.789404192512605548e-03 -2.060826167112978926e-06 -4.439915384553645669e-06 -9.565507725288624897e-06
6.975541843143805636e+03 1.791718630955302198e-03 -2.066178114142895971e-06 -4.451445804894111025e-06 -9.590349262860774020e-06
6.966529950115571410e+03 1.794036062922508288e-03 -2.071544739431475372e-06 -4.463007848584229085e-06 -9.615258930874429346e-06
6.957529698129248573e+03 1.796356492286084114e-03 -2.076926121007029276e-06 -4.474601683730901947e-06 -9.640237091504929489e-06
6.948541072147600062e+03 1.798679922922903759e-03 -2.082322335234044283e-06 -4.486227474856425543e-06 -9.665284099204824050e-06
6.939564057152833811e+03 1.801006358714851187e-03 -2.087733463521540086e-06 -4.497885397351219700e-06 -9.690400331841311280e-06
6.930598638146554549e+03 1.803335803548831084e-03 -2.093159593054161394e-06 -4.509575639048905381e-06 -9.715586194089662135e-06
6.921644800149721959e+03 1.805668261316780571e-03 -2.098600803232307428e-06 -4.521298371012458518e-06 -9.740842054493884859e-06
6.912702528202670692e+03 1.808003735915663995e-03 -2.104057182407738583e-06 -4.533053783589974132e-06 -9.766168323146524159e-06
6.903771807365035784e+03 1.810342231247492450e-03 -2.109528825076513906e-06 -4.544842080367042517e-06 -9.791565438659431003e-06
6.894852622715767211e+03 1.812683751219319435e-03 -2.115015823976126259e-06 -4.556663461140534038e-06 -9.817033831481916637e-06
6.885944959353092599e+03 1.815028299743251484e-03 -2.120518271844070622e-06 -4.568518125707324991e-06 -9.842573932063302471e-06
6.877048802394466293e+03 1.817375880736460305e-03 -2.126036269455813644e-06 -4.580406291181577888e-06 -9.868186208161873680e-06
6.868164136976594818e+03 1.819726498121177578e-03 -2.131569915900169314e-06 -4.592328171043668649e-06 -9.893871119707154134e-06
6.859290948255358671e+03 1.822080155824714253e-03 -2.137119308163048330e-06 -4.604283974243410802e-06 -9.919629116867871674e-06
6.850429221405829594e+03 1.824436857779456432e-03 -2.142684564835403773e-06 -4.616273956277264516e-06 -9.945460750094465383e-06
6.841578941622234197e+03 1.826796607922875990e-03 -2.148265804508188301e-06 -4.628298372641693350e-06 -9.971366569837379425e-06
6.832740094117900298e+03 1.829159410197542940e-03 -2.153863145772366005e-06 -4.640357478833184580e-06 -9.997347126547105397e-06
6.823912664125284209e+03 1.831525268551119790e-03 -2.159476707218885308e-06 -4.652451530348190752e-06 -1.002340297067406883e-05
6.815096636895893425e+03 1.833894186936381714e-03 -2.165106607438710302e-06 -4.664580782683199988e-06 -1.004953465266876132e-05
6.806291997700303909e+03 1.836266169311211345e-03 -2.170752965022792798e-06 -4.676745491334672460e-06 -1.007574272298162364e-05
6.797498731828118252e+03 1.838641219638610701e-03 -2.176415898562086722e-06 -4.688945911799071725e-06 -1.010202773206310165e-05
6.788716824587923838e+03 1.841019341886712679e-03 -2.182095551057423639e-06 -4.701182352162352839e-06 -1.012839034366425901e-05
6.779946261307309214e+03 1.843400540028775417e-03 -2.187792087538520498e-06 -4.713455167970259677e-06 -1.015483132378518765e-05
6.771187027332791331e+03 1.845784818043203542e-03 -2.193505615705910887e-06 -4.725764591256559203e-06 -1.018135117232747729e-05
6.762439108029834642e+03 1.848172179913541669e-03 -2.199236307905646928e-06 -4.738110993329565237e-06 -1.020795068925064434e-05
6.753702488782807450e+03 1.850562629628487192e-03 -2.204984336483781168e-06 -4.750494745497594141e-06 -1.023463067451420015e-05
6.744977154994939156e+03 1.852956171181901557e-03 -2.210749873786378859e-06 -4.762916219068982607e-06 -1.026139192807771365e-05
6.736263092088338453e+03 1.855352808572805065e-03 -2.216533092159487466e-06 -4.775375785352037679e-06 -1.028823524990068093e-05
6.727560285503921477e+03 1.857752545805397247e-03 -2.222334163949172662e-06 -4.787873815655101131e-06 -1.031516143994267094e-05
6.718868720701428174e+03 1.860155386889051450e-03 -2.228153261501486148e-06 -4.800410681286484243e-06 -1.034217129816318992e-05
6.710188383159382283e+03 1.862561335838326974e-03 -2.233990557162480048e-06 -4.812986753554502530e-06 -1.036926562452175599e-05
6.701519258375044956e+03 1.864970396672980786e-03 -2.239846223278219611e-06 -4.825602403767495224e-06 -1.039644521897793640e-05
6.692861331864431122e+03 1.867382573417963832e-03 -2.245720432194756539e-06 -4.838258003233776994e-06 -1.042371088149124419e-05
6.684214589162264929e+03 1.869797870103432963e-03 -2.251613437535490527e-06 -4.850954098368398293e-06 -1.045106378927721739e-05
6.675579015821938810e+03 1.872216290764762642e-03 -2.257525514079278894e-06 -4.863691281164459645e-06 -1.047850521774632782e-05
6.666954597415528042e+03 1.874637839442540397e-03 -2.263456836784164181e-06 -4.876469928557638206e-06 -1.050603597898187608e-05
6.658341319533723436e+03 1.877062520182586113e-03 -2.269407659784695315e-06 -4.889290588064222128e-06 -1.053365725257194797e-05
6.649739167785845893e+03 1.879490337035947915e-03 -2.275378237215408943e-06 -4.902153807200473308e-06 -1.056137021810456831e-05
6.641148127799805479e+03 1.881921294058913662e-03 -2.281368823210841289e-06 -4.915060133482651946e-06 -1.058917605516776530e-05
6.632568185222058673e+03 1.884355395313022218e-03 -2.287379671905541281e-06 -4.928010114427046196e-06 -1.061707594334962136e-05
6.623999325717628381e+03 1.886792644865059555e-03 -2.293411037434041755e-06 -4.941004297549909482e-06 -1.064507106223814438e-05
6.615441534970029352e+03 1.889233046787078046e-03 -2.299463173930890368e-06 -4.954043230367528264e-06 -1.067316259142141676e-05
6.606894798681288194e+03 1.891676605156392132e-03 -2.305536458067910972e-06 -4.967127724394746614e-06 -1.070135227925517116e-05
6.598359102571899712e+03 1.894123324055589598e-03 -2.311631164349069048e-06 -4.980258371032428089e-06 -1.072964139987394454e-05
6.589834432380788712e+03 1.896573207572543928e-03 -2.317747619484027135e-06 -4.993435874155205897e-06 -1.075803146972965861e-05
6.581320773865324554e+03 1.899026259800408890e-03 -2.323886155259060965e-06 -5.006660948574941471e-06 -1.078652402883778875e-05
6.572818112801247480e+03 1.901482484837639783e-03 -2.330047118699866224e-06 -5.019934341935829055e-06 -1.081512068794892697e-05
6.564326434982693172e+03 1.903941886787987366e-03 -2.336230840396382441e-06 -5.033256766472307082e-06 -1.084382298152564629e-05
6.555845726222148187e+03 1.906404469760510003e-03 -2.342437745616581358e-06 -5.046629138396443312e-06 -1.087263288348701160e-05
6.547375972350403572e+03 1.908870237869586452e-03 -2.348668215011583662e-06 -5.060052277796219069e-06 -1.090155216065902217e-05
6.538917159216581240e+03 1.911339195234910016e-03 -2.354922621924973423e-06 -5.073526989016000630e-06 -1.093058254594908316e-05
6.530469272688058481e+03 1.913811345981508922e-03 -2.361201398220402773e-06 -5.087054202477822783e-06 -1.095972604389070003e-05
6.522032298650482517e+03 1.916286694239742201e-03 -2.367504989064826803e-06 -5.100634877264818197e-06 -1.098898472076584124e-05
6.513606223007735935e+03 1.918765244145310966e-03 -2.373833843763576577e-06 -5.114269981375974790e-06 -1.101836066206511572e-05
6.505191031681891218e+03 1.921246999839270339e-03 -2.380188453095042636e-06 -5.127960572161286493e-06 -1.104785614578002097e-05
6.496786710613228934e+03 1.923731965468025110e-03 -2.386569302178360546e-06 -5.141707694778244979e-06 -1.107747342363411944e-05
6.488393245760168611e+03 1.926220145183349690e-03 -2.392976839976639734e-06 -5.155512316488548504e-06 -1.110721457952956223e-05
6.480010623099285112e+03 1.928711543142383120e-03 -2.399411670214436594e-06 -5.169375737977323957e-06 -1.113708241570751551e-05
6.471638828625267706e+03 1.931206163507641869e-03 -2.405874324019470903e-06 -5.183299103524555455e-06 -1.116707939744446519e-05
6.463277848350879140e+03 1.933704010447031109e-03 -2.412365328084635943e-06 -5.197283547855685301e-06 -1.119720796943227196e-05
6.454927668306974738e+03 1.936205088133839724e-03 -2.418885317215318140e-06 -5.211330438617458285e-06 -1.122747107817652588e-05
6.446588274542428735e+03 1.938709400746761779e-03 -2.425434899328426190e-06 -5.225441085527150786e-06 -1.125787154537755545e-05
6.438259653124157921e+03 1.941216952469890233e-03 -2.432014641672781995e-06 -5.239616710685301786e-06 -1.128841200397116628e-05
6.429941790137071621e+03 1.943727747492730818e-03 -2.438625278885016700e-06 -5.253858896818557158e-06 -1.131909586383854112e-05
6.421634671684040768e+03 1.946241790010212226e-03 -2.445267489421840012e-06 -5.268169105617584288e-06 -1.134992627409676735e-05
6.413338283885904275e+03 1.948759084222684377e-03 -2.451941898725503122e-06 -5.282548684556868075e-06 -1.138090613779160934e-05
6.405052612881428104e+03 1.951279634335929694e-03 -2.458649279047712719e-06 -5.296999297402272625e-06 -1.141203903939797252e-05
6.396777644827267977e+03 1.953803444561175249e-03 -2.465390407441597421e-06 -5.311522618264016337e-06 -1.144332858567697501e-05
6.388513365897982112e+03 1.956330519115089071e-03 -2.472166004982928529e-06 -5.326120200652755069e-06 -1.147477812356587155e-05
6.380259762285966644e+03 1.958860862219799232e-03 -2.478976839898758975e-06 -5.340793699663501957e-06 -1.150639121885877428e-05
6.372016820201470182e+03 1.961394478102889728e-03 -2.485823837462399048e-06 -5.355545108737172303e-06 -1.153817216629393902e-05
6.363784525872553786e+03 1.963931370997412402e-03 -2.492707804687662652e-06 -5.370376166532321680e-06 -1.157012471169767726e-05
6.355562865545052773e+03 1.966471545141899521e-03 -2.499629537472569910e-06 -5.385288587759256749e-06 -1.160225254930135526e-05
6.347351825482590357e+03 1.969015004780358576e-03 -2.506590053340621681e-06 -5.400284564605904802e-06 -1.163456040203068768e-05
6.339151391966511255e+03 1.971561754162293092e-03 -2.513590185336689912e-06 -5.415365891813036329e-06 -1.166705213653745477e-05
6.330961551295898062e+03 1.974111797542698731e-03 -2.520630914089099574e-06 -5.430534682080333617e-06 -1.169973230449513592e-05
6.322782289787531226e+03 1.976665139182073264e-03 -2.527713230790953739e-06 -5.445793070868600181e-06 -1.173260550661457024e-05
6.314613593775850859e+03 1.979221783346430882e-03 -2.534838094301339780e-06 -5.461143123977117670e-06 -1.176567619352539442e-05
6.306455449612971279e+03 1.981781734307296126e-03 -2.542006475150169049e-06 -5.476586932349196779e-06 -1.179894887002840551e-05
6.298307843668611895e+03 1.984344996341726435e-03 -2.549219516329774646e-06 -5.492126958487165986e-06 -1.183242884142404958e-05
6.290170762330119032e+03 1.986911573732304780e-03 -2.556478201689496696e-06 -5.507765322030178311e-06 -1.186612067433644405e-05
6.282044192002420459e+03 1.989481470767153967e-03 -2.563783660834949957e-06 -5.523504456639753608e-06 -1.190002961193039660e-05
6.273928119107989914e+03 1.992054691739948355e-03 -2.571136989063237855e-06 -5.539346722061967582e-06 -1.193416073812470581e-05
6.265822530086862571e+03 1.994631240949907777e-03 -2.578539234166108436e-06 -5.555294375695709259e-06 -1.196851891633785377e-05
6.257727411396565913e+03 1.997211122701821398e-03 -2.585991544741870127e-06 -5.571349892121022858e-06 -1.200310947789092352e-05
6.249642749512136106e+03 1.999794341306040339e-03 -2.593495081554183667e-06 -5.587515772127401706e-06 -1.203793781057156017e-05
6.241568530926086169e+03 2.002380901078489820e-03 -2.601050984900369378e-06 -5.603794472410953166e-06 -1.207300920717107473e-05
6.233504742148352307e+03 2.004970806340683909e-03 -2.608660444800565339e-06 -5.620188556792340439e-06 -1.210832919127364615e-05
6.225451369706324840e+03 2.007564061419718580e-03 -2.616324560491031341e-06 -5.636700393504297806e-06 -1.214390286508202965e-05
6.217408400144772713e+03 2.010160670648293828e-03 -2.624044503649018627e-06 -5.653332506848940159e-06 -1.217973566704026745e-05
6.209375820025862595e+03 2.012760638364707606e-03 -2.631821522768205818e-06 -5.670087586624357942e-06 -1.221583339214268101e-05
6.201353615929119769e+03 2.015363968912869692e-03 -2.639656661719205218e-06 -5.686967881781612984e-06 -1.225220088560744705e-05
6.193341774451387209e+03 2.017970666642313841e-03 -2.647551057280366301e-06 -5.703975841435411219e-06 -1.228884342389225228e-05
6.185340282206844677e+03 2.020580735908192142e-03 -2.655506000730582417e-06 -5.721114247561797847e-06 -1.232576700058279715e-05
6.177349125826939598e+03 2.023194181071297140e-03 -2.663522440817311488e-06 -5.738385144175209912e-06 -1.236297601937468374e-05
6.169368291960407987e+03 2.025811006498055324e-03 -2.671601437328399325e-06 -5.755790814519344640e-06 -1.240047539936734836e-05
6.161397767273228965e+03 2.028431216560541445e-03 -2.679744265279203129e-06 -5.773334005531517262e-06 -1.243827105865782763e-05
6.153437538448589294e+03 2.031054815636491092e-03 -2.687951769465588378e-06 -5.791016537269249190e-06 -1.247636691844118574e-05
6.145487592186900656e+03 2.033681808109294616e-03 -2.696224859599085846e-06 -5.808840369646615194e-06 -1.251476720122429681e-05
6.137547915205733261e+03 2.036312198368017950e-03 -2.704564740217599278e-06 -5.826808097761865367e-06 -1.255347749797685447e-05
6.129618494239829488e+03 2.038945990807400008e-03 -2.712972123478282128e-06 -5.844921255911073995e-06 -1.259250111423954319e-05
6.121699316041068414e+03 2.041583189827863090e-03 -2.721447704718470012e-06 -5.863181342153117630e-06 -1.263184127748237471e-05
6.113790367378425799e+03 2.044223799835526330e-03 -2.729992550956499239e-06 -5.881590655309316342e-06 -1.267150294036575032e-05
6.105891635037987726e+03 2.046867825242201788e-03 -2.738607215411070958e-06 -5.900150387253230224e-06 -1.271148867070341084e-05
6.098003105822891484e+03 2.049515270465413538e-03 -2.747292119959102013e-06 -5.918861446891124718e-06 -1.275180042667454664e-05
6.090124766553334666e+03 2.052166139928394625e-03 -2.756048085542831441e-06 -5.937725602889436515e-06 -1.279244201875548252e-05
6.082256604066540604e+03 2.054820438060099216e-03 -2.764875484170055836e-06 -5.956743656714667998e-06 -1.283341517365345596e-05
6.074398605216719261e+03 2.057478169295215171e-03 -2.773774356425983630e-06 -5.975915695805002014e-06 -1.287472007974831660e-05
6.066550756875085426e+03 2.060139338074158839e-03 -2.782745216623452847e-06 -5.995242828213856057e-06 -1.291635912426879327e-05
6.058713045929785949e+03 2.062803948843098048e-03 -2.791788258915879859e-06 -6.014725472232085604e-06 -1.295833320839520891e-05
6.050885459285927027e+03 2.065472006053944293e-03 -2.800903104815688047e-06 -6.034362812432926560e-06 -1.300064057534385811e-05
6.043067983865526003e+03 2.068143514164368785e-03 -2.810089887381962995e-06 -6.054155135483489772e-06 -1.304328184272030846e-05
6.035260606607478621e+03 2.070818477637812859e-03 -2.819348542705068487e-06 -6.074102303694637735e-06 -1.308625671388230717e-05
6.027463314467569035e+03 2.073496900943485807e-03 -2.828678178815045969e-06 -6.094202395375346910e-06 -1.312956104867204673e-05
6.019676094418432513e+03 2.076178788556377018e-03 -2.838078462776957481e-06 -6.114454693239038990e-06 -1.317319330174244522e-05
6.011898933449509968e+03 2.078864144957270725e-03 -2.847549109262027103e-06 -6.134858582563501601e-06 -1.321715214871463652e-05
6.004131818567077971e+03 2.081552974632737332e-03 -2.857088766063058473e-06 -6.155411150106641841e-06 -1.326143131319880390e-05
5.996374736794169621e+03 2.084245282075159432e-03 -2.866696535343524209e-06 -6.176110461538300216e-06 -1.330602662780694148e-05
5.988627675170603652e+03 2.086941071782723138e-03 -2.876371795182645682e-06 -6.196955176970776151e-06 -1.335093520583851016e-05
5.980890620752933501e+03 2.089640348259433691e-03 -2.886112712517926069e-06 -6.217941347190636160e-06 -1.339614853897109113e-05
5.973163560614420021e+03 2.092343116015126740e-03 -2.895917944955941863e-06 -6.239066080098924022e-06 -1.344166039636636324e-05
5.965446481845043309e+03 2.095049379565463565e-03 -2.905786441310099645e-06 -6.260327110982775371e-06 -1.348746589884837189e-05
5.957739371551435397e+03 2.097759143431954069e-03 -2.915715929230289162e-06 -6.281719544212282647e-06 -1.353355449910221371e-05
5.950042216856903906e+03 2.100472412141950272e-03 -2.925704607785255958e-06 -6.303239499798682066e-06 -1.357991783794549841e-05
5.942355004901386565e+03 2.103189190228659747e-03 -2.935750968085607427e-06 -6.324883726938317520e-06 -1.362654891173406074e-05
5.934677722841416653e+03 2.105909482231160378e-03 -2.945852435294516291e-06 -6.346646678313411147e-06 -1.367343576913403690e-05
5.927010357850141190e+03 2.108633292694391242e-03 -2.956006777395723701e-06 -6.368523545190702965e-06 -1.372056805004368521e-05
5.919352897117255452e+03 2.111360626169178634e-03 -2.966211935101402828e-06 -6.390509890969063434e-06 -1.376793619609562276e-05
5.911705327849014793e+03 2.114091487212229996e-03 -2.976465243202246506e-06 -6.412599973629105799e-06 -1.381552783648408936e-05
5.904067637268203725e+03 2.116825880386145192e-03 -2.986764071445006695e-06 -6.434788126461988831e-06 -1.386333076265497955e-05
5.896439812614095899e+03 2.119563810259431254e-03 -2.997105889657824149e-06 -6.457068898377686931e-06 -1.391133323059084757e-05
5.888821841142467747e+03 2.122305281406497608e-03 -3.007487929533067636e-06 -6.479436325238205689e-06 -1.395952239094590291e-05
5.881213710125536636e+03 2.125050298407676896e-03 -3.017907355040376833e-06 -6.501884297001355737e-06 -1.400788508003328611e-05
5.873615406851979969e+03 2.127798865849220636e-03 -3.028361298186983043e-06 -6.524406634764025288e-06 -1.405640798580979766e-05
5.866026918626891529e+03 2.130550988323312231e-03 -3.038846873739600916e-06 -6.546997122479533830e-06 -1.410507771620882910e-05
5.858448232771748735e+03 2.133306670428080417e-03 -3.049361196464963735e-06 -6.569649544101247439e-06 -1.415388087916387537e-05
5.850879336624430834e+03 2.136065916767593189e-03 -3.059901240373798573e-06 -6.592357380332900634e-06 -1.420280342927691311e-05
5.843320217539145233e+03 2.138828731951882521e-03 -3.070464055823114245e-06 -6.615114276361311327e-06 -1.425183167551797027e-05
5.835770862886457508e+03 2.141595120596935260e-03 -3.081046850389085146e-06 -6.637914216091720446e-06 -1.430095265660379744e-05
5.828231260053242295e+03 2.144365087324710036e-03 -3.091646459143074287e-06 -6.660750380892078827e-06 -1.435015168223697791e-05
5.820701396442652367e+03 2.147138636763149411e-03 -3.102260004879539638e-06 -6.683616572010960846e-06 -1.439941539761239423e-05
5.813181259474130457e+03 2.149915773546175104e-03 -3.112885049536825511e-06 -6.706507536803754957e-06 -1.444873248625028864e-05
5.805670836583367418e+03 2.152696502313703169e-03 -3.123518437414113245e-06 -6.729416476519148556e-06 -1.449808830068498163e-05
5.798170115222270397e+03 2.155480827711656142e-03 -3.134157368544859379e-06 -6.752337358812088514e-06 -1.454746984462302951e-05
5.790679082858973743e+03 2.158268754391958703e-03 -3.144799713902224410e-06 -6.775265596833295223e-06 -1.459686723599722692e-05
5.783197726977781713e+03 2.161060287012559790e-03 -3.155442646015800348e-06 -6.798195098982437291e-06 -1.464626735085249737e-05
5.775726035079179383e+03 2.163855430237426533e-03 -3.166083505501837634e-06 -6.821120135790909911e-06 -1.469565784542292868e-05
5.768263994679797179e+03 2.166654188736559863e-03 -3.176720486323538206e-06 -6.844036816270385374e-06 -1.474503033682828832e-05
5.760811593312378136e+03 2.169456567186005356e-03 -3.187351327941634999e-06 -6.866940270236647479e-06 -1.479437433257475148e-05
5.753368818525788811e+03 2.172262570267849760e-03 -3.197973333208838364e-06 -6.889824686862012362e-06 -1.484367731361357970e-05
5.745935657884957436e+03 2.175072202670243551e-03 -3.208585398616638552e-06 -6.912687688709465611e-06 -1.489293415791199390e-05
5.738512098970894840e+03 2.177885469087393992e-03 -3.219185547442439834e-06 -6.935525017059272331e-06 -1.494213569033646619e-05
5.731098129380648061e+03 2.180702374219581179e-03 -3.229771482198366300e-06 -6.958331722123855300e-06 -1.499127124689293030e-05
5.723693736727275791e+03 2.183522922773169749e-03 -3.240342476684152798e-06 -6.981106239352166902e-06 -1.504033745685833676e-05
5.716298908639853835e+03 2.186347119460604112e-03 -3.250897071134405219e-06 -7.003845423775010469e-06 -1.508932754460194107e-05
5.708913632763418718e+03 2.189174969000431872e-03 -3.261433392853212289e-06 -7.026545240791344953e-06 -1.513823281783931065e-05
5.701537896758984061e+03 2.192006476117296446e-03 -3.271950995236748650e-06 -7.049204728222398231e-06 -1.518705120361911073e-05
5.694171688303498740e+03 2.194841645541953986e-03 -3.282449032667075818e-06 -7.071822064239547046e-06 -1.523577877693056477e-05
5.686814995089817785e+03 2.197680482011284218e-03 -3.292926036717828507e-06 -7.094394085214094178e-06 -1.528440872194225165e-05
5.679467804826710562e+03 2.200522990268286103e-03 -3.303381849375049792e-06 -7.116920450715286140e-06 -1.533294030521836104e-05
5.672130105238807118e+03 2.203369175062100827e-03 -3.313816120747172809e-06 -7.139400406924592984e-06 -1.538137190270609064e-05
5.664801884066606362e+03 2.206219041148007026e-03 -3.324227886850391026e-06 -7.161831877001865267e-06 -1.542969903998897392e-05
5.657483129066445144e+03 2.209072593287432929e-03 -3.334617208251655151e-06 -7.184214991434640167e-06 -1.547792199819389859e-05
5.650173828010459147e+03 2.211929836247971976e-03 -3.344984139465281457e-06 -7.206549867670449555e-06 -1.552604103035389889e-05
5.642873968686601984e+03 2.214790774803375439e-03 -3.355328244289519513e-06 -7.228835565941114892e-06 -1.557405411179980215e-05
5.635583538898579718e+03 2.217655413733577146e-03 -3.365649734936797058e-06 -7.251072543444449144e-06 -1.562196222753444219e-05
5.628302526465867231e+03 2.220523757824688273e-03 -3.375949005295728784e-06 -7.273261648787747520e-06 -1.566976720582681748e-05
5.621030919223677301e+03 2.223395811869009059e-03 -3.386226082564948777e-06 -7.295402940568693404e-06 -1.571746917292180844e-05
5.613768705022918766e+03 2.226271580665044846e-03 -3.396481381011066185e-06 -7.317497311297639667e-06 -1.576507005167467184e-05
5.606515871730211984e+03 2.229151069017500011e-03 -3.406715471728753515e-06 -7.339545991360760077e-06 -1.581257249287206846e-05
5.599272407227835174e+03 2.232034281737299650e-03 -3.416928766489429410e-06 -7.361549867892679023e-06 -1.585997840778762111e-05
5.592038299413730783e+03 2.234921223641587844e-03 -3.427121884194935266e-06 -7.383510274276999586e-06 -1.590729066910919617e-05
5.584813536201475472e+03 2.237811899553736762e-03 -3.437295600802698212e-06 -7.405428882263318634e-06 -1.595451287851213116e-05
5.577598105520245554e+03 2.240706314303364446e-03 -3.447450500269881674e-06 -7.427306949949204315e-06 -1.600164774648546890e-05
5.570391995314824271e+03 2.243604472726327872e-03 -3.457587367257747213e-06 -7.449146167836100123e-06 -1.604869891510416277e-05
5.563195193545551774e+03 2.246506379664746367e-03 -3.467707146969697020e-06 -7.470948572303006900e-06 -1.609567077161377094e-05
5.556007688188333304e+03 2.249412039966995971e-03 -3.477810653142354870e-06 -7.492715916492331962e-06 -1.614256709304511572e-05
5.548829467234608273e+03 2.252321458487723752e-03 -3.487898731141458996e-06 -7.514450021689349799e-06 -1.618939180323837579e-05
5.541660518691310244e+03 2.255234640087862112e-03 -3.497972351589184240e-06 -7.536152979036142632e-06 -1.623614940742258944e-05
5.534500830580886031e+03 2.258151589634622286e-03 -3.508032467069063099e-06 -7.557826840811720818e-06 -1.628284432709884848e-05
5.527350390941235673e+03 2.261072312001518626e-03 -3.518080073740576008e-06 -7.579473753176624153e-06 -1.632948118602987680e-05
5.520209187825723347e+03 2.263996812068364266e-03 -3.528116142724088707e-06 -7.601095808346256895e-06 -1.637606449175711600e-05
5.513077209303146446e+03 2.266925094721282397e-03 -3.538141703000026926e-06 -7.622695223191743716e-06 -1.642259902038462532e-05
5.505954443457701018e+03 2.269857164852722743e-03 -3.548157784478406681e-06 -7.644274216586950931e-06 -1.646908955233122949e-05
5.498840878388992678e+03 2.272793027361454631e-03 -3.558165348768584737e-06 -7.665834860256434330e-06 -1.651554055099217842e-05
5.491736502211981133e+03 2.275732687152591700e-03 -3.568165422398982718e-06 -7.687379365788638369e-06 -1.656195678109034265e-05
5.484641303056992911e+03 2.278676149137586274e-03 -3.578159113199001622e-06 -7.708910119929650816e-06 -1.660834338471428649e-05
5.477555269069687711e+03 2.281623418234242362e-03 -3.588147338047773066e-06 -7.730429098035682131e-06 -1.665470461763995805e-05
5.470478388411020205e+03 2.284574499366732146e-03 -3.598131110587253762e-06 -7.751938483932125241e-06 -1.670104518477653891e-05
5.463410649257256409e+03 2.287529397465589039e-03 -3.608111550906730550e-06 -7.773440690778201341e-06 -1.674737028511796421e-05
5.456352039799933664e+03 2.290488117467725029e-03 -3.618089525341915588e-06 -7.794937585037615011e-06 -1.679368393983839163e-05
5.449302548245829712e+03 2.293450664316442830e-03 -3.628066001539618281e-06 -7.816431251442223406e-06 -1.683999064035645142e-05
5.442262162816974524e+03 2.296417042961431104e-03 -3.638042077431277203e-06 -7.837924055413602451e-06 -1.688629548281845059e-05
5.435230871750591177e+03 2.299387258358788749e-03 -3.648018582557868515e-06 -7.859417784143613389e-06 -1.693260231761252015e-05
5.428208663299114960e+03 2.302361315471018396e-03 -3.657996425297412340e-06 -7.880914394673368029e-06 -1.697891536105592737e-05
5.421195525730153349e+03 2.305339219267042022e-03 -3.667976644383972160e-06 -7.902416124887570647e-06 -1.702523943452511105e-05
5.414191447326456000e+03 2.308320974722213523e-03 -3.677960043297869496e-06 -7.923924705832098697e-06 -1.707157826744536166e-05
5.407196416385927478e+03 2.311306586818314811e-03 -3.687947456140712153e-06 -7.945441934524387142e-06 -1.711793573137337991e-05
5.400210421221568140e+03 2.314296060543578806e-03 -3.697939853285074266e-06 -7.966969901568777643e-06 -1.716431633037967646e-05
5.393233450161490509e+03 2.317289400892684655e-03 -3.707938011797966055e-06 -7.988510281105388862e-06 -1.721072367128980324e-05
5.386265491548883801e+03 2.320286612866771184e-03 -3.717942676627730001e-06 -8.010064678076775658e-06 -1.725716121184767810e-05
5.379306533741979365e+03 2.323287701473452076e-03 -3.727954753038070964e-06 -8.031635042814463002e-06 -1.730363315391519210e-05
5.372356565114068871e+03 2.326292671726809796e-03 -3.737974972434096223e-06 -8.053222951082990769e-06 -1.735014289237413304e-05
5.365415574053438831e+03 2.329301528647420745e-03 -3.748004016057292575e-06 -8.074829870572647109e-06 -1.739669358926737713e-05
5.358483548963393332e+03 2.332314277262347892e-03 -3.758042695123706021e-06 -8.096457548995426409e-06 -1.744328900992626332e-05
5.351560478262215838e+03 2.335330922605156814e-03 -3.768091721633666946e-06 -8.118107520309535911e-06 -1.748993245916357831e-05
5.344646350383134632e+03 2.338351469715930012e-03 -3.778151695249968205e-06 -8.139781076449300096e-06 -1.753662672036744236e-05
5.337741153774340091e+03 2.341375923641259536e-03 -3.788223341486025672e-06 -8.161479780485992398e-06 -1.758337516107282204e-05
5.330844876898922848e+03 2.344404289434275177e-03 -3.798307335224177590e-06 -8.183205086409529294e-06 -1.763018091380605000e-05
5.323957508234894703e+03 2.347436572154633621e-03 -3.808404210031671046e-06 -8.204958143755704689e-06 -1.767704645516689934e-05
5.317079036275146791e+03 2.350472776868537533e-03 -3.818514622956123852e-06 -8.226740368090691233e-06 -1.772397483490025460e-05
5.310209449527421384e+03 2.353512908648748569e-03 -3.828639186722494245e-06 -8.248553079490398876e-06 -1.777096889702343478e-05
5.303348736514326447e+03 2.356556972574580001e-03 -3.838778402883677916e-06 -8.270397358517785728e-06 -1.781803096953877343e-05
5.296496885773275608e+03 2.359604973731924040e-03 -3.848932834778912863e-06 -8.292274418850446017e-06 -1.786516366723537615e-05
5.289653885856502711e+03 2.362656917213244896e-03 -3.859103085403326703e-06 -8.314185559602001326e-06 -1.791236978896869981e-05
5.282819725331030895e+03 2.365712808117592658e-03 -3.869289570367788928e-06 -8.336131676178925367e-06 -1.795965126383351017e-05
5.275994392778635302e+03 2.368772651550619772e-03 -3.879492789420581370e-06 -8.358113845256256056e-06 -1.800701041145585566e-05
5.269177876795855809e+03 2.371836452624575403e-03 -3.889713312448369490e-06 -8.380133294617594906e-06 -1.805444987701532354e-05
5.262370165993963383e+03 2.374904216458321483e-03 -3.899951498722386927e-06 -8.402190798289343565e-06 -1.810197132810124567e-05
5.255571248998927331e+03 2.377975948177346154e-03 -3.910207802850110628e-06 -8.424287335693630488e-06 -1.814957687481462929e-05
5.248781114451422582e+03 2.381051652913759864e-03 -3.920482747934539262e-06 -8.446424033821695198e-06 -1.819726894518449451e-05
5.241999751006784209e+03 2.384131335806318353e-03 -3.930776649650456947e-06 -8.468601572774248141e-06 -1.824504900444340916e-05
5.235227147335013797e+03 2.387215002000418317e-03 -3.941089895903928711e-06 -8.490820788269568770e-06 -1.829291885309182293e-05
5.228463292120749429e+03 2.390302656648110417e-03 -3.951422990049127642e-06 -8.513082764751350850e-06 -1.834088082749284700e-05
5.221708174063227489e+03 2.393394304908117061e-03 -3.961776197695985657e-06 -8.535388074458844724e-06 -1.838893616049857557e-05
5.214961781876307214e+03 2.396489951945822861e-03 -3.972149898526110802e-06 -8.557737535391278112e-06 -1.843708661443492345e-05
5.208224104288402486e+03 2.399589602933303260e-03 -3.982544490735156638e-06 -8.580132005435183687e-06 -1.848533403756239470e-05
5.201495130042503661e+03 2.402693263049316286e-03 -3.992960264964422814e-06 -8.602572110758253162e-06 -1.853367977891838385e-05
5.194774847896142091e+03 2.405800937479318172e-03 -4.003397528290233299e-06 -8.625058512936378059e-06 -1.858212526382494337e-05
5.188063246621357393e+03 2.408912631415478529e-03 -4.013856659703820244e-06 -8.647592028481411490e-06 -1.863067225140354049e-05
5.181360315004711083e+03 2.412028350056674274e-03 -4.024337915623681532e-06 -8.670173209830264369e-06 -1.867932193184340518e-05
5.174666041847232009e+03 2.415148098608514791e-03 -4.034841575765697918e-06 -8.692802659612528093e-06 -1.872807560347065217e-05
5.167980415964427266e+03 2.418271882283336716e-03 -4.045367961132721998e-06 -8.715481069407888365e-06 -1.877693475624853475e-05
5.161303426186252182e+03 2.421399706300217825e-03 -4.055917338083093505e-06 -8.738209013067990507e-06 -1.882590062650294781e-05
5.154635061357078484e+03 2.424531575884993073e-03 -4.066489934530103776e-06 -8.760986981617137779e-06 -1.887497427211368831e-05
5.147975310335705217e+03 2.427667496270247225e-03 -4.077086052740264564e-06 -8.783815626268788341e-06 -1.892415709607761216e-05
5.141324161995303257e+03 2.430807472695343044e-03 -4.087705924741184902e-06 -8.806695446911269064e-06 -1.897345017537148398e-05
5.134681605223432598e+03 2.433951510406411750e-03 -4.098349757959795241e-06 -8.829626890432357858e-06 -1.902285447278582003e-05
5.128047628922008698e+03 2.437099614656370802e-03 -4.109017828858141619e-06 -8.852610552451472699e-06 -1.907237127154377164e-05
5.121422222007264281e+03 2.440251790704939076e-03 -4.119710356865360626e-06 -8.875646905714364282e-06 -1.912200159014517477e-05
5.114805373409772983e+03 2.443408043818628191e-03 -4.130427535525085802e-06 -8.898736367198144219e-06 -1.917174632693998326e-05
5.108197072074384778e+03 2.446568379270771566e-03 -4.141169575278172089e-06 -8.921879390283895864e-06 -1.922160645870813674e-05
5.101597306960246897e+03 2.449732802341516181e-03 -4.151936713166654250e-06 -8.945076485663197422e-06 -1.927158308570127955e-05
5.095006067040766538e+03 2.452901318317838621e-03 -4.162729117084267529e-06 -8.968328015052139799e-06 -1.932167698721311822e-05
5.088423341303582674e+03 2.456073932493559389e-03 -4.173546984357918971e-06 -8.991634403578654779e-06 -1.937188907915400230e-05
5.081849118750574235e+03 2.459250650169338571e-03 -4.184390512314485977e-06 -9.014996076370613163e-06 -1.942222027743416952e-05
5.075283388397813724e+03 2.462431476652700117e-03 -4.195259888286317105e-06 -9.038413437023325674e-06 -1.947267145157335726e-05
5.068726139275570858e+03 2.465616417258026643e-03 -4.206155275173999339e-06 -9.061886836495468224e-06 -1.952324335768911907e-05
5.062177360428288011e+03 2.468805477306574171e-03 -4.217076852675483499e-06 -9.085416661934537017e-06 -1.957393682986544362e-05
5.055637040914544741e+03 2.471998662126488611e-03 -4.228024782781556784e-06 -9.109003262339105962e-06 -1.962475261999696783e-05
5.049105169807073253e+03 2.475195977052797088e-03 -4.238999227482977593e-06 -9.132646986707681206e-06 -1.967569147997817952e-05
5.042581736192701101e+03 2.478397427427437866e-03 -4.250000359074492417e-06 -9.156348206238048936e-06 -1.972675420953046537e-05
5.036066729172368468e+03 2.481603018599249939e-03 -4.261028318964789975e-06 -9.180107225585984855e-06 -1.977794146501479761e-05
5.029560137861092699e+03 2.484812755923992110e-03 -4.272083258258036917e-06 -9.203924370295552852e-06 -1.982925394779459902e-05
5.023061951387939189e+03 2.488026644764356442e-03 -4.283165330216425539e-06 -9.227799970560134922e-06 -1.988069236924995163e-05
5.016572158896033216e+03 2.491244690489962180e-03 -4.294274688102121036e-06 -9.251734356573055462e-06 -1.993225744076080195e-05
5.010090749542507183e+03 2.494466898477382642e-03 -4.305411452348670032e-06 -9.275727787800528380e-06 -1.998394972133016206e-05
5.003617712498512446e+03 2.497693274110138282e-03 -4.316575777411358167e-06 -9.299780597006375736e-06 -2.003576992787595441e-05
4.997153036949187481e+03 2.500923822778714032e-03 -4.327767794068201556e-06 -9.323893065943293518e-06 -2.008771866741596859e-05
4.990696712093628776e+03 2.504158549880571884e-03 -4.338987632083843037e-06 -9.348065474180729966e-06 -2.013979654226431178e-05
4.984248727144903569e+03 2.507397460820146983e-03 -4.350235421222889873e-06 -9.372298101288057087e-06 -2.019200415473494889e-05
4.977809071329991639e+03 2.510640561008873652e-03 -4.361511291249982360e-06 -9.396591226834714649e-06 -2.024434210714196679e-05
4.971377733889806223e+03 2.513887855865178447e-03 -4.372815367977998037e-06 -9.420945121876334749e-06 -2.029681098345702842e-05
4.964954704079155817e+03 2.517139350814496211e-03 -4.384147767853208915e-06 -9.445360037288802663e-06 -2.034941132417584185e-05
4.958539971166717805e+03 2.520395051289285246e-03 -4.395508617531585929e-06 -9.469836245944134717e-06 -2.040214371718334870e-05
4.952133524435042091e+03 2.523654962729025147e-03 -4.406898031772108072e-06 -9.494373995083060794e-06 -2.045500869514354977e-05
4.945735353180523816e+03 2.526919090580229382e-03 -4.418316125333759416e-06 -9.518973531946310775e-06 -2.050800679072045600e-05
4.939345446713374258e+03 2.530187440296463499e-03 -4.429763012975540977e-06 -9.543635103774661979e-06 -2.056113853657816646e-05
4.932963794357625375e+03 2.533460017338337762e-03 -4.441238809456426666e-06 -9.568358957808827347e-06 -2.061440446538065824e-05
4.926590385451086149e+03 2.536736827173534034e-03 -4.452743629535419190e-06 -9.593145341289585891e-06 -2.066780510979204053e-05
4.920225209345350777e+03 2.540017875276799272e-03 -4.464277579975045734e-06 -9.617994484229825416e-06 -2.072134096536004530e-05
4.913868255405767741e+03 2.543303167129962010e-03 -4.475840770299504785e-06 -9.642906622592279446e-06 -2.077501254045099454e-05
4.907519513011409799e+03 2.546592708221947533e-03 -4.487433305397217391e-06 -9.667881982352205910e-06 -2.082882032191380188e-05
4.901178971555084900e+03 2.549886504048771811e-03 -4.499055288736073598e-06 -9.692920786424409030e-06 -2.088276479000387322e-05
4.894846620443289794e+03 2.553184560113567949e-03 -4.510706823783994789e-06 -9.718023257723772652e-06 -2.093684642497674998e-05
4.888522449096215496e+03 2.556486881926580117e-03 -4.522388014008878633e-06 -9.743189619165124716e-06 -2.099106570708788208e-05
4.882206446947718177e+03 2.559793475005180466e-03 -4.534098962878624493e-06 -9.768420093663293162e-06 -2.104542311659270254e-05
4.875898603445291883e+03 2.563104344873883000e-03 -4.545839773861152058e-06 -9.793714904133160140e-06 -2.109991913374676293e-05
4.869598908050079444e+03 2.566419497064338379e-03 -4.557610550424352220e-06 -9.819074273489529874e-06 -2.115455423880546236e-05
4.863307350236816092e+03 2.569738937115362103e-03 -4.569411389795020414e-06 -9.844498411201192130e-06 -2.120932888305561217e-05
4.857023919493851281e+03 2.573062670572925405e-03 -4.581242382100522559e-06 -9.869987511441666336e-06 -2.126424348483138934e-05
4.850748605323109587e+03 2.576390702990173469e-03 -4.593103634091069980e-06 -9.895541804197311223e-06 -2.131929853962338158e-05
4.844481397240064325e+03 2.579723039927440606e-03 -4.604995239862927676e-06 -9.921161492192384529e-06 -2.137449448418776008e-05
4.838222284773747560e+03 2.583059686952244183e-03 -4.616917293512325919e-06 -9.946846778151071145e-06 -2.142983175528054355e-05
4.831971257466703719e+03 2.586400649639311079e-03 -4.628869889135532251e-06 -9.972597864797630503e-06 -2.148531078965790659e-05
4.825728304874994137e+03 2.589745933570572912e-03 -4.640853120828785413e-06 -9.998414954856262740e-06 -2.154093202407590178e-05
4.819493416568173416e+03 2.593095544335179917e-03 -4.652867082688325843e-06 -1.002429825105117816e-05 -2.159669589529059866e-05
4.813266582129258495e+03 2.596449487529518298e-03 -4.664911868810421080e-06 -1.005024795610663280e-05 -2.165260284005816505e-05
4.807047791154732295e+03 2.599807768757206750e-03 -4.676987573291308174e-06 -1.007626427274683020e-05 -2.170865329513466371e-05
4.800837033254515518e+03 2.603170393629111214e-03 -4.689094290227230101e-06 -1.010234740369597726e-05 -2.176484769727614723e-05
4.794634298051940277e+03 2.606537367763361347e-03 -4.701232113714451015e-06 -1.012849755167832834e-05 -2.182118648323879358e-05
4.788439575183759189e+03 2.609908696785344893e-03 -4.713401137849202035e-06 -1.015471491941807340e-05 -2.187767008977862149e-05
4.782252854300092622e+03 2.613284386327734132e-03 -4.725601456727749854e-06 -1.018099970963946680e-05 -2.193429895365180213e-05
4.776074125064445070e+03 2.616664442030480243e-03 -4.737833148234053148e-06 -1.020735209013841571e-05 -2.199107343636365583e-05
4.769903377153672409e+03 2.620048869540828485e-03 -4.750096308754189883e-06 -1.023377226857242481e-05 -2.204799398529872328e-05
4.763740600257951883e+03 2.623437674513336409e-03 -4.762391030689060662e-06 -1.026026044401321024e-05 -2.210506102934399903e-05
4.757585784080796657e+03 2.626830862609865185e-03 -4.774717403614130146e-06 -1.028681680944524690e-05 -2.216227498427194106e-05
4.751438918339002157e+03 2.630228439499608228e-03 -4.787075517104889253e-06 -1.031344155785308933e-05 -2.221963626585516996e-05
4.745299992762661532e+03 2.633630410859085121e-03 -4.799465460736807727e-06 -1.034013488222123443e-05 -2.227714528986617418e-05
4.739168997095131090e+03 2.637036782372157231e-03 -4.811887324085354462e-06 -1.036689697553418084e-05 -2.233480247207745575e-05
4.733045921093005745e+03 2.640447559730045059e-03 -4.824341196726022072e-06 -1.039372803077647462e-05 -2.239260822826161153e-05
4.726930754526129022e+03 2.643862748631319558e-03 -4.836827168234273522e-06 -1.042062824093260082e-05 -2.245056297419111983e-05
4.720823487177540301e+03 2.647282354781933366e-03 -4.849345328185601425e-06 -1.044759779898710889e-05 -2.250866712563858092e-05
4.714724108843493013e+03 2.650706383895210828e-03 -4.861895766155473830e-06 -1.047463689792449407e-05 -2.256692109837649002e-05
4.708632609333417349e+03 2.654134841691866212e-03 -4.874478571719358786e-06 -1.050174573072925497e-05 -2.262532530817733899e-05
4.702548978469894791e+03 2.657567733900021486e-03 -4.887093834452752292e-06 -1.052892449038594443e-05 -2.268388017081374842e-05
4.696473206088674488e+03 2.661005066255195482e-03 -4.899741643931113081e-06 -1.055617336987903904e-05 -2.274258610205816950e-05
4.690405282038613223e+03 2.664446844500337717e-03 -4.912422089729936306e-06 -1.058349256219309333e-05 -2.280144351768321944e-05
4.684345196181696338e+03 2.667893074385815824e-03 -4.925135258294571238e-06 -1.061088225356896497e-05 -2.286045281893267102e-05
4.678292938393002260e+03 2.671343761669437659e-03 -4.937881236842897619e-06 -1.063834263191188054e-05 -2.291961441063604835e-05
4.672248498560678854e+03 2.674798912116463454e-03 -4.950660115527249358e-06 -1.066587389144915793e-05 -2.297892871124342624e-05
4.666211866585949792e+03 2.678258531499601476e-03 -4.963471983569449777e-06 -1.069347622440338623e-05 -2.303839613488582462e-05
4.660183032383068166e+03 2.681722625599036215e-03 -4.976316930191363704e-06 -1.072114982299724432e-05 -2.309801709569445313e-05
4.654161985879327403e+03 2.685191200202421448e-03 -4.989195044614824625e-06 -1.074889487945334841e-05 -2.315779200780037576e-05
4.648148717015033981e+03 2.688664261104895415e-03 -5.002106416061664334e-06 -1.077671158599430961e-05 -2.321772128533465985e-05
4.642143215743473775e+03 2.692141814109100771e-03 -5.015051133753747659e-06 -1.080460013484280173e-05 -2.327780534242849812e-05
4.636145472030928431e+03 2.695623865025174610e-03 -5.028029286912898768e-06 -1.083256071822142401e-05 -2.333804459321293083e-05
4.630155475856624435e+03 2.699110419670779255e-03 -5.041040964760979102e-06 -1.086059352835284689e-05 -2.339843945181914052e-05
4.624173217212743111e+03 2.702601483871093589e-03 -5.054086256519822147e-06 -1.088869875745968486e-05 -2.345899033237821150e-05
4.618198686104396074e+03 2.706097063458831695e-03 -5.067165251411262238e-06 -1.091687659776455243e-05 -2.351969764902119757e-05
4.612231872549591571e+03 2.709597164274258480e-03 -5.080278038657162509e-06 -1.094512724149012679e-05 -2.358056181587930839e-05
4.606272766579247218e+03 2.713101792165183591e-03 -5.093424707479346280e-06 -1.097345088085900212e-05 -2.364158324708356387e-05
4.600321358237145432e+03 2.716610952986989614e-03 -5.106605347099677534e-06 -1.100184770809385221e-05 -2.370276235676517030e-05
4.594377637579937982e+03 2.720124652602624697e-03 -5.119820046739988064e-06 -1.103031791541728989e-05 -2.376409955905518147e-05
4.588441594677123248e+03 2.723642896882622066e-03 -5.133068895622113897e-06 -1.105886169505193135e-05 -2.382559526808468168e-05
4.582513219611014392e+03 2.727165691705112603e-03 -5.146351982967916472e-06 -1.108747923922045039e-05 -2.388724989798485688e-05
4.576592502476751179e+03 2.730693042955823109e-03 -5.159669406682194513e-06 -1.111617075885234849e-05 -2.394906390318954733e-05
4.570679433382251773e+03 2.734224956528100593e-03 -5.173021250362458173e-06 -1.114493643405299000e-05 -2.401103767172399730e-05
4.564774002448227293e+03 2.737761438322907932e-03 -5.186407605171549125e-06 -1.117377646122676905e-05 -2.407317162672865200e-05
4.558876199808146339e+03 2.741302494248841221e-03 -5.199828562435395919e-06 -1.120269103712943755e-05 -2.413546619210091949e-05
4.552986015608212256e+03 2.744848130222145386e-03 -5.213284213479957597e-06 -1.123168035851680156e-05 -2.419792179173833996e-05
4.547103440007373138e+03 2.748398352166707675e-03 -5.226774649631150851e-06 -1.126074462214459435e-05 -2.426053884953828759e-05
4.541228463177273625e+03 2.751953166014087151e-03 -5.240299962214933877e-06 -1.128988402476862371e-05 -2.432331778939830598e-05
4.535361075302263998e+03 2.755512577703508187e-03 -5.253860242557237765e-06 -1.131909876314463981e-05 -2.438625903521579979e-05
4.529501266579376534e+03 2.759076593181875644e-03 -5.267455581983988524e-06 -1.134838903402838945e-05 -2.444936301088818047e-05
4.523649027218292758e+03 2.762645218403795254e-03 -5.281086071821145196e-06 -1.137775503417568721e-05 -2.451263014031300176e-05
4.517804347441357095e+03 2.766218459331563212e-03 -5.294751803394626168e-06 -1.140719696034225786e-05 -2.457606084738761415e-05
4.511967217483527747e+03 2.769796321935197835e-03 -5.308452868030388788e-06 -1.143671500928391257e-05 -2.463965555600958153e-05
4.506137627592390345e+03 2.773378812192432187e-03 -5.322189357054360759e-06 -1.146630937775640322e-05 -2.470341469007629503e-05
4.500315568028126108e+03 2.776965936088730564e-03 -5.335961361792474865e-06 -1.149598026251547662e-05 -2.476733867348518303e-05
4.494501029063486385e+03 2.780557699617306269e-03 -5.349768973570683373e-06 -1.152572786031694393e-05 -2.483142793013377896e-05
4.488694000983804472e+03 2.784154108779114244e-03 -5.363612293046691212e-06 -1.155555238802124828e-05 -2.489568292723375053e-05
4.482894474086945593e+03 2.787755169582881859e-03 -5.377491408252829102e-06 -1.158545403528830089e-05 -2.496010407339498073e-05
4.477102438683320543e+03 2.791360888045099804e-03 -5.391406411769711781e-06 -1.161543300157698652e-05 -2.502469179833862554e-05
4.471317885095853853e+03 2.794971270190041608e-03 -5.405357397810958123e-06 -1.164548948986440053e-05 -2.508944653936556949e-05
4.465540803659962876e+03 2.798586322049778814e-03 -5.419344460590217494e-06 -1.167562370312769083e-05 -2.515436873377681907e-05
4.459771184723561419e+03 2.802206049664176645e-03 -5.433367694321098603e-06 -1.170583584434392567e-05 -2.521945881887321475e-05
4.454009018647016092e+03 2.805830459080920890e-03 -5.447427193217248278e-06 -1.173612611649025466e-05 -2.528471723195577659e-05
4.448254295803159039e+03 2.809459556355512269e-03 -5.461523051492286239e-06 -1.176649472254377147e-05 -2.535014441032538233e-05
4.442507006577255197e+03 2.813093347551284644e-03 -5.475655363359831360e-06 -1.179694186548156132e-05 -2.541574079128291311e-05
4.436767141366980468e+03 2.816731838739421068e-03 -5.489824223033532161e-06 -1.182746774828077379e-05 -2.548150681212939237e-05
4.431034690582425355e+03 2.820375035998949013e-03 -5.504029724727007516e-06 -1.185807257391850257e-05 -2.554744291016569106e-05
4.425309644646066772e+03 2.824022945416760320e-03 -5.518271962653874605e-06 -1.188875654537183287e-05 -2.561354952269269373e-05
4.419591993992742573e+03 2.827675573087625946e-03 -5.532551031027782794e-06 -1.191951986561791766e-05 -2.567982708701141702e-05
4.413881729069662470e+03 2.831332925114189887e-03 -5.546867024062339946e-06 -1.195036273763382353e-05 -2.574627604042270141e-05
4.408178840336358917e+03 2.834995007606999975e-03 -5.561220041549274152e-06 -1.198128537641431035e-05 -2.581289684611870109e-05
4.402483318264701666e+03 2.838661826684499637e-03 -5.575610180818860321e-06 -1.201228799165109677e-05 -2.587968995586654926e-05
4.396795153338866839e+03 2.842333388473045671e-03 -5.590037536196407090e-06 -1.204337078656189993e-05 -2.594665580748552818e-05
4.391114336055311469e+03 2.846009699106927335e-03 -5.604502204394642212e-06 -1.207453396950797842e-05 -2.601379484987637430e-05
4.385440856922784405e+03 2.849690764728357237e-03 -5.619004282126258709e-06 -1.210577774885051294e-05 -2.608110753193962757e-05
4.379774706462279028e+03 2.853376591487502122e-03 -5.633543866103986027e-06 -1.213710233295076040e-05 -2.614859430257602445e-05
4.374115875207044155e+03 2.857067185542476809e-03 -5.648121053040526506e-06 -1.216850793016992350e-05 -2.621625561068615572e-05
4.368464353702558583e+03 2.860762553059360228e-03 -5.662735939648579946e-06 -1.219999474886919650e-05 -2.628409190517061214e-05
4.362820132506501977e+03 2.864462700212214944e-03 -5.677388623814900725e-06 -1.223156299993919696e-05 -2.635210364037946244e-05
4.357183202188760333e+03 2.868167633183081513e-03 -5.692079204175858066e-06 -1.226321289588554462e-05 -2.642029127414217323e-05
4.351553553331405055e+03 2.871877358161994964e-03 -5.706807778518107382e-06 -1.229494464738319906e-05 -2.648865526034418854e-05
4.345931176528658398e+03 2.875591881347006485e-03 -5.721574445525982828e-06 -1.232675846704111634e-05 -2.655719605703762607e-05
4.340316062386908015e+03 2.879311208944171710e-03 -5.736379303883782139e-06 -1.235865456746816610e-05 -2.662591412227440022e-05
4.334708201524662400e+03 2.883035347167584982e-03 -5.751222452275837774e-06 -1.239063316127330610e-05 -2.669480991410662870e-05
4.329107584572557244e+03 2.886764302239369379e-03 -5.766103989386459326e-06 -1.242269446106542462e-05 -2.676388389058628688e-05
4.323514202173333615e+03 2.890498080389696228e-03 -5.781024013956252736e-06 -1.245483867957471522e-05 -2.683313651002666660e-05
4.317928044981806124e+03 2.894236687856802884e-03 -5.795982628552019154e-06 -1.248706603777465037e-05 -2.690256824850068769e-05
4.312349103664878385e+03 2.897980130886984064e-03 -5.810979927833504625e-06 -1.251937673960347407e-05 -2.697217954537998289e-05
4.306777368901492082e+03 2.901728415734625231e-03 -5.826016013260987113e-06 -1.255177100365072522e-05 -2.704197087160143355e-05
4.301212831382644254e+03 2.905481548662192191e-03 -5.841090986294711546e-06 -1.258424904850587495e-05 -2.711194269810178548e-05
4.295655481811352729e+03 2.909239535940251909e-03 -5.856204948394925398e-06 -1.261681109275840456e-05 -2.718209549581778112e-05
4.290105310902636120e+03 2.913002383847489423e-03 -5.871358001021902395e-06 -1.264945735499784109e-05 -2.725242973568630181e-05
4.284562309383520187e+03 2.916770098670699168e-03 -5.886550245635879844e-06 -1.268218805381364552e-05 -2.732294588864405608e-05
4.279026467992996004e+03 2.920542686704818373e-03 -5.901781783697133170e-06 -1.271500340779534826e-05 -2.739364442562791852e-05
4.273497777482028141e+03 2.924320154252918382e-03 -5.917052716665907300e-06 -1.274790363553242893e-05 -2.746452581757463155e-05
4.267976228613525564e+03 2.928102507626222876e-03 -5.932363146002449707e-06 -1.278088895561435528e-05 -2.753559053542094099e-05
4.262461812162322531e+03 2.931889753144126080e-03 -5.947713173167034118e-06 -1.281395958663066959e-05 -2.760683905010373156e-05
4.256954518915181325e+03 2.935681897134186265e-03 -5.963102899619897841e-06 -1.284711574717082097e-05 -2.767827183255969827e-05
4.251454339670751324e+03 2.939478945932155231e-03 -5.978532426821315451e-06 -1.288035765582434663e-05 -2.774988935372572584e-05
4.245961265239581735e+03 2.943280905881971807e-03 -5.994001856231536961e-06 -1.291368553118072448e-05 -2.782169208453856349e-05
4.240475286444086123e+03 2.947087783335781367e-03 -6.009511289310801370e-06 -1.294709959182942058e-05 -2.789368049593494685e-05
4.234996394118528769e+03 2.950899584653951004e-03 -6.025060837431729569e-06 -1.298060007771547013e-05 -2.796585510486077433e-05
4.229524579109022852e+03 2.954716316205066064e-03 -6.040650602841756557e-06 -1.301418720912428888e-05 -2.803821638590659032e-05
4.224059832273494976e+03 2.958537984365958336e-03 -6.056280687232825503e-06 -1.304786120514453498e-05 -2.811076481108460483e-05
4.218602144481690630e+03 2.962364595521699978e-03 -6.071951195620353953e-06 -1.308162229202506138e-05 -2.818350086783319189e-05
4.213151506615148719e+03 2.966196156065621301e-03 -6.087662233019760298e-06 -1.311547069601473122e-05 -2.825642504359074587e-05
4.207707909567176102e+03 2.970032672399330279e-03 -6.103413904446490884e-06 -1.314940664336246181e-05 -2.832953782579580003e-05
4.202271344242860323e+03 2.973874150932703450e-03 -6.119206314915952242e-06 -1.318343036031709427e-05 -2.840283970188668436e-05
4.196841801559017767e+03 2.977720598083920169e-03 -6.135039569443595802e-06 -1.321754207312755270e-05 -2.847633115930193893e-05
4.191419272444212766e+03 2.981572020279451337e-03 -6.150913773044834871e-06 -1.325174200804269345e-05 -2.855001268547994792e-05
4.186003747838726667e+03 2.985428423954081083e-03 -6.166829030735087843e-06 -1.328603039131136948e-05 -2.862388476785909891e-05
4.180595218694531468e+03 2.989289815550923678e-03 -6.182785447529803602e-06 -1.332040744918251337e-05 -2.869794789387792181e-05
4.175193675975303449e+03 2.993156201521416596e-03 -6.198783128673193459e-06 -1.335487340839790042e-05 -2.877220255203677684e-05
4.169799110656374069e+03 2.997027588325353042e-03 -6.214822186436207564e-06 -1.338942851083796160e-05 -2.884664926345124807e-05
4.164411513724747238e+03 3.000903982430871975e-03 -6.230902726188144512e-06 -1.342407298351397268e-05 -2.892128851720230973e-05
4.159030876179065672e+03 3.004785390314479790e-03 -6.247024856458825072e-06 -1.345880706024634131e-05 -2.899612081704075383e-05
4.153657189029589972e+03 3.008671818461066804e-03 -6.263188685778103051e-06 -1.349363097485554625e-05 -2.907114666671753165e-05
4.148290443298208629e+03 3.012563273363900312e-03 -6.279394322675783972e-06 -1.352854496116197312e-05 -2.914636656998339457e-05
4.142930630018391639e+03 3.016459761524657116e-03 -6.295641875681723335e-06 -1.356354925298610069e-05 -2.922178103058929046e-05
4.137577740235203237e+03 3.020361289453415282e-03 -6.311931453325741063e-06 -1.359864408414833660e-05 -2.929739055228603169e-05
4.132231765005274610e+03 3.024267863668672791e-03 -6.328263164137655386e-06 -1.363382968846909524e-05 -2.937319563882440689e-05
4.126892695396779345e+03 3.028179490697367054e-03 -6.344637104634528598e-06 -1.366910627388807880e-05 -2.944919673819694009e-05
4.121560522489440700e+03 3.032096177074867106e-03 -6.361053371972677063e-06 -1.370447404972222097e-05 -2.952539430136328461e-05
4.116235237374493408e+03 3.036017929345004827e-03 -6.377512092866033334e-06 -1.373993328896842293e-05 -2.960178891647744038e-05
4.110916831154690044e+03 3.039944754060068446e-03 -6.394013378326754113e-06 -1.377548423079511601e-05 -2.967838109881217854e-05
4.105605294944274647e+03 3.043876657780820744e-03 -6.410557339366989326e-06 -1.381112711437073668e-05 -2.975517136364025668e-05
4.100300619868959075e+03 3.047813647076519014e-03 -6.427144086998926168e-06 -1.384686217886378573e-05 -2.983216022623460858e-05
4.095002797065933919e+03 3.051755728524905512e-03 -6.443773732234707788e-06 -1.388268966344267590e-05 -2.990934820186795458e-05
4.089711817683823028e+03 3.055702908712241723e-03 -6.460446384768431389e-06 -1.391860980443617751e-05 -2.998673579969519078e-05
4.084427672882694424e+03 3.059655194233300117e-03 -6.477162154553507382e-06 -1.395462283873173337e-05 -3.006432353007484711e-05
4.079150353834036650e+03 3.063612591691381500e-03 -6.493921153779469111e-06 -1.399072900803436405e-05 -3.014211191374459883e-05
4.073879851720729221e+03 3.067575107698337130e-03 -6.510723495271942021e-06 -1.402692855541950645e-05 -3.022010147439460024e-05
4.068616157737057620e+03 3.071542748874558307e-03 -6.527569288788598219e-06 -1.406322171735290801e-05 -3.029829272147486726e-05
4.063359263088666467e+03 3.075515521849010638e-03 -6.544458646437727037e-06 -1.409960873536454318e-05 -3.037668617534594899e-05
4.058109158992570428e+03 3.079493433259225792e-03 -6.561391681797886590e-06 -1.413608985415200673e-05 -3.045528236319283732e-05
4.052865836677132847e+03 3.083476489751319286e-03 -6.578368508447631598e-06 -1.417266531841287650e-05 -3.053408181220047671e-05
4.047629287382032999e+03 3.087464697980012163e-03 -6.595389239965555751e-06 -1.420933537284481165e-05 -3.061308504955399459e-05
4.042399502358282916e+03 3.091458064608621457e-03 -6.612453989930203608e-06 -1.424610026214536966e-05 -3.069229260243829476e-05
4.037176472868181008e+03 3.095456596309093585e-03 -6.629562871920169702e-06 -1.428296023101221308e-05 -3.077170499803851819e-05
4.031960190185322972e+03 3.099460299761996537e-03 -6.646715999514008757e-06 -1.431991552414292483e-05 -3.085132276353962289e-05
4.026750645594578600e+03 3.103469181656538095e-03 -6.663913486290279733e-06 -1.435696638623508613e-05 -3.093114642612656011e-05
4.021547830392062224e+03 3.107483248690587514e-03 -6.681155445827574622e-06 -1.439411306198636289e-05 -3.101117651298447759e-05
4.016351735885142716e+03 3.111502507570668586e-03 -6.698441991704449842e-06 -1.443135579609432958e-05 -3.109141355129831303e-05
4.011162353392419391e+03 3.115526965011978285e-03 -6.715773241045871870e-06 -1.446869484089707902e-05 -3.117185808471401200e-05
4.005979674243691989e+03 3.119556627738408888e-03 -6.733149311443594336e-06 -1.450613044973837104e-05 -3.125251065904415584e-05
4.000803689779977049e+03 3.123591502482537131e-03 -6.750570316103338554e-06 -1.454366286651253027e-05 -3.133337179974313971e-05
3.995634391353460614e+03 3.127631595985659770e-03 -6.768036372106353935e-06 -1.458129234346346796e-05 -3.141444205025399400e-05
3.990471770327509603e+03 3.131676914997784476e-03 -6.785547596533861941e-06 -1.461901913283502252e-05 -3.149572195401959999e-05
3.985315818076648156e+03 3.135727466277648482e-03 -6.803104106467076410e-06 -1.465684348687102896e-05 -3.157721205448281866e-05
3.980166525986531724e+03 3.139783256592740702e-03 -6.820706018987250142e-06 -1.469476565781539853e-05 -3.165891289508668716e-05
3.975023885453956609e+03 3.143844292719290452e-03 -6.838353451175591893e-06 -1.473278589791194593e-05 -3.174082501927403258e-05
3.969887887886819954e+03 3.147910581442303450e-03 -6.856046520113351075e-06 -1.477090445940458071e-05 -3.182294897048787853e-05
3.964758524704125648e+03 3.151982129555553572e-03 -6.873785342881746609e-06 -1.480912159453713959e-05 -3.190528529217109951e-05
3.959635787335963414e+03 3.156058943861600637e-03 -6.891570036561994873e-06 -1.484743755555345757e-05 -3.198783452776655651e-05
3.954519667223482884e+03 3.160141031171812085e-03 -6.909400718235350362e-06 -1.488585259469744931e-05 -3.207059722071730701e-05
3.949410155818899966e+03 3.164228398306356046e-03 -6.927277510197236376e-06 -1.492436697544661924e-05 -3.215357393866841661e-05
3.944307244585470471e+03 3.168321052094223451e-03 -6.945200531885704588e-06 -1.496298095512245151e-05 -3.223676523600221746e-05
3.939210924997469647e+03 3.172418999373244949e-03 -6.963169900854876647e-06 -1.500169478698761778e-05 -3.232017165835659203e-05
3.934121188540197181e+03 3.176522246990084834e-03 -6.981185737804057461e-06 -1.504050873108089064e-05 -3.240379376596809664e-05
3.929038026709939459e+03 3.180630801800273574e-03 -6.999248163432601065e-06 -1.507942304744114434e-05 -3.248763211907350443e-05
3.923961431013976835e+03 3.184744670668201300e-03 -7.017357298439825919e-06 -1.511843799610718200e-05 -3.257168727790942593e-05
3.918891392970561355e+03 3.188863860467135158e-03 -7.035513263525047941e-06 -1.515755383711779146e-05 -3.265595980271245811e-05
3.913827904108889015e+03 3.192988378079241862e-03 -7.053716179387622014e-06 -1.519677083051185374e-05 -3.274045025371937411e-05
3.908770955969113402e+03 3.197118230395578145e-03 -7.071966166726855587e-06 -1.523608923632814145e-05 -3.282515919116673703e-05
3.903720540102301584e+03 3.201253424316124595e-03 -7.090263346242100152e-06 -1.527550931460552376e-05 -3.291008717529130646e-05
3.898676648070444116e+03 3.205393966749778278e-03 -7.108607838632675865e-06 -1.531503132538280715e-05 -3.299523476632969292e-05
3.893639271446432303e+03 3.209539864614372254e-03 -7.126999764597897798e-06 -1.535465552869877948e-05 -3.308060252451850016e-05
3.888608401814033186e+03 3.213691124836695091e-03 -7.145439253066509240e-06 -1.539438220232199531e-05 -3.316619104829193320e-05
3.883584030767897275e+03 3.217847754352484366e-03 -7.163926423765705034e-06 -1.543421160419688743e-05 -3.325200089337442417e-05
3.878566149913520348e+03 3.222009760106458749e-03 -7.182461400237513972e-06 -1.547414400048667649e-05 -3.333803263319724949e-05
3.873554750867252551e+03 3.226177149052311070e-03 -7.201044306186545199e-06 -1.551417965770486847e-05 -3.342428684194634450e-05
3.868549825256271561e+03 3.230349928152728700e-03 -7.219675265317403623e-06 -1.555431884236495584e-05 -3.351076409380763778e-05
3.863551364718561672e+03 3.234528104379412201e-03 -7.238354401334739894e-06 -1.559456182098052930e-05 -3.359746496296723406e-05
3.858559360902923345e+03 3.238711684713068382e-03 -7.257081837943150452e-06 -1.563490886006506099e-05 -3.368439002361102127e-05
3.853573805468928185e+03 3.242900676143445435e-03 -7.275857700362081550e-06 -1.567536022939567484e-05 -3.377153985695618234e-05
3.848594690086934406e+03 3.247095085669321653e-03 -7.294682114019538438e-06 -1.571591619919880854e-05 -3.385891504518794367e-05
3.843622006438058179e+03 3.251294920298529716e-03 -7.313555204282579804e-06 -1.575657703956960962e-05 -3.394651617020864301e-05
3.838655746214153169e+03 3.255500187047973178e-03 -7.332477097303314798e-06 -1.579734302229455055e-05 -3.403434381756450638e-05
3.833695901117816447e+03 3.259710892943620819e-03 -7.351447919233797514e-06 -1.583821441916000213e-05 -3.412239857280148877e-05
3.828742462862350749e+03 3.263927045020540482e-03 -7.370467796226139646e-06 -1.587919150195244358e-05 -3.421068102146582977e-05
3.823795423171774019e+03 3.268148650322889957e-03 -7.389536854432408841e-06 -1.592027454245826604e-05 -3.429919174910356567e-05
3.818854773780793039e+03 3.272375715903938671e-03 -7.408655220004674438e-06 -1.596146381246386404e-05 -3.438793134126071245e-05
3.813920506434781601e+03 3.276608248826087203e-03 -7.427823024583088098e-06 -1.600275959557935485e-05 -3.447690040895675165e-05
3.808992612889790962e+03 3.280846256160859040e-03 -7.447040389205014049e-06 -1.604416215257182049e-05 -3.456609951399735117e-05
3.804071084912506649e+03 3.285089744988935710e-03 -7.466307443434316979e-06 -1.608567176257815658e-05 -3.465552925776469562e-05
3.799155914280260276e+03 3.289338722400148539e-03 -7.485624317093179521e-06 -1.612728870529177294e-05 -3.474519024283997525e-05
3.794247092781004085e+03 3.293593195493499035e-03 -7.504991140003785157e-06 -1.616901326040608616e-05 -3.483508307180440062e-05
3.789344612213289565e+03 3.297853171377178837e-03 -7.524408041988357176e-06 -1.621084570761459754e-05 -3.492520834723934493e-05
3.784448464386274736e+03 3.302118657168561910e-03 -7.543875152869066353e-06 -1.625278632661069657e-05 -3.501556667172595099e-05
3.779558641119684580e+03 3.306389659994240105e-03 -7.563392602468134286e-06 -1.629483539708787438e-05 -3.510615864784558522e-05
3.774675134243821503e+03 3.310666186990013620e-03 -7.582960520607744454e-06 -1.633699319873955434e-05 -3.519698487817944464e-05
3.769797935599540779e+03 3.314948245300912248e-03 -7.602579037110081184e-06 -1.637926001125915304e-05 -3.528804596530873982e-05
3.764927037038227354e+03 3.319235842081216196e-03 -7.622248281797364380e-06 -1.642163611434016500e-05 -3.537934251181483719e-05
3.760062430421805402e+03 3.323528984494446975e-03 -7.641968384491768204e-06 -1.646412178767597633e-05 -3.547087512027887276e-05
3.755204107622698302e+03 3.327827679713403833e-03 -7.661739475015514253e-06 -1.650671731096009509e-05 -3.556264439328224008e-05
3.750352060523836371e+03 3.332131934920154644e-03 -7.681561683190784312e-06 -1.654942296388593111e-05 -3.565465093340612938e-05
3.745506281018637765e+03 3.336441757306055859e-03 -7.701435138839763558e-06 -1.659223902614690097e-05 -3.574689534323172412e-05
3.740666761010981190e+03 3.340757154071774624e-03 -7.721359996165862215e-06 -1.663516582996418355e-05 -3.583937833850786851e-05
3.735833492415215915e+03 3.345078132427279673e-03 -7.741336365645971456e-06 -1.667820361335302736e-05 -3.593210043202287426e-05
3.731006467156123563e+03 3.349404699591877321e-03 -7.761364381718141844e-06 -1.672135266595142577e-05 -3.602506224778287105e-05
3.726185677168926304e+03 3.353736862794202359e-03 -7.781444180213135841e-06 -1.676461328039789147e-05 -3.611826441625843562e-05
3.721371114399263661e+03 3.358074629272239306e-03 -7.801575896961726077e-06 -1.680798574933095073e-05 -3.621170756792014471e-05
3.716562770803170679e+03 3.362418006273342353e-03 -7.821759667794719059e-06 -1.685147036538920434e-05 -3.630539233323875801e-05
3.711760638347084750e+03 3.366767001054229297e-03 -7.841995628542870476e-06 -1.689506742121114468e-05 -3.639931934268480482e-05
3.706964709007808324e+03 3.371121620881014063e-03 -7.862283915036990224e-06 -1.693877720943537933e-05 -3.649348922672904482e-05
3.702174974772517089e+03 3.375481873029201069e-03 -7.882624663107844155e-06 -1.698260002270042776e-05 -3.658790261584206154e-05
3.697391427638737696e+03 3.379847764783704307e-03 -7.903018008586204897e-06 -1.702653615364481285e-05 -3.668256014049442492e-05
3.692614059614323651e+03 3.384219303438869026e-03 -7.923464087302878960e-06 -1.707058589490713878e-05 -3.677746243115690821e-05
3.687842862717466232e+03 3.388596496298463493e-03 -7.943963035088622029e-06 -1.711474953912589455e-05 -3.687261011830002039e-05
3.683077828976653109e+03 3.392979350675714555e-03 -7.964514987774242309e-06 -1.715902737893969110e-05 -3.696800383239453469e-05
3.678318950430678342e+03 3.397367873893299400e-03 -7.985120081190509039e-06 -1.720341970698704116e-05 -3.706364420391102785e-05
3.673566219128622379e+03 3.401762073283365502e-03 -8.005778451168189764e-06 -1.724792681590647098e-05 -3.715953186332007660e-05
3.668819627129822948e+03 3.406161956187554480e-03 -8.026490233538096077e-06 -1.729254899833658813e-05 -3.725566744109244741e-05
3.664079166503891884e+03 3.410567529956989516e-03 -8.047255564130980276e-06 -1.733728654691587821e-05 -3.735205156769865603e-05
3.659344829330668290e+03 3.414978801952316123e-03 -8.068074578777652259e-06 -1.738213975428295219e-05 -3.744868487360947571e-05
3.654616607700234454e+03 3.419395779543689135e-03 -8.088947413308882959e-06 -1.742710891307632954e-05 -3.754556798929547639e-05
3.649894493712889016e+03 3.423818470110797860e-03 -8.109874203555436534e-06 -1.747219431593452298e-05 -3.764270154522723482e-05
3.645178479479125599e+03 3.428246881042884726e-03 -8.130855102039794797e-06 -1.751739629145726267e-05 -3.774008624935139852e-05
3.640468557119639172e+03 3.432681019738739649e-03 -8.151890267051310917e-06 -1.756271518066861902e-05 -3.783772283638204881e-05
3.635764718765301950e+03 3.437120893606723879e-03 -8.172979814008918595e-06 -1.760815123223114295e-05 -3.793561184204643708e-05
3.631066956557141111e+03 3.441566510064789086e-03 -8.194123885847947068e-06 -1.765370475408967638e-05 -3.803375392979158282e-05
3.626375262646350166e+03 3.446017876540468684e-03 -8.215322625503669666e-06 -1.769937605418891890e-05 -3.813214976306424802e-05
3.621689629194247118e+03 3.450475000470915564e-03 -8.236576175911419014e-06 -1.774516544047371582e-05 -3.823080000531148606e-05
3.617010048372284473e+03 3.454937889302893417e-03 -8.257884680006480300e-06 -1.779107322088880063e-05 -3.832970531998011315e-05
3.612336512362029225e+03 3.459406550492796686e-03 -8.279248280724142104e-06 -1.783709970337892035e-05 -3.842886637051696580e-05
3.607669013355136030e+03 3.463880991506673983e-03 -8.300667120999733660e-06 -1.788324519588890675e-05 -3.852828382036909061e-05
3.603007543553359938e+03 3.468361219820218118e-03 -8.322141343768528300e-06 -1.792951000636347297e-05 -3.862795833298324281e-05
3.598352095168517280e+03 3.472847242918802521e-03 -8.343671091965856954e-06 -1.797589444274744737e-05 -3.872789057180645543e-05
3.593702660422492499e+03 3.477339068297473877e-03 -8.365256508527008200e-06 -1.802239881298558038e-05 -3.882808120028557856e-05
3.589059231547217223e+03 3.481836703460973806e-03 -8.386897736387263839e-06 -1.806902342502260210e-05 -3.892853088186740807e-05
3.584421800784650713e+03 3.486340155923757945e-03 -8.408594918481963272e-06 -1.811576858680335783e-05 -3.902924027999903121e-05
3.579790360386779867e+03 3.490849433209993781e-03 -8.430348197746384911e-06 -1.816263460627258445e-05 -3.913021005812723709e-05
3.575164902615601932e+03 3.495364542853579733e-03 -8.452157717115824111e-06 -1.820962179137502221e-05 -3.923144087969888255e-05
3.570545419743099501e+03 3.499885492398168135e-03 -8.474023619525605027e-06 -1.825673045005550625e-05 -3.933293340816098710e-05
3.565931904051250967e+03 3.504412289397155697e-03 -8.495946047911004376e-06 -1.830396089025874973e-05 -3.943468830696033304e-05
3.561324347831990508e+03 3.508944941413722103e-03 -8.517925145207351395e-06 -1.835131341992958778e-05 -3.953670623954394666e-05
3.556722743387219907e+03 3.513483456020819167e-03 -8.539961080894070203e-06 -1.839878840420036628e-05 -3.963898799256563075e-05
3.552127083028784909e+03 3.518027840801193819e-03 -8.562053995363349846e-06 -1.844638614553688774e-05 -3.974153421766820108e-05
3.547537359078451573e+03 3.522578103347410224e-03 -8.584204030836497889e-06 -1.849410695034568061e-05 -3.984434557498449473e-05
3.542953563867918092e+03 3.527134251261840239e-03 -8.606411336091998710e-06 -1.854195113916025481e-05 -3.994742275508305181e-05
3.538375689738775691e+03 3.531696292156701143e-03 -8.628676059908385815e-06 -1.858991903251425582e-05 -4.005076644853266317e-05
3.533803729042516807e+03 3.536264233654046098e-03 -8.650998351064153748e-06 -1.863801095094123764e-05 -4.015437734590193670e-05
3.529237674140513718e+03 3.540838083385788437e-03 -8.673378358337798744e-06 -1.868622721497474408e-05 -4.025825613775945995e-05
3.524677517403997626e+03 3.545417848993719871e-03 -8.695816230507859393e-06 -1.873456814514842063e-05 -4.036240351467403731e-05
3.520123251214065931e+03 3.550003538129504858e-03 -8.718312116352809908e-06 -1.878303406199578060e-05 -4.046682016721418859e-05
3.515574867961644941e+03 3.554595158454717466e-03 -8.740866164651193960e-06 -1.883162528605046947e-05 -4.057150678594872496e-05
3.511032360047499424e+03 3.559192717640830960e-03 -8.763478524181502702e-06 -1.888034213784604124e-05 -4.067646406144625429e-05
3.506495719882210324e+03 3.563796223369241657e-03 -8.786149345154338082e-06 -1.892918494100142500e-05 -4.078169269092260090e-05
3.501964939886153388e+03 3.568405683331289744e-03 -8.808878785858279079e-06 -1.897815403653901404e-05 -4.088719340908827498e-05
3.497440012489507353e+03 3.573021105228252337e-03 -8.831666994270581279e-06 -1.902724974326615325e-05 -4.099296690279286091e-05
3.492920930132216654e+03 3.577642496771378175e-03 -8.854514123130241668e-06 -1.907647239024903724e-05 -4.109901388098797354e-05
3.488407685264000520e+03 3.582269865681882420e-03 -8.877420325176216576e-06 -1.912582230655376233e-05 -4.120533505262504478e-05
3.483900270344332512e+03 3.586903219690964865e-03 -8.900385753147455558e-06 -1.917529982124642826e-05 -4.131193112665548621e-05
3.479398677842415054e+03 3.591542566539836397e-03 -8.923410559782958987e-06 -1.922490526339323640e-05 -4.141880281203093301e-05
3.474902900237192625e+03 3.596187913979705976e-03 -8.946494897821661172e-06 -1.927463896206023903e-05 -4.152595081770271544e-05
3.470412930017311737e+03 3.600839269771822712e-03 -8.969638922364900108e-06 -1.932450125140314004e-05 -4.163337586358746605e-05
3.465928759681131396e+03 3.605496641687462849e-03 -8.992842787437480654e-06 -1.937449246325832815e-05 -4.174107866460502095e-05
3.461450381736700365e+03 3.610160037507955354e-03 -9.016106648206877140e-06 -1.942461293192398496e-05 -4.184905994097897066e-05
3.456977788701736245e+03 3.614829465024702298e-03 -9.039430660996003230e-06 -1.947486299418762701e-05 -4.195732041829602693e-05
3.452510973103633660e+03 3.619504932039171487e-03 -9.062814982127709911e-06 -1.952524298683661839e-05 -4.206586082214256269e-05
3.448049927479427879e+03 3.624186446362933321e-03 -9.086259767924905766e-06 -1.957575324665846548e-05 -4.217468187810527615e-05
3.443594644375803455e+03 3.628874015817652125e-03 -9.109765174710458721e-06 -1.962639411044057302e-05 -4.228378431177062157e-05
3.439145116349073760e+03 3.633567648235109127e-03 -9.133331358807231619e-06 -1.967716591497033898e-05 -4.239316884872507352e-05
3.434701335965156431e+03 3.638267351457225452e-03 -9.156958476538139822e-06 -1.972806899703527652e-05 -4.250283621455530988e-05
3.430263295799585194e+03 3.642973133336050839e-03 -9.180646685382703542e-06 -1.977910369591472065e-05 -4.261278714021651690e-05
3.425830988437472570e+03 3.647685001733805277e-03 -9.204396151238122595e-06 -1.983027036902336465e-05 -4.272302239573530838e-05
3.421404406473517156e+03 3.652402964522867730e-03 -9.228207021207257064e-06 -1.988156933328470808e-05 -4.283354266390263919e-05
3.416983542511984979e+03 3.657127029585798255e-03 -9.252079457301244962e-06 -1.993300093774116389e-05 -4.294434869670763784e-05
3.412568389166684483e+03 3.661857204815364020e-03 -9.276013621531288675e-06 -1.998456553143529072e-05 -4.305544124613965647e-05
3.408158939060978810e+03 3.666593498114525864e-03 -9.300009675908514357e-06 -2.003626346340948118e-05 -4.316682106418775583e-05
3.403755184827746234e+03 3.671335917396481227e-03 -9.324067782444122701e-06 -2.008809508270627359e-05 -4.327848890284129483e-05
3.399357119109391988e+03 3.676084470584651577e-03 -9.348188103149253413e-06 -2.014006073836810461e-05 -4.339044551408940200e-05
3.394964734557824613e+03 3.680839165612706694e-03 -9.372370800035061445e-06 -2.019216077943741428e-05 -4.350269164992120585e-05
3.390578023834435498e+03 3.685600010424588523e-03 -9.396616035112735632e-06 -2.024439555495673076e-05 -4.361522806232605174e-05
3.386196979610107519e+03 3.690367012974499900e-03 -9.420923970393410598e-06 -2.029676541396847038e-05 -4.372805550329302075e-05
3.381821594565179566e+03 3.695140181226944879e-03 -9.445294767888281953e-06 -2.034927070551515788e-05 -4.384117472481144470e-05
3.377451861389453825e+03 3.699919523156719632e-03 -9.469728589608494485e-06 -2.040191177863924011e-05 -4.395458647887046566e-05
3.373087772782176216e+03 3.704705046748934562e-03 -9.494225597565192983e-06 -2.045468898238314017e-05 -4.406829151745920536e-05
3.368729321452013210e+03 3.709496759999038155e-03 -9.518785953769578139e-06 -2.050760266578940992e-05 -4.418229059256703628e-05
3.364376500117062733e+03 3.714294670912807010e-03 -9.543409820232779496e-06 -2.056065317790043860e-05 -4.429658445618299206e-05
3.360029301504816885e+03 3.719098787506386165e-03 -9.568097358965989274e-06 -2.061384086775877467e-05 -4.441117386029645194e-05
3.355687718352171032e+03 3.723909117806277827e-03 -9.592848758538966987e-06 -2.066716614162563461e-05 -4.452605968017066349e-05
3.351351743405401976e+03 3.728725669849366955e-03 -9.617664173276119823e-06 -2.072062933198288694e-05 -4.464124263211610797e-05
3.347021369420147494e+03 3.733548451682943380e-03 -9.642543762429077814e-06 -2.077423078192776264e-05 -4.475672345531335271e-05
3.342696589161416796e+03 3.738377471364690962e-03 -9.667487696660255009e-06 -2.082797085914128569e-05 -4.487250294190715599e-05
3.338377395403551418e+03 3.743212736962730092e-03 -9.692496146632145082e-06 -2.088184993130465624e-05 -4.498858188404264875e-05
3.334063780930234770e+03 3.748054256555605982e-03 -9.717569283007184105e-06 -2.093586836609893554e-05 -4.510496107386467734e-05
3.329755738534474403e+03 3.752902038232312516e-03 -9.742707276447808154e-06 -2.099002653120520854e-05 -4.522164130351810169e-05
3.325453261018575631e+03 3.757756090092316970e-03 -9.767910297616504123e-06 -2.104432479430465508e-05 -4.533862336514803918e-05
3.321156341194155630e+03 3.762616420245547873e-03 -9.793178517175699617e-06 -2.109876352307832624e-05 -4.545590805089926842e-05
3.316864971882103418e+03 3.767483036812437503e-03 -9.818512105787874754e-06 -2.115334308520739506e-05 -4.557349615291687969e-05
3.312579145912592594e+03 3.772355947923910612e-03 -9.843911234115472386e-06 -2.120806384837294311e-05 -4.569138846334575325e-05
3.308298856125055408e+03 3.777235161721410016e-03 -9.869376072820925196e-06 -2.126292618025603842e-05 -4.580958577433073543e-05
3.304024095368167309e+03 3.782120686356916540e-03 -9.894906792566728553e-06 -2.131793044853787437e-05 -4.592808887801695043e-05
3.299754856499849666e+03 3.787012529992946422e-03 -9.920503564015313447e-06 -2.137307702089952574e-05 -4.604689856654924459e-05
3.295491132387248399e+03 3.791910700802573423e-03 -9.946166557829119341e-06 -2.142836626502206396e-05 -4.616601563207248460e-05
3.291232915906716244e+03 3.796815206969451819e-03 -9.971895944670636518e-06 -2.148379854858667562e-05 -4.628544086673176753e-05
3.286980199943818207e+03 3.801726056687807290e-03 -9.997691895202282417e-06 -2.153937423927440164e-05 -4.640517506267187876e-05
3.282732977393297915e+03 3.806643258162478553e-03 -1.002355458008654902e-05 -2.159509370476643200e-05 -4.652521901203794246e-05
3.278491241159086712e+03 3.811566819608904789e-03 -1.004948417709919579e-05 -2.165095732806902228e-05 -4.664557353999193242e-05
3.274254984154280919e+03 3.816496749253152961e-03 -1.007548090001137236e-05 -2.170696556973816360e-05 -4.676623963877161441e-05
3.270024199301123645e+03 3.821433055331938198e-03 -1.010154489585455088e-05 -2.176311874654355806e-05 -4.688721799083664496e-05
3.265798879531011607e+03 3.826375746092616856e-03 -1.012767634501078240e-05 -2.181941724710654768e-05 -4.700850943344633598e-05
3.261579017784461030e+03 3.831324829793225552e-03 -1.015387542786219421e-05 -2.187586146004864385e-05 -4.713011480386032463e-05
3.257364607011116732e+03 3.836280314702471186e-03 -1.018014232479085259e-05 -2.193245177399123940e-05 -4.725203493933804479e-05
3.253155640169728485e+03 3.841242209099756527e-03 -1.020647721617883064e-05 -2.198918857755572377e-05 -4.737427067713889645e-05
3.248952110228134643e+03 3.846210521275203204e-03 -1.023288028240825733e-05 -2.204607225936360497e-05 -4.749682285452253711e-05
3.244754010163265775e+03 3.851185259529643894e-03 -1.025935170386119725e-05 -2.210310320803627584e-05 -4.761969230874835997e-05
3.240561332961124208e+03 3.856166432174649647e-03 -1.028589166091972181e-05 -2.216028181219511904e-05 -4.774287987707577860e-05
3.236374071616764013e+03 3.861154047532549833e-03 -1.031250033396596165e-05 -2.221760846046165274e-05 -4.786638639676445048e-05
3.232192219134299648e+03 3.866148113936426073e-03 -1.033917790338196616e-05 -2.227508354145722234e-05 -4.799021270507370783e-05
3.228015768526869579e+03 3.871148639730151268e-03 -1.036592454954985921e-05 -2.233270744380334264e-05 -4.811435963926319462e-05
3.223844712816647643e+03 3.876155633268380061e-03 -1.039274045285171389e-05 -2.239048055612140306e-05 -4.823882803659232437e-05
3.219679045034820774e+03 3.881169102916573119e-03 -1.041962581387205735e-05 -2.244840331055765898e-05 -4.836361882809199101e-05
3.215518758221568532e+03 3.886189057051021422e-03 -1.044658081600019899e-05 -2.250647610221241079e-05 -4.848873286497998601e-05
3.211363845426073567e+03 3.891215504058835855e-03 -1.047360564445237289e-05 -2.256469933012193466e-05 -4.861417100695390351e-05
3.207214299706485235e+03 3.896248452337989707e-03 -1.050070048757570444e-05 -2.262307340006781297e-05 -4.873993412824364477e-05
3.203070114129927333e+03 3.901287910297307395e-03 -1.052786553371726649e-05 -2.268159871783150951e-05 -4.886602310307889418e-05
3.198931281772481270e+03 3.906333886356489621e-03 -1.055510097122413020e-05 -2.274027568919448808e-05 -4.899243880568930908e-05
3.194797795719161513e+03 3.911386388946138520e-03 -1.058240698844342094e-05 -2.279910471993833784e-05 -4.911918211030481102e-05
3.190669649063928773e+03 3.916445426507744222e-03 -1.060978377504356434e-05 -2.285808621869128511e-05 -4.924625389728823317e-05
3.186546834909650443e+03 3.921511007493732118e-03 -1.063723152691808016e-05 -2.291722060749313035e-05 -4.937365507589676925e-05
3.182429346368113784e+03 3.926583140367447683e-03 -1.066475043624248281e-05 -2.297650830037346973e-05 -4.950138653813010951e-05
3.178317176560003645e+03 3.931661833603183366e-03 -1.069234069789208391e-05 -2.303594971717842389e-05 -4.962944918851936300e-05
3.174210318614881999e+03 3.936747095686202874e-03 -1.072000250674225608e-05 -2.309554527775426930e-05 -4.975784393159584881e-05
3.170108765671197489e+03 3.941838935112730764e-03 -1.074773605766829403e-05 -2.315529540194709272e-05 -4.988657167189058109e-05
3.166012510876250417e+03 3.946937360389995812e-03 -1.077554154780946581e-05 -2.321520051448056928e-05 -5.001563332444296640e-05
3.161921547386201837e+03 3.952042380036217134e-03 -1.080341917521125295e-05 -2.327526104203076136e-05 -5.014502980849871593e-05
3.157835868366053546e+03 3.957154002580633677e-03 -1.083136913617508258e-05 -2.333547740751627285e-05 -5.027476203520835210e-05
3.153755466989625802e+03 3.962272236563527637e-03 -1.085939163436678611e-05 -2.339585004972183414e-05 -5.040483094990489305e-05
3.149680336439571420e+03 3.967397090536208849e-03 -1.088748687345211874e-05 -2.345637940743201978e-05 -5.053523749792105876e-05
3.145610469907335300e+03 3.972528573061066826e-03 -1.091565505709691187e-05 -2.351706591943154661e-05 -5.066598262458988093e-05
3.141545860593167163e+03 3.977666692711551676e-03 -1.094389638896693594e-05 -2.357791002450502981e-05 -5.079706727524414052e-05
3.137486501706098807e+03 3.982811458072204464e-03 -1.097221107272796816e-05 -2.363891216143708119e-05 -5.092849239521662528e-05
3.133432386463927742e+03 3.987962877738678892e-03 -1.100059931204583996e-05 -2.370007276901243116e-05 -5.106025892984037367e-05
3.129383508093222190e+03 3.993120960317732629e-03 -1.102906131120748490e-05 -2.376139228735393581e-05 -5.119236782733137194e-05
3.125339859829288343e+03 3.998285714427270675e-03 -1.105759729561335419e-05 -2.382287120207215000e-05 -5.132482013390580046e-05
3.121301434916181279e+03 4.003457148696331486e-03 -1.108620745428042718e-05 -2.388450992039180712e-05 -5.145761672690278126e-05
3.117268226606680400e+03 4.008635271765117331e-03 -1.111489200693960104e-05 -2.394630891570877939e-05 -5.159075862622277347e-05
3.113240228162273525e+03 4.013820092285014240e-03 -1.114365117332182884e-05 -2.400826866141905080e-05 -5.172424685176653435e-05
3.109217432853164610e+03 4.019011618918584203e-03 -1.117248517315799247e-05 -2.407038963091845968e-05 -5.185808242343447559e-05
3.105199833958237832e+03 4.024209860339610263e-03 -1.120139422617905349e-05 -2.413267229760300019e-05 -5.199226636112734090e-05
3.101187424765069863e+03 4.029414825233079180e-03 -1.123037855211590227e-05 -2.419511713486854115e-05 -5.212679968474561652e-05
3.097180198569906224e+03 4.034626522295215248e-03 -1.125943837069944444e-05 -2.425772461611095475e-05 -5.226168341418978866e-05
3.093178148677645368e+03 4.039844960233497650e-03 -1.128857390166062968e-05 -2.432049521472622839e-05 -5.239691856936061460e-05
3.089181268401844136e+03 4.045070147766656118e-03 -1.131778536473033990e-05 -2.438342940411019700e-05 -5.253250617015846536e-05
3.085189551064685020e+03 4.050302093624710831e-03 -1.134707297963953156e-05 -2.444652765765885813e-05 -5.266844723648413210e-05
3.081202989996986162e+03 4.055540806548962006e-03 -1.137643696611910351e-05 -2.450979044876807383e-05 -5.280474278823806716e-05
3.077221578538179529e+03 4.060786295292017657e-03 -1.140587757535889379e-05 -2.457321831860994526e-05 -5.294139399134023121e-05
3.073245310036292267e+03 4.066038568617816144e-03 -1.143539504126142479e-05 -2.463681177111219268e-05 -5.307840193146996121e-05
3.069274177847956253e+03 4.071297635301616633e-03 -1.146498958763974699e-05 -2.470057128846541106e-05 -5.321576764747542319e-05
3.065308175338373530e+03 4.076563504130043328e-03 -1.149466146177143112e-05 -2.476449740341297157e-05 -5.335349228711741792e-05
3.061347295881324499e+03 4.081836183901074201e-03 -1.152441091093399032e-05 -2.482859064869813020e-05 -5.349157699815648194e-05
3.057391532859149265e+03 4.087115683424066143e-03 -1.155423818240493434e-05 -2.489285155706412935e-05 -5.363002292835315174e-05
3.053440879662728094e+03 4.092402011519781849e-03 -1.158414352346183390e-05 -2.495728066125434700e-05 -5.376883122546822813e-05
3.049495329691488223e+03 4.097695177020378547e-03 -1.161412718138217844e-05 -2.502187849401198827e-05 -5.390800303726217308e-05
3.045554876353374311e+03 4.102995188769449630e-03 -1.164418940344354037e-05 -2.508664558808043114e-05 -5.404753951149578059e-05
3.041619513064852072e+03 4.108302055622019451e-03 -1.167433043692343453e-05 -2.515158247620292141e-05 -5.418744179592960075e-05
3.037689233250894631e+03 4.113615786444561537e-03 -1.170455052909936388e-05 -2.521668969112270827e-05 -5.432771103832414295e-05
3.033764030344956609e+03 4.118936390115031550e-03 -1.173484992724890934e-05 -2.528196776558316969e-05 -5.446834838644025543e-05
3.029843897788988215e+03 4.124263875522852542e-03 -1.176522891987132162e-05 -2.534741732113712640e-05 -5.460935517937286335e-05
3.025928829033398415e+03 4.129598251568959190e-03 -1.179568779158479394e-05 -2.541303897097585919e-05 -5.475073273820255429e-05
3.022018817537067662e+03 4.134939527165787387e-03 -1.182622680759219789e-05 -2.547883328646164793e-05 -5.489248229389203417e-05
3.018113856767321977e+03 4.140287711237302000e-03 -1.185684624777484570e-05 -2.554480087058050023e-05 -5.503460514553529373e-05
3.014213940199920216e+03 4.145642812719021152e-03 -1.188754639201412411e-05 -2.561094232631858295e-05 -5.517710259222662864e-05
3.010319061319059074e+03 4.151004840558004082e-03 -1.191832752019133180e-05 -2.567725825666187660e-05 -5.531997593305996189e-05
3.006429213617341247e+03 4.156373803712898850e-03 -1.194918991218785213e-05 -2.574374926459654464e-05 -5.546322646712958915e-05
3.002544390595783170e+03 4.161749711153927590e-03 -1.198013385285898993e-05 -2.581041596382473039e-05 -5.560685551661671909e-05
2.998664585763796822e+03 4.167132571862916003e-03 -1.201115966227822140e-05 -2.587725904392384037e-05 -5.575086456717081863e-05
2.994789792639169718e+03 4.172522394833318507e-03 -1.204226764330955616e-05 -2.594427915739460600e-05 -5.589525502456210915e-05
2.990920004748070824e+03 4.177919189070210433e-03 -1.207345809862573198e-05 -2.601147695632566358e-05 -5.604002829367295887e-05
2.987055215625032361e+03 4.183322963590312311e-03 -1.210473133947519034e-05 -2.607885311128145395e-05 -5.618518581919068052e-05
2.983195418812929347e+03 4.188733727422021096e-03 -1.213608770260045341e-05 -2.614640834775176120e-05 -5.633072916413561039e-05
2.979340607862987781e+03 4.194151489605395418e-03 -1.216752749742451521e-05 -2.621414333236820473e-05 -5.647665976472206190e-05
2.975490776334756447e+03 4.199576259192198957e-03 -1.219905105528234978e-05 -2.628205877897034874e-05 -5.662297915887073188e-05
2.971645917796106914e+03 4.205008045245896102e-03 -1.223065870854789499e-05 -2.635015540363614021e-05 -5.676968888932479421e-05
2.967806025823222626e+03 4.210446856841671033e-03 -1.226235082044480115e-05 -2.641843398890720640e-05 -5.691679064201907433e-05
2.963971094000576159e+03 4.215892703066457213e-03 -1.229412772128825530e-05 -2.648689524642604693e-05 -5.706428595014086602e-05
2.960141115920937409e+03 4.221345593018927846e-03 -1.232598979126520447e-05 -2.655553999528060977e-05 -5.721217657836167415e-05
2.956316085185343127e+03 4.226805535809538376e-03 -1.235793741400758716e-05 -2.662436906198085049e-05 -5.736046430734318319e-05
2.952495995403101915e+03 4.232272540560516952e-03 -1.238997091179693518e-05 -2.669338314086128547e-05 -5.750915063298378934e-05
2.948680840191780135e+03 4.237746616405890440e-03 -1.242209067874188175e-05 -2.676258308100321463e-05 -5.765823738457369769e-05
2.944870613177179166e+03 4.243227772491509585e-03 -1.245429713638476483e-05 -2.683196979059208431e-05 -5.780772651873912807e-05
2.941065307993341776e+03 4.248716017975046402e-03 -1.248659065447961821e-05 -2.690154406623881017e-05 -5.795761975172627133e-05
2.937264918282534836e+03 4.254211362026014999e-03 -1.251897164492135582e-05 -2.697130679534407981e-05 -5.810791899538196120e-05
2.933469437695229317e+03 4.259713813825801061e-03 -1.255144052531957892e-05 -2.704125887762050964e-05 -5.825862618807826118e-05
2.929678859890109379e+03 4.265223382567651447e-03 -1.258399771202525883e-05 -2.711140121006906886e-05 -5.840974326234519431e-05
2.925893178534037816e+03 4.270740077456719290e-03 -1.261664364202361291e-05 -2.718173473414587870e-05 -5.856127224648845919e-05
2.922112387302069692e+03 4.276263907710049252e-03 -1.264937875632678191e-05 -2.725226039998278181e-05 -5.871321518750507459e-05
2.918336479877427337e+03 4.281794882556611351e-03 -1.268220352777861479e-05 -2.732297922629097931e-05 -5.886557428014180520e-05
2.914565449951485789e+03 4.287333011237321780e-03 -1.271511832874805124e-05 -2.739389201531503012e-05 -5.901835125278212605e-05
2.910799291223779619e+03 4.292878303005034230e-03 -1.274812366712346475e-05 -2.746499986126726077e-05 -5.917154846283505747e-05
2.907037997401972461e+03 4.298430767124584127e-03 -1.278122005079332197e-05 -2.753630385836020787e-05 -5.932516826771003313e-05
2.903281562201862016e+03 4.303990412872781696e-03 -1.281440798764602180e-05 -2.760780510080624878e-05 -5.947921302481616823e-05
2.899529979347365042e+03 4.309557249538433638e-03 -1.284768798556996145e-05 -2.767950468281777103e-05 -5.963368509156258474e-05
2.895783242570496895e+03 4.315131286422372626e-03 -1.288106055245360928e-05 -2.775140369860731461e-05 -5.978858682535870956e-05
2.892041345611380166e+03 4.320712532837446031e-03 -1.291452619618533708e-05 -2.782350324238719590e-05 -5.994392058361356978e-05
2.888304282218213302e+03 4.326300998108562751e-03 -1.294808542465361660e-05 -2.789580440836996166e-05 -6.009968872373659232e-05
2.884572046147277888e+03 4.331896691572679342e-03 -1.298173874574683995e-05 -2.796830829076798588e-05 -6.025589360313689236e-05
2.880844631162921360e+03 4.337499622578830372e-03 -1.301548666735341112e-05 -2.804101598379365947e-05 -6.041253757922359187e-05
2.877122031037536999e+03 4.343109800488154440e-03 -1.304932969736179507e-05 -2.811392858165951225e-05 -6.056962300940612454e-05
2.873404239551575301e+03 4.348727234673880303e-03 -1.308326834366036530e-05 -2.818704717857787754e-05 -6.072715225109350391e-05
2.869691250493508051e+03 4.354351934521378045e-03 -1.311730311413759016e-05 -2.826037286876128179e-05 -6.088512766169515688e-05
2.865983057659839233e+03 4.359983909428144337e-03 -1.315143464981142431e-05 -2.833390703324105149e-05 -6.104355221655288527e-05
2.862279654855085937e+03 4.365623168803831056e-03 -1.318566383049540511e-05 -2.840765156751798531e-05 -6.120242999939936972e-05
2.858581035891762440e+03 4.371269722070270439e-03 -1.321999172899309967e-05 -2.848160878287731021e-05 -6.136176598974766184e-05
2.854887194590382478e+03 4.376923578661469014e-03 -1.325441942471264677e-05 -2.855578100483336645e-05 -6.152156519776652804e-05
2.851198124779435148e+03 4.382584748023647496e-03 -1.328894799706227332e-05 -2.863017055890067390e-05 -6.168183263362512776e-05
2.847513820295386722e+03 4.388253239615234717e-03 -1.332357852545013335e-05 -2.870477977059362028e-05 -6.184257330749234937e-05
2.843834274982667466e+03 4.393929062906891912e-03 -1.335831208928438600e-05 -2.877961096542656959e-05 -6.200379222953698638e-05
2.840159482693648897e+03 4.399612227381543943e-03 -1.339314864226250884e-05 -2.885466404364377062e-05 -6.216548918484180277e-05
2.836489437288656063e+03 4.405302742534361951e-03 -1.342808538576949052e-05 -2.892993297581195695e-05 -6.232765118338660622e-05
2.832824132635932983e+03 4.411000617872817137e-03 -1.346312227398364720e-05 -2.900541766321130545e-05 -6.249027801248597733e-05
2.829163562611653106e+03 4.416705862916663408e-03 -1.349826177730745236e-05 -2.908112342816260320e-05 -6.265338113873244346e-05
2.825507721099900664e+03 4.422418487197968609e-03 -1.353350517635411677e-05 -2.915705302966337215e-05 -6.281696650620600389e-05
2.821856601992650667e+03 4.428138500261142273e-03 -1.356885385789930041e-05 -2.923320945543120923e-05 -6.298104055174906426e-05
2.818210199189779360e+03 4.433865911662922613e-03 -1.360430798713836854e-05 -2.930959306136872854e-05 -6.314560404213058356e-05
2.814568506599033299e+03 4.439600730972422492e-03 -1.363986825054937146e-05 -2.938620532644806350e-05 -6.331066016369942451e-05
2.810931518136035720e+03 4.445342967771121617e-03 -1.367553536702623245e-05 -2.946304779947922422e-05 -6.347621225326558207e-05
2.807299227724267894e+03 4.451092631652893428e-03 -1.371130993209174166e-05 -2.954012176347716134e-05 -6.364226307500101779e-05
2.803671629295055482e+03 4.456849732224029380e-03 -1.374719254015889481e-05 -2.961742849906584803e-05 -6.380881538792640471e-05
2.800048716787570811e+03 4.462614279103232877e-03 -1.378318391957630536e-05 -2.969496957542482063e-05 -6.397587257273659614e-05
2.796430484148806954e+03 4.468386281921660902e-03 -1.381928460633976634e-05 -2.977274614732199385e-05 -6.414343711730361526e-05
2.792816925333582731e+03 4.474165750322918814e-03 -1.385549517658091724e-05 -2.985075945599536591e-05 -6.431151169579368907e-05
2.789208034304526336e+03 4.479952693963082898e-03 -1.389181635852780144e-05 -2.992901107036469152e-05 -6.448009968834196505e-05
2.785603805032055789e+03 4.485747122510731592e-03 -1.392824861344594756e-05 -3.000750198419643440e-05 -6.464920323595338652e-05
2.782004231494389387e+03 4.491549045646932477e-03 -1.396479252399507121e-05 -3.008623345279288366e-05 -6.481882504309473096e-05
2.778409307677512970e+03 4.497358473065291712e-03 -1.400144872172270071e-05 -3.016520683678195822e-05 -6.498896804114998862e-05
2.774819027575189011e+03 4.503175414471940162e-03 -1.403821766226187170e-05 -3.024442311779526691e-05 -6.515963434498038347e-05
2.771233385188938428e+03 4.508999879585562885e-03 -1.407509988331639373e-05 -3.032388345428055744e-05 -6.533082645038589605e-05
2.767652374528022847e+03 4.514831878137426889e-03 -1.411209591302752333e-05 -3.040358898408366273e-05 -6.550254680878107242e-05
2.764075989609451426e+03 4.520671419871372457e-03 -1.414920623938589833e-05 -3.048354075854855152e-05 -6.567479768521784170e-05
2.760504224457954933e+03 4.526518514543853913e-03 -1.418643129169733886e-05 -3.056373970258656898e-05 -6.584758107235727206e-05
2.756937073105986656e+03 4.532373171923937023e-03 -1.422377153116613984e-05 -3.064418680983225173e-05 -6.602089911092008320e-05
2.753374529593710122e+03 4.538235401793320675e-03 -1.426122745762144087e-05 -3.072488315713483849e-05 -6.619475412090763033e-05
2.749816587968980457e+03 4.544105213946367239e-03 -1.429879934728828392e-05 -3.080582933960313035e-05 -6.636914738444297569e-05
2.746263242287349385e+03 4.549982618190093892e-03 -1.433648774738501163e-05 -3.088702653618332310e-05 -6.654408144148867650e-05
2.742714486612039309e+03 4.555867624344215119e-03 -1.437429295924341539e-05 -3.096847539607507777e-05 -6.671955769070302155e-05
2.739170315013948311e+03 4.561760242241136645e-03 -1.441221531223949212e-05 -3.105017662889745763e-05 -6.689557766091392419e-05
2.735630721571632421e+03 4.567660481725980583e-03 -1.445025516993499548e-05 -3.113213101792051794e-05 -6.707214303962559250e-05
2.732095700371290604e+03 4.573568352656614926e-03 -1.448841293862900940e-05 -3.121433943848911960e-05 -6.724925571271130639e-05
2.728565245506770225e+03 4.579483864903641406e-03 -1.452668880890599346e-05 -3.129680230120501132e-05 -6.742691656478576724e-05
2.725039351079537937e+03 4.585407028350444933e-03 -1.456508314054015623e-05 -3.137952038117824467e-05 -6.760512726577292623e-05
2.721518011198687418e+03 4.591337852893183184e-03 -1.460359622130377564e-05 -3.146249429839538498e-05 -6.778388915139336643e-05
2.718001219980920723e+03 4.597276348440811761e-03 -1.464222825827021535e-05 -3.154572449898247175e-05 -6.796320318279651504e-05
2.714488971550534188e+03 4.603222524915115410e-03 -1.468097951806372075e-05 -3.162921155736404610e-05 -6.814307059754247527e-05
2.710981260039422523e+03 4.609176392250695017e-03 -1.471985028492679884e-05 -3.171295608592199802e-05 -6.832349271496809882e-05
2.707478079587051070e+03 4.615137960395018779e-03 -1.475884071370982359e-05 -3.179695841827136687e-05 -6.850447025382515819e-05
2.703979424340463083e+03 4.621107239308406590e-03 -1.479795103734065524e-05 -3.188121905624000709e-05 -6.868600429526901447e-05
2.700485288454259262e+03 4.627084238964067342e-03 -1.483718149633618464e-05 -3.196573851800584682e-05 -6.886809595568017459e-05
2.696995666090593659e+03 4.633068969348104992e-03 -1.487653224322489398e-05 -3.205051713218154532e-05 -6.905074594303311619e-05
2.693510551419156855e+03 4.639061440459546319e-03 -1.491600348150145137e-05 -3.213555533718307552e-05 -6.923395520186646248e-05
2.690029938617170501e+03 4.645061662310352203e-03 -1.495559525977900378e-05 -3.222085323774428594e-05 -6.941772395782241803e-05
2.686553821869382773e+03 4.651069644925425427e-03 -1.499530792317533018e-05 -3.230641157739888342e-05 -6.960205381279582846e-05
2.683082195368050634e+03 4.657085398342637565e-03 -1.503514166564793796e-05 -3.239223077401567148e-05 -6.978694566705769464e-05
2.679615053312936197e+03 4.663108932612841130e-03 -1.507509682651119880e-05 -3.247831155862529007e-05 -6.997240109556581854e-05
2.676152389911286264e+03 4.669140257799899059e-03 -1.511517335825527525e-05 -3.256465382887088869e-05 -7.015841987779904837e-05
2.672694199377840960e+03 4.675179383980675174e-03 -1.515537118667005057e-05 -3.265125742487163076e-05 -7.034500166930455144e-05
2.669240475934802816e+03 4.681226321245084490e-03 -1.519569009029195054e-05 -3.273812186949870889e-05 -7.053214544213947377e-05
2.665791213811844500e+03 4.687281079696079336e-03 -1.523613043939549207e-05 -3.282524796048437145e-05 -7.071985291496587969e-05
2.662346407246094714e+03 4.693343669449677111e-03 -1.527669264703924971e-05 -3.291263658773636093e-05 -7.090812600503181354e-05
2.658906050482116825e+03 4.699414100634995844e-03 -1.531737700684305433e-05 -3.300028838383942120e-05 -7.109696607519984336e-05
2.655470137771919326e+03 4.705492383394235117e-03 -1.535818364241491182e-05 -3.308820361509891517e-05 -7.128637369920747847e-05
2.652038663374925818e+03 4.711578527882730703e-03 -1.539911248566515036e-05 -3.317638213482010693e-05 -7.147634856101046322e-05
2.648611621557982744e+03 4.717672544268939824e-03 -1.544016356590406438e-05 -3.326482400615010909e-05 -7.166689079665517739e-05
2.645189006595342107e+03 4.723774442734472376e-03 -1.548133707030083256e-05 -3.335352963233267811e-05 -7.185800127490389068e-05
2.641770812768645555e+03 4.729884233474119550e-03 -1.552263310810682829e-05 -3.344249924874277951e-05 -7.204968050285664809e-05
2.638357034366928929e+03 4.736001926695842558e-03 -1.556405197633307374e-05 -3.353173349527127032e-05 -7.224192985911649190e-05
2.634947665686598157e+03 4.742127532620821206e-03 -1.560559371434998215e-05 -3.362123245673910831e-05 -7.243474952642462762e-05
2.631542701031431989e+03 4.748261061483444352e-03 -1.564725846799277121e-05 -3.371099644733877249e-05 -7.262814018168824821e-05
2.628142134712568350e+03 4.754402523531336792e-03 -1.568904637436973235e-05 -3.380102576246109730e-05 -7.282210246130758793e-05
2.624745961048485697e+03 4.760551929025392225e-03 -1.573095752752556151e-05 -3.389132060471925721e-05 -7.301663680179953117e-05
2.621354174365011659e+03 4.766709288239756766e-03 -1.577299216736260853e-05 -3.398188149096719330e-05 -7.321174431669210314e-05
2.617966768995294842e+03 4.772874611461882730e-03 -1.581515039222810030e-05 -3.407270863308756815e-05 -7.340742546247270434e-05
2.614583739279808924e+03 4.779047908992517350e-03 -1.585743238150148039e-05 -3.416380241754169827e-05 -7.360368107174696634e-05
2.611205079566339464e+03 4.785229191145729671e-03 -1.589983829952836721e-05 -3.425516319840147156e-05 -7.380051190733966972e-05
2.607830784209966168e+03 4.791418468248940903e-03 -1.594236832253482602e-05 -3.434679135533443787e-05 -7.399791878721973025e-05
2.604460847573070168e+03 4.797615750642914879e-03 -1.598502261036822207e-05 -3.443868723272131010e-05 -7.419590245333293227e-05
2.601095264025304459e+03 4.803821048681806635e-03 -1.602780130911662931e-05 -3.453085114529930432e-05 -7.439446358376002272e-05
2.597734027943603451e+03 4.810034372733148524e-03 -1.607070464909330699e-05 -3.462328358926329580e-05 -7.459360324752045408e-05
2.594377133712163868e+03 4.816255733177886647e-03 -1.611373281229019222e-05 -3.471598495670301301e-05 -7.479332228934598161e-05
2.591024575722430654e+03 4.822485140410402542e-03 -1.615688601861547293e-05 -3.480895572139629934e-05 -7.499362172995998742e-05
2.587676348373101973e+03 4.828722604838507106e-03 -1.620016447834370270e-05 -3.490219633636594662e-05 -7.519450254537052357e-05
2.584332446070102833e+03 4.834968136883490038e-03 -1.624356831970076196e-05 -3.499570707786622793e-05 -7.539596533074932909e-05
2.580992863226590543e+03 4.841221746980105961e-03 -1.628709782907004872e-05 -3.508948856289149357e-05 -7.559801141537045646e-05
2.577657594262940165e+03 4.847483445576606514e-03 -1.633075324927237500e-05 -3.518354131458330508e-05 -7.580064192630825101e-05
2.574326633606725864e+03 4.853753243134771578e-03 -1.637453477201444109e-05 -3.527786574596122947e-05 -7.600385775338638211e-05
2.570999975692730914e+03 4.860031150129892792e-03 -1.641844264838346020e-05 -3.537246239797627875e-05 -7.620766006204847301e-05
2.567677614962917232e+03 4.866317177050829071e-03 -1.646247715563375997e-05 -3.546733186795478628e-05 -7.641205013919512279e-05
2.564359545866432654e+03 4.872611334399993589e-03 -1.650663851059766370e-05 -3.556247462304782303e-05 -7.661702899127276320e-05
2.561045762859595925e+03 4.878913632693382407e-03 -1.655092698267268567e-05 -3.565789124365476503e-05 -7.682259786871397235e-05
2.557736260405880785e+03 4.885224082460605695e-03 -1.659534287924883749e-05 -3.575358239202729209e-05 -7.702875819829673040e-05
2.554431032975920061e+03 4.891542694244876456e-03 -1.663988645097911280e-05 -3.584954860818091916e-05 -7.723551114344921005e-05
2.551130075047481114e+03 4.897869478603061703e-03 -1.668455797458075597e-05 -3.594579048828488516e-05 -7.744285798857907725e-05
2.547833381105471744e+03 4.904204446105669447e-03 -1.672935777949968646e-05 -3.604230874210888970e-05 -7.765080026283881481e-05
2.544540945641922917e+03 4.910547607336879054e-03 -1.677428613779306473e-05 -3.613910395578232406e-05 -7.785933922900591651e-05
2.541252763155973753e+03 4.916898972894574206e-03 -1.681934336582701896e-05 -3.623617681089534852e-05 -7.806847635552185321e-05
2.537968828153878803e+03 4.923258553390327287e-03 -1.686452979420355338e-05 -3.633352801970839358e-05 -7.827821317690521728e-05
2.534689135148979403e+03 4.929626359449454896e-03 -1.690984574989510557e-05 -3.643115828666222385e-05 -7.848855121082763079e-05
2.531413678661711856e+03 4.936002401711000499e-03 -1.695529156596442907e-05 -3.652906832931878127e-05 -7.869949200322940363e-05
2.528142453219589697e+03 4.942386690827771725e-03 -1.700086759885837697e-05 -3.662725891561953526e-05 -7.891103720859032520e-05
2.524875453357189599e+03 4.948779237466364653e-03 -1.704657419160145740e-05 -3.672573078458838596e-05 -7.912318841908909557e-05
2.521612673616155917e+03 4.955180052307156871e-03 -1.709241168945463348e-05 -3.682448468006753635e-05 -7.933594723728514919e-05
2.518354108545175677e+03 4.961589146044356920e-03 -1.713838049081547107e-05 -3.692352146037851119e-05 -7.954931551237618803e-05
2.515099752699985402e+03 4.968006529385989543e-03 -1.718448098151873643e-05 -3.702284195677711713e-05 -7.976329503524851256e-05
2.511849600643351096e+03 4.974432213053933856e-03 -1.723071348446008060e-05 -3.712244686492094956e-05 -7.997788730465104235e-05
2.508603646945059609e+03 4.980866207783945891e-03 -1.727707847424211652e-05 -3.722233720731034373e-05 -8.019309452349391361e-05
2.505361886181917725e+03 4.987308524325652533e-03 -1.732357631869781232e-05 -3.732251377641740566e-05 -8.040891839910652681e-05
2.502124312937730792e+03 4.993759173442600952e-03 -1.737020741622559785e-05 -3.742297743056552357e-05 -8.062536078069060903e-05
2.498890921803304991e+03 5.000218165912247333e-03 -1.741697221427078676e-05 -3.752372913374640807e-05 -8.084242374510331982e-05
2.495661707376436880e+03 5.006685512525986363e-03 -1.746387113590529589e-05 -3.762476979744087702e-05 -8.106010925607051265e-05
2.492436664261892020e+03 5.013161224089185061e-03 -1.751090460257054434e-05 -3.772610032961695357e-05 -8.127841926975003879e-05
2.489215787071414525e+03 5.019645311421168030e-03 -1.755807306831976320e-05 -3.782772170850264790e-05 -8.149735589367025634e-05
2.485999070423701141e+03 5.026137785355271233e-03 -1.760537700336876823e-05 -3.792963494714724398e-05 -8.171692131037968656e-05
2.482786508944405796e+03 5.032638656738828986e-03 -1.765281685036367584e-05 -3.803184099920287709e-05 -8.193711757445953892e-05
2.479578097266124132e+03 5.039147936433206916e-03 -1.770039309949576799e-05 -3.813434092075465755e-05 -8.215794696117622805e-05
2.476373830028378961e+03 5.045665635313831450e-03 -1.774810622077510933e-05 -3.823713572440856612e-05 -8.237941165212322862e-05
2.473173701877626627e+03 5.052191764270176806e-03 -1.779595671056071320e-05 -3.834022647953768141e-05 -8.260151395119498833e-05
2.469977707467228811e+03 5.058726334205822239e-03 -1.784394504507831093e-05 -3.844361421213924983e-05 -8.282425606883554747e-05
2.466785841457461629e+03 5.065269356038432959e-03 -1.789207173955762069e-05 -3.854730003224204763e-05 -8.304764039652943162e-05
2.463598098515498805e+03 5.071820840699797425e-03 -1.794033733192221643e-05 -3.865128509876726652e-05 -8.327166943109661163e-05
2.460414473315394389e+03 5.078380799135857708e-03 -1.798874227382621008e-05 -3.875557038477421323e-05 -8.349634526892987612e-05
2.457234960538093674e+03 5.084949242306692138e-03 -1.803728725484500579e-05 -3.886015737590803825e-05 -8.372167111075466282e-05
2.454059554871400906e+03 5.091526181186576024e-03 -1.808597263500981550e-05 -3.896504684783250194e-05 -8.394764862768784347e-05
2.450888251009991563e+03 5.098111626763964302e-03 -1.813479902912813339e-05 -3.907024012511017494e-05 -8.417428067341300253e-05
2.447721043655390986e+03 5.104705590041528837e-03 -1.818376704635789299e-05 -3.917573852013204224e-05 -8.440157007539079059e-05
2.444557927515969368e+03 5.111308082036169695e-03 -1.823287717823696887e-05 -3.928154309188436978e-05 -8.462951911513798004e-05
2.441398897306931303e+03 5.117919113779042031e-03 -1.828213002312863890e-05 -3.938765512950173490e-05 -8.485813057001079674e-05
2.438243947750305779e+03 5.124538696315571705e-03 -1.833152616422941569e-05 -3.949407588944296211e-05 -8.508740714696774515e-05
2.435093073574943446e+03 5.131166840705461349e-03 -1.838106618984562617e-05 -3.960080663917559375e-05 -8.531735157668482146e-05
2.431946269516503889e+03 5.137803558022721595e-03 -1.843075066459373915e-05 -3.970784859512893763e-05 -8.554796647987957924e-05
2.428803530317446530e+03 5.144448859355683218e-03 -1.848058025058500994e-05 -3.981520318377846794e-05 -8.577925492980021738e-05
2.425664850727020166e+03 5.151102755807026624e-03 -1.853055552917419319e-05 -3.992287165761500544e-05 -8.601121962485645529e-05
2.422530225501254336e+03 5.157765258493793997e-03 -1.858067712092047224e-05 -4.003085535359280619e-05 -8.624386344542887871e-05
2.419399649402957493e+03 5.164436378547397101e-03 -1.863094566730097659e-05 -4.013915565373243969e-05 -8.647718936899058699e-05
2.416273117201702007e+03 5.171116127113647640e-03 -1.868136179638096354e-05 -4.024777391115948465e-05 -8.671120031076223018e-05
2.413150623673817336e+03 5.177804515352771135e-03 -1.873192613943457980e-05 -4.035671148591286715e-05 -8.694589920085884832e-05
2.410032163602374567e+03 5.184501554439441620e-03 -1.878263935866127376e-05 -4.046596980465805429e-05 -8.718128911293804859e-05
2.406917731777191875e+03 5.191207255562766895e-03 -1.883350210520925153e-05 -4.057555027025131823e-05 -8.741737306936201736e-05
2.403807322994810875e+03 5.197921629926345773e-03 -1.888451506851738235e-05 -4.068545436804367894e-05 -8.765415427022253041e-05
2.400700932058498438e+03 5.204644688748255935e-03 -1.893567889903963736e-05 -4.079568349939574493e-05 -8.789163573465948458e-05
2.397598553778236692e+03 5.211376443261080821e-03 -1.898699429345088836e-05 -4.090623916524800815e-05 -8.812982069635119252e-05
2.394500182970703918e+03 5.218116904711950395e-03 -1.903846192589180009e-05 -4.101712281799251502e-05 -8.836871228438139764e-05
2.391405814459283192e+03 5.224866084362519460e-03 -1.909008247402202215e-05 -4.112833591760271763e-05 -8.860831364416760659e-05
2.388315443074035556e+03 5.231623993489030976e-03 -1.914185669073601898e-05 -4.123988008614058422e-05 -8.884862827033635033e-05
2.385229063651707293e+03 5.238390643382296111e-03 -1.919378521499059051e-05 -4.135175670019680330e-05 -8.908965912866236296e-05
2.382146671035713553e+03 5.245166045347729802e-03 -1.924586880747173877e-05 -4.146396739861966588e-05 -8.933140974993728390e-05
2.379068260076124261e+03 5.251950210705385452e-03 -1.929810815162234599e-05 -4.157651365384225508e-05 -8.957388330642201545e-05
2.375993825629670482e+03 5.258743150789937579e-03 -1.935050399822334645e-05 -4.168939708337303233e-05 -8.981708328293290208e-05
2.372923362559718043e+03 5.265544876950740798e-03 -1.940305704243143074e-05 -4.180261918488171590e-05 -9.006101290610149795e-05
2.369856865736275267e+03 5.272355400551815077e-03 -1.945576806625549322e-05 -4.191618164315537450e-05 -9.030567580569156963e-05
2.366794330035976600e+03 5.279174732971876963e-03 -1.950863778686636683e-05 -4.203008600329172353e-05 -9.055107531051522374e-05
2.363735750342068059e+03 5.286002885604376006e-03 -1.956166694789656648e-05 -4.214433386739847815e-05 -9.079721487220885723e-05
2.360681121544413145e+03 5.292839869857480888e-03 -1.961485631280350132e-05 -4.225892688029474594e-05 -9.104409803442784302e-05
2.357630438539468742e+03 5.299685697154131458e-03 -1.966820660785356605e-05 -4.237386660667404460e-05 -9.129172816820217164e-05
2.354583696230291480e+03 5.306540378932029199e-03 -1.972171858762197902e-05 -4.248915467221939468e-05 -9.154010877595973724e-05
2.351540889526518640e+03 5.313403926643671046e-03 -1.977539303949209592e-05 -4.260479277329681883e-05 -9.178924351241038893e-05
2.348502013344360421e+03 5.320276351756378884e-03 -1.982923071055059814e-05 -4.272078251945578585e-05 -9.203913584522324459e-05
2.345467062606599484e+03 5.327157665752287399e-03 -1.988323235705862825e-05 -4.283712554001152230e-05 -9.228978928465160372e-05
2.342436032242570946e+03 5.334047880128402197e-03 -1.993739877173973229e-05 -4.295382354283514351e-05 -9.254120751019226420e-05
2.339408917188164196e+03 5.340947006396585921e-03 -1.999173072736452797e-05 -4.307087819281047678e-05 -9.279339410872864758e-05
2.336385712385810621e+03 5.347855056083589478e-03 -2.004622895247118285e-05 -4.318829105952541982e-05 -9.304635246183542367e-05
2.333366412784469503e+03 5.354772040731086737e-03 -2.010089424195113570e-05 -4.330606385552166827e-05 -9.330008625907177582e-05
2.330351013339631663e+03 5.361697971895662378e-03 -2.015572740842297130e-05 -4.342419833153288118e-05 -9.355459927227909088e-05
2.327339509013296720e+03 5.368632861148865676e-03 -2.021072921008785952e-05 -4.354269612105397260e-05 -9.380989502071541465e-05
2.324331894773978547e+03 5.375576720077198355e-03 -2.026590036346251382e-05 -4.366155876777339840e-05 -9.406597683015673528e-05
2.321328165596689360e+03 5.382529560282150148e-03 -2.032124168922388210e-05 -4.378078803978603862e-05 -9.432284850984803222e-05
2.318328316462926523e+03 5.389491393380230026e-03 -2.037675400592249363e-05 -4.390038570060556509e-05 -9.458051385916429110e-05
2.315332342360678922e+03 5.396462231002950583e-03 -2.043243802032257523e-05 -4.402035327290933420e-05 -9.483897615861441952e-05
2.312340238284400584e+03 5.403442084796891351e-03 -2.048829455060830425e-05 -4.414069251942172539e-05 -9.509823920587303530e-05
2.309351999235018866e+03 5.410430966423677990e-03 -2.054432431831442401e-05 -4.426140499464222163e-05 -9.535830635000768949e-05
2.306367620219916716e+03 5.417428887560022180e-03 -2.060052814860983364e-05 -4.438249247634331863e-05 -9.561918142111311143e-05
2.303387096252921765e+03 5.424435859897751115e-03 -2.065690677752350773e-05 -4.450395655025136509e-05 -9.588086783553322328e-05
2.300410422354309503e+03 5.431451895143796227e-03 -2.071346100180070137e-05 -4.462579893290200673e-05 -9.614336929143188406e-05
2.297437593550781003e+03 5.438477005020249562e-03 -2.077019154158643428e-05 -4.474802117580061410e-05 -9.640668913142617046e-05
2.294468604875466099e+03 5.445511201264349038e-03 -2.082709919051929203e-05 -4.487062498878972090e-05 -9.667083103926006615e-05
2.291503451367912021e+03 5.452554495628516608e-03 -2.088418471006308670e-05 -4.499361201239336779e-05 -9.693579854933553604e-05
2.288542128074067023e+03 5.459606899880386013e-03 -2.094144885285461528e-05 -4.511698386811837085e-05 -9.720159515508310056e-05
2.285584630046286748e+03 5.466668425802794981e-03 -2.099889228775330907e-05 -4.524074199697870489e-05 -9.746822396107324767e-05
2.282630952343309218e+03 5.473739085193838130e-03 -2.105651589006797921e-05 -4.536488828477003451e-05 -9.773568903012955483e-05
2.279681090030262567e+03 5.480818889866858300e-03 -2.111432036241002279e-05 -4.548942424522272389e-05 -9.800399362348529222e-05
2.276735038178648665e+03 5.487907851650475170e-03 -2.117230636501897590e-05 -4.561435130077973345e-05 -9.827314080570083833e-05
2.273792791866329480e+03 5.495005982388623429e-03 -2.123047474183987639e-05 -4.573967126966553499e-05 -9.854313449402211532e-05
2.270854346177534353e+03 5.502113293940537157e-03 -2.128882620809050927e-05 -4.586538569277011628e-05 -9.881397800819597147e-05
2.267919696202833620e+03 5.509229798180808810e-03 -2.134736148666271032e-05 -4.599149612751674861e-05 -9.908567470358911828e-05
2.264988837039144983e+03 5.516355506999376206e-03 -2.140608125631019077e-05 -4.611800403623596669e-05 -9.935822773069718074e-05
2.262061763789720771e+03 5.523490432301552885e-03 -2.146498630210570544e-05 -4.624491111031573309e-05 -9.963164073350509362e-05
2.259138471564131578e+03 5.530634586008068877e-03 -2.152407728512730902e-05 -4.637221877400555332e-05 -9.990591678046534501e-05
2.256218955478273529e+03 5.537787980055050747e-03 -2.158335499095862222e-05 -4.649992871979404489e-05 -1.001810595179341553e-04
2.253303210654344184e+03 5.544950626394084051e-03 -2.164282013504368615e-05 -4.662804248905865964e-05 -1.004570722667085989e-04
2.250391232220847087e+03 5.552122536992197717e-03 -2.170247338325278667e-05 -4.675656151637342154e-05 -1.007339581174846691e-04
2.247483015312579482e+03 5.559303723831898747e-03 -2.176231548794593416e-05 -4.688548742264884902e-05 -1.010117205624082559e-04
2.244578555070616858e+03 5.566494198911206906e-03 -2.182234717474371152e-05 -4.701482177118712348e-05 -1.012903629695117747e-04
2.241677846642319309e+03 5.573693974243641713e-03 -2.188256917263800121e-05 -4.714456613255359831e-05 -1.015698887224757412e-04
2.238780885181306076e+03 5.580903061858279689e-03 -2.194298220743508626e-05 -4.727472207045054582e-05 -1.018503011901945659e-04
2.235887665847464632e+03 5.588121473799742209e-03 -2.200358699151881323e-05 -4.740529111966241833e-05 -1.021316036792611090e-04
2.232998183806932957e+03 5.595349222128229334e-03 -2.206438428807499524e-05 -4.753627492442322015e-05 -1.024137997320701416e-04
2.230112434232088162e+03 5.602586318919553637e-03 -2.212537479560635712e-05 -4.766767498961143495e-05 -1.026968925907840752e-04
2.227230412301551041e+03 5.609832776265127191e-03 -2.218655926452247018e-05 -4.779949293193547780e-05 -1.029808857384956167e-04
2.224352113200162876e+03 5.617088606272021417e-03 -2.224793844541415386e-05 -4.793173036849426632e-05 -1.032657826591387734e-04
2.221477532118989529e+03 5.624353821062953208e-03 -2.230951309154832654e-05 -4.806438892215216647e-05 -1.035515868490687958e-04
2.218606664255307805e+03 5.631628432776322225e-03 -2.237128396668442218e-05 -4.819747023837900362e-05 -1.038383018533429981e-04
2.215739504812600444e+03 5.638912453566224774e-03 -2.243325189445582844e-05 -4.833097609163910163e-05 -1.041259314949288627e-04
2.212876049000542025e+03 5.646205895602486764e-03 -2.249541763561282022e-05 -4.846490812091927189e-05 -1.044144793049164285e-04
2.210016292034994422e+03 5.653508771070674122e-03 -2.255778202606292953e-05 -4.859926812712767833e-05 -1.047039491632447360e-04
2.207160229138004070e+03 5.660821092172104059e-03 -2.262034584851317190e-05 -4.873405779655546943e-05 -1.049943447029178797e-04
2.204307855537786963e+03 5.668142871123880641e-03 -2.268310994630643281e-05 -4.886927894612983522e-05 -1.052856698383868847e-04
2.201459166468725016e+03 5.675474120158904325e-03 -2.274607512731149540e-05 -4.900493331635127388e-05 -1.055779283194463881e-04
2.198614157171351962e+03 5.682814851525907519e-03 -2.280924229351331137e-05 -4.914102285048746894e-05 -1.058711243327396909e-04
2.195772822892349268e+03 5.690165077489466733e-03 -2.287261235437266051e-05 -4.927754950791229314e-05 -1.061652620996098218e-04
2.192935158884543853e+03 5.697524810330009508e-03 -2.293618626877992977e-05 -4.941451535449242993e-05 -1.064603460708316398e-04
2.190101160406891267e+03 5.704894062343853454e-03 -2.299996485217535361e-05 -4.955192214704061930e-05 -1.067563800313434770e-04
2.187270822724473419e+03 5.712272845843214923e-03 -2.306394909664810107e-05 -4.968977202294819938e-05 -1.070533685860153533e-04
2.184444141108483109e+03 5.719661173156249771e-03 -2.312813987656209776e-05 -4.982806686597510289e-05 -1.073513157932850587e-04
2.181621110836229491e+03 5.727059056627040352e-03 -2.319253835939194522e-05 -4.996680919136915294e-05 -1.076502270720896886e-04
2.178801727191113969e+03 5.734466508615653629e-03 -2.325714545845607558e-05 -5.010600096681524178e-05 -1.079501066616778571e-04
2.175985985462637018e+03 5.741883541498129032e-03 -2.332196216628061846e-05 -5.024564433064609997e-05 -1.082509591689478012e-04
2.173173880946382724e+03 5.749310167666512282e-03 -2.338698959670014370e-05 -5.038574168254556591e-05 -1.085527897638616083e-04
2.170365408944006958e+03 5.756746399528895296e-03 -2.345222884548062939e-05 -5.052629538326984955e-05 -1.088556035325143843e-04
2.167560564763243292e+03 5.764192249509393629e-03 -2.351768089392325341e-05 -5.066730754696829447e-05 -1.091594050297027595e-04
2.164759343717876618e+03 5.771647730048217600e-03 -2.358334695491858931e-05 -5.080878078673439877e-05 -1.094641998851660439e-04
2.161961741127753157e+03 5.779112853601648878e-03 -2.364922829119290912e-05 -5.095071782302944952e-05 -1.097699939599604252e-04
2.159167752318763178e+03 5.786587632642082972e-03 -2.371532591875831299e-05 -5.109312084478514728e-05 -1.100767919699962644e-04
2.156377372622829625e+03 5.794072079658060467e-03 -2.378164099265423376e-05 -5.123599234045855751e-05 -1.103845992764917989e-04
2.153590597377912673e+03 5.801566207154255743e-03 -2.384817480856720788e-05 -5.137933510152166270e-05 -1.106934218934910955e-04
2.150807421927988344e+03 5.809070027651535954e-03 -2.391492858129642485e-05 -5.152315174517998743e-05 -1.110032654595925614e-04
2.148027841623050790e+03 5.816583553686949758e-03 -2.398190356978175341e-05 -5.166744498373727483e-05 -1.113141358182774131e-04
2.145251851819101375e+03 5.824106797813760270e-03 -2.404910106933843140e-05 -5.181221760786558305e-05 -1.116260389818663916e-04
2.142479447878135488e+03 5.831639772601481496e-03 -2.411652225448140851e-05 -5.195747214798066937e-05 -1.119389804019749743e-04
2.139710625168146635e+03 5.839182490635865322e-03 -2.418416847496168758e-05 -5.210321151203293745e-05 -1.122529663435923534e-04
2.136945379063104156e+03 5.846734964518963094e-03 -2.425204112687193863e-05 -5.224943870781282868e-05 -1.125680032868066284e-04
2.134183704942958229e+03 5.854297206869110877e-03 -2.432014155719539628e-05 -5.239615663730778385e-05 -1.128840974837602256e-04
2.131425598193627593e+03 5.861869230320963277e-03 -2.438847099883617269e-05 -5.254336795672918795e-05 -1.132012546570870597e-04
2.128671054206985445e+03 5.869451047525535078e-03 -2.445703084186543830e-05 -5.269107566089457651e-05 -1.135194812589259485e-04
2.125920068380864450e+03 5.877042671150180426e-03 -2.452582258447275244e-05 -5.283928297755551842e-05 -1.138387842432568185e-04
2.123172636119035360e+03 5.884644113878660480e-03 -2.459484760235282572e-05 -5.298799287055642066e-05 -1.141591699954888796e-04
2.120428752831211568e+03 5.892255388411126067e-03 -2.466410714207956410e-05 -5.313720802555935331e-05 -1.144806443017056853e-04
2.117688413933035008e+03 5.899876507464153243e-03 -2.473360272896960748e-05 -5.328693172875937647e-05 -1.148032142417998566e-04
2.114951614846064331e+03 5.907507483770783191e-03 -2.480333586718735348e-05 -5.343716722078047972e-05 -1.151268867974841276e-04
2.112218350997781727e+03 5.915148330080502274e-03 -2.487330802251372890e-05 -5.358791765955192376e-05 -1.154516687723108621e-04
2.109488617821564731e+03 5.922799059159312290e-03 -2.494352045232981112e-05 -5.373918575401912196e-05 -1.157775660025260026e-04
2.106762410756698500e+03 5.930459683789707052e-03 -2.501397473630803832e-05 -5.389097490748317310e-05 -1.161045858203195121e-04
2.104039725248357172e+03 5.938130216770717493e-03 -2.508467247414744857e-05 -5.404328856639117759e-05 -1.164327356508366063e-04
2.101320556747595674e+03 5.945810670917940285e-03 -2.515561506507398503e-05 -5.419612974528405675e-05 -1.167620219887087913e-04
2.098604900711350183e+03 5.953501059063530040e-03 -2.522680384635555669e-05 -5.434950132521816597e-05 -1.170924510409838417e-04
2.095892752602417659e+03 5.961201394056259151e-03 -2.529824051006090006e-05 -5.450340695164509450e-05 -1.174240306615491249e-04
2.093184107889464030e+03 5.968911688761502181e-03 -2.536992663214277928e-05 -5.465785001985215563e-05 -1.177567681653293621e-04
2.090478962047006007e+03 5.976631956061274030e-03 -2.544186353603889507e-05 -5.481283338109943704e-05 -1.180906696951782351e-04
2.087777310555401073e+03 5.984362208854268964e-03 -2.551405283527447544e-05 -5.496836051162166037e-05 -1.184257427404164579e-04
2.085079148900853852e+03 5.992102460055840664e-03 -2.558649617412157341e-05 -5.512443495389558268e-05 -1.187619949330787647e-04
2.082384472575390191e+03 5.999852722598069885e-03 -2.565919498073266307e-05 -5.528105978478243209e-05 -1.190994329020617516e-04
2.079693277076866252e+03 6.007613009429749705e-03 -2.573215077632455851e-05 -5.543823828164449720e-05 -1.194380637082284482e-04
2.077005557908952142e+03 6.015383333516419358e-03 -2.580536522332215038e-05 -5.559597402606761160e-05 -1.197778950678716288e-04
2.074321310581122361e+03 6.023163707840404127e-03 -2.587883989200196741e-05 -5.575427040110999280e-05 -1.201189342695692375e-04
2.071640530608657627e+03 6.030954145400800603e-03 -2.595257619638341367e-05 -5.591313045318413509e-05 -1.204611878766180283e-04
2.068963213512626226e+03 6.038754659213538267e-03 -2.602657586182120477e-05 -5.607255789945407299e-05 -1.208046638974051676e-04
2.066289354819886285e+03 6.046565262311366477e-03 -2.610084051361324925e-05 -5.623255624151798785e-05 -1.211493698758952674e-04
2.063618950063073498e+03 6.054385967743892635e-03 -2.617537148486600356e-05 -5.639312835146668268e-05 -1.214953119998203628e-04
2.060951994780590667e+03 6.062216788577615145e-03 -2.625017057451582022e-05 -5.655427810499105663e-05 -1.218424986191033393e-04
2.058288484516609969e+03 6.070057737895914740e-03 -2.632523939815546691e-05 -5.671600898278020817e-05 -1.221909372326615908e-04
2.055628414821052047e+03 6.077908828799115197e-03 -2.640057931744185850e-05 -5.687832391843500253e-05 -1.225406341607465687e-04
2.052971781249591459e+03 6.085770074404465990e-03 -2.647619210746929790e-05 -5.704122673628022803e-05 -1.228915976426162764e-04
2.050318579363643948e+03 6.093641487846186526e-03 -2.655207940933347138e-05 -5.720472097194931349e-05 -1.232438352955620060e-04
2.047668804730352804e+03 6.101523082275496501e-03 -2.662824253751744724e-05 -5.736880945741021576e-05 -1.235973532208737495e-04
2.045022452922595448e+03 6.109414870860606361e-03 -2.670468336811321623e-05 -5.753349623458059399e-05 -1.239521601265991904e-04
2.042379519518960024e+03 6.117316866786779751e-03 -2.678140336271960876e-05 -5.769878445237967032e-05 -1.243082627968790420e-04
2.039740000103751754e+03 6.125229083256317035e-03 -2.685840402668230134e-05 -5.786467735397636856e-05 -1.246656682189090386e-04
2.037103890266979988e+03 6.133151533488595195e-03 -2.693568714703543430e-05 -5.803117878941908158e-05 -1.250243846873669231e-04
2.034471185604344782e+03 6.141084230720105994e-03 -2.701325403150607000e-05 -5.819829157612030465e-05 -1.253844182721839285e-04
2.031841881717242586e+03 6.149027188204440365e-03 -2.709110633510046606e-05 -5.836601927968296949e-05 -1.257457766552187305e-04
2.029215974212745323e+03 6.156980419212350862e-03 -2.716924587291177275e-05 -5.853436581060669932e-05 -1.261084682613873402e-04
2.026593458703604028e+03 6.164943937031740380e-03 -2.724767372025859279e-05 -5.870333348559522133e-05 -1.264724980818766377e-04
2.023974330808237028e+03 6.172917754967698588e-03 -2.732639182840757892e-05 -5.887292650852507411e-05 -1.268378751736640674e-04
2.021358586150717429e+03 6.180901886342539224e-03 -2.740540159478352652e-05 -5.904314789005673809e-05 -1.272046060230210560e-04
2.018746220360778125e+03 6.188896344495786218e-03 -2.748470427805483363e-05 -5.921400034190904289e-05 -1.275726964721686789e-04
2.016137229073789740e+03 6.196901142784238745e-03 -2.756430189468222233e-05 -5.938548820841496020e-05 -1.279421558806885680e-04
2.013531607930766313e+03 6.204916294581955608e-03 -2.764419546523113699e-05 -5.955761368831604508e-05 -1.283129889856258435e-04
2.010929352578351200e+03 6.212941813280299479e-03 -2.772438662682988352e-05 -5.973038030869833720e-05 -1.286852033858570303e-04
2.008330458668812298e+03 6.220977712287947305e-03 -2.780487700803153502e-05 -5.990379157817306445e-05 -1.290588066404558566e-04
2.005734921860030909e+03 6.229024005030930206e-03 -2.788566765557014442e-05 -6.007784975186038293e-05 -1.294338036079313982e-04
2.003142737815496048e+03 6.237080704952645618e-03 -2.796676039894759372e-05 -6.025255877130261629e-05 -1.298102027800791922e-04
2.000553902204303313e+03 6.245147825513866838e-03 -2.804815630605864848e-05 -6.042792093720929383e-05 -1.301880091136276528e-04
1.997968410701140101e+03 6.253225380192782915e-03 -2.812985690175662156e-05 -6.060393953477726425e-05 -1.305672296863188725e-04
1.995386258986282883e+03 6.261313382485010799e-03 -2.821186352321773571e-05 -6.078061744486540910e-05 -1.309478707047750901e-04
1.992807442745584922e+03 6.269411845903633505e-03 -2.829417733660849241e-05 -6.095795717990326281e-05 -1.313299375818617197e-04
1.990231957670471502e+03 6.277520783979212253e-03 -2.837679993219643129e-05 -6.113596216601838466e-05 -1.317134376989467933e-04
1.987659799457937652e+03 6.285640210259798612e-03 -2.845973204506624445e-05 -6.131463398690276026e-05 -1.320983744679912373e-04
1.985090963810534731e+03 6.293770138310971797e-03 -2.854297546948825095e-05 -6.149397650819457973e-05 -1.324847562172601313e-04
1.982525446436367247e+03 6.301910581715850813e-03 -2.862653099886762798e-05 -6.167399143923347636e-05 -1.328725866294140157e-04
1.979963243049078301e+03 6.310061554075142159e-03 -2.871039975772071861e-05 -6.185468120271650288e-05 -1.332618709239954892e-04
1.977404349367855048e+03 6.318223069007118144e-03 -2.879458317842655918e-05 -6.203604888461071519e-05 -1.336526157495190816e-04
1.974848761117406866e+03 6.326395140147691477e-03 -2.887908188512356900e-05 -6.221809582958156757e-05 -1.340448240029786084e-04
1.972296474027971954e+03 6.334577781150390989e-03 -2.896389722657293192e-05 -6.240082494344698029e-05 -1.344385019447690499e-04
1.969747483835302319e+03 6.342771005686408461e-03 -2.904902983370409968e-05 -6.258423758550322807e-05 -1.348336525034053940e-04
1.967201786280655142e+03 6.350974827444631592e-03 -2.913448108703620135e-05 -6.276833672998862531e-05 -1.352302820866899081e-04
1.964659377110793912e+03 6.359189260131635317e-03 -2.922025120165458188e-05 -6.295312284029046224e-05 -1.356283916929602624e-04
1.962120252077970235e+03 6.367414317471740796e-03 -2.930634153898632901e-05 -6.313859884951452349e-05 -1.360279876414012426e-04
1.959584406939927476e+03 6.375650013207006736e-03 -2.939275254903925464e-05 -6.332476572717322971e-05 -1.364290720207641128e-04
1.957051837459889157e+03 6.383896361097264952e-03 -2.947948491096820449e-05 -6.351162493646136703e-05 -1.368316479834063985e-04
1.954522539406546457e+03 6.392153374920161134e-03 -2.956653923897209989e-05 -6.369917780063038041e-05 -1.372357183801869713e-04
1.951996508554063439e+03 6.400421068471137502e-03 -2.965391627422996046e-05 -6.388742591650205217e-05 -1.376412866513540263e-04
1.949473740682054995e+03 6.408699455563505662e-03 -2.974161614198566004e-05 -6.407636955390612734e-05 -1.380483533782381742e-04
1.946954231575593894e+03 6.416988550028422320e-03 -2.982963933797153631e-05 -6.426600978086559530e-05 -1.384569208618251516e-04
1.944437977025197370e+03 6.425288365714935251e-03 -2.991798645896543492e-05 -6.445634788309928835e-05 -1.388669918721122706e-04
1.941924972826813928e+03 6.433598916490024071e-03 -3.000665731885772733e-05 -6.464738345964619025e-05 -1.392785655452551618e-04
1.939415214781831082e+03 6.441920216238577676e-03 -3.009565226959914122e-05 -6.483911726876118295e-05 -1.396916435148644439e-04
1.936908698697052387e+03 6.450252278863467977e-03 -3.018497133764771629e-05 -6.503154936744634474e-05 -1.401062259037473990e-04
1.934405420384702438e+03 6.458595118285533412e-03 -3.027461457676372232e-05 -6.522467987152468980e-05 -1.405223129614371414e-04
1.931905375662416418e+03 6.466948748443615384e-03 -3.036458150142860578e-05 -6.541850773497819601e-05 -1.409399024343561382e-04
1.929408560353225994e+03 6.475313183294603356e-03 -3.045487242925418552e-05 -6.561303364208078998e-05 -1.413589957967278834e-04
1.926914970285565687e+03 6.483688436813414904e-03 -3.054548647231100178e-05 -6.580825567984645318e-05 -1.417795889271489360e-04
1.924424601293251726e+03 6.492074522993065110e-03 -3.063642351175183462e-05 -6.600417359222655823e-05 -1.422016812739792906e-04
1.921937449215487050e+03 6.500471455844652677e-03 -3.072768287554608000e-05 -6.620078593137513874e-05 -1.426252697179292627e-04
1.919453509896849482e+03 6.508879249397395497e-03 -3.081926397907184167e-05 -6.639809143776244209e-05 -1.430503515454243973e-04
1.916972779187279457e+03 6.517297917698676619e-03 -3.091116574321642931e-05 -6.659608778651066984e-05 -1.434769217476671997e-04
1.914495252942084562e+03 6.525727474814024300e-03 -3.100338768701256005e-05 -6.679477394140721596e-05 -1.439049780922054098e-04
1.912020927021919533e+03 6.534167934827183125e-03 -3.109592847103974990e-05 -6.699414701675815865e-05 -1.443345143619998014e-04
1.909549797292792164e+03 6.542619311840094931e-03 -3.118878683205651399e-05 -6.719420429099215723e-05 -1.447655246936027618e-04
1.907081859626048526e+03 6.551081619972943040e-03 -3.128196181014178553e-05 -6.739494369602204156e-05 -1.451980046314554852e-04
1.904617109898364561e+03 6.559554873364189555e-03 -3.137545175976449524e-05 -6.759636168665853655e-05 -1.456319465376792793e-04
1.902155543991747891e+03 6.568039086170562348e-03 -3.146925490933164579e-05 -6.779845444612023794e-05 -1.460673421892678568e-04
1.899697157793520091e+03 6.576534272567120115e-03 -3.156336977905037963e-05 -6.800121878629012545e-05 -1.465041847176312651e-04
1.897241947196318733e+03 6.585040446747241101e-03 -3.165779445240253054e-05 -6.820465057815493280e-05 -1.469424652270801435e-04
1.894789908098088290e+03 6.593557622922660393e-03 -3.175252655497559650e-05 -6.840874470619800714e-05 -1.473821726965679490e-04
1.892341036402066493e+03 6.602085815323511554e-03 -3.184756435593869906e-05 -6.861349744145724952e-05 -1.478232990922893984e-04
1.889895328016789790e+03 6.610625038198311883e-03 -3.194290536001489036e-05 -6.881890340802147724e-05 -1.482658328321948818e-04
1.887452778856072882e+03 6.619175305814029193e-03 -3.203854677258968211e-05 -6.902495658507625518e-05 -1.487097609448329852e-04
1.885013384839014407e+03 6.627736632456067943e-03 -3.213448614758726850e-05 -6.923165170271104458e-05 -1.491550720765255926e-04
1.882577141889983750e+03 6.636309032428309995e-03 -3.223072066374447472e-05 -6.943898268269854137e-05 -1.496017531321289739e-04
1.880144045938610361e+03 6.644892520053154519e-03 -3.232724705409904532e-05 -6.964694248658200048e-05 -1.500497889477477075e-04
1.877714092919788300e+03 6.653487109671502378e-03 -3.242406227198663940e-05 -6.985552455052202478e-05 -1.504991653820185557e-04
1.875287278773655089e+03 6.662092815642828118e-03 -3.252116302669872419e-05 -7.006472178490201431e-05 -1.509498671608255080e-04
1.872863599445598993e+03 6.670709652345159155e-03 -3.261854547087164212e-05 -7.027452590082824133e-05 -1.514018764262884862e-04
1.870443050886244919e+03 6.679337634175120005e-03 -3.271620595170550850e-05 -7.048492902858192674e-05 -1.518551762236122293e-04
1.868025629051443730e+03 6.687976775547974789e-03 -3.281414077760337524e-05 -7.069592321485851101e-05 -1.523097494179215402e-04
1.865611329902276793e+03 6.696627090897608152e-03 -3.291234547145074208e-05 -7.090749881400723381e-05 -1.527655752282918572e-04
1.863200149405036427e+03 6.705288594676597248e-03 -3.301081582727962408e-05 -7.111964676454477418e-05 -1.532226341323490661e-04
1.860792083531230219e+03 6.713961301356195267e-03 -3.310954768961720755e-05 -7.133235811377631834e-05 -1.536809068420969991e-04
1.858387128257568975e+03 6.722645225426372197e-03 -3.320853588779889610e-05 -7.154562172184268957e-05 -1.541403693574365746e-04
1.855985279565956716e+03 6.731340381395857324e-03 -3.330777577890564492e-05 -7.175942758587806978e-05 -1.546010001278466054e-04
1.853586533443493408e+03 6.740046783792122756e-03 -3.340726245139540826e-05 -7.197376512428585199e-05 -1.550627763559683911e-04
1.851190885882456769e+03 6.748764447161452809e-03 -3.350699048336805430e-05 -7.218862265593633989e-05 -1.555256728755708264e-04
1.848798332880306134e+03 6.757493386068929263e-03 -3.360695442619902640e-05 -7.240398844212374155e-05 -1.559896643963789372e-04
1.846408870439670864e+03 6.766233615098472993e-03 -3.370714903538932986e-05 -7.261985118391750223e-05 -1.564547265755848434e-04
1.844022494568339198e+03 6.774985148852884741e-03 -3.380756835671559004e-05 -7.283619805333227100e-05 -1.569208317761317851e-04
1.841639201279262807e+03 6.783748001953829494e-03 -3.390820637016664363e-05 -7.305301608064711531e-05 -1.573879520556031798e-04
1.839258986590537233e+03 6.792522189041908486e-03 -3.400905701984060337e-05 -7.327029221881694210e-05 -1.578560593049923959e-04
1.836881846525405990e+03 6.801307724776640973e-03 -3.411011429941214257e-05 -7.348801352760611703e-05 -1.583251256454069336e-04
1.834507777112249869e+03 6.810104623836505874e-03 -3.421137160465248712e-05 -7.370616577863507073e-05 -1.587951204227322380e-04
1.832136774384575801e+03 6.818912900918986005e-03 -3.431282243741504563e-05 -7.392473497207134126e-05 -1.592660134752436560e-04
1.829768834381019360e+03 6.827732570740551593e-03 -3.441446044107894064e-05 -7.414370741299042104e-05 -1.597377752981206714e-04
1.827403953145327478e+03 6.836563648036730542e-03 -3.451627820659297570e-05 -7.436306713907539262e-05 -1.602103715015940402e-04
1.825042126726363449e+03 6.845406147562089344e-03 -3.461826935518902485e-05 -7.458280040768693238e-05 -1.606837724780448072e-04
1.822683351178090788e+03 6.854260084090288592e-03 -3.472042690923958725e-05 -7.480289218598224475e-05 -1.611579458401950812e-04
1.820327622559573456e+03 6.863125472414088185e-03 -3.482274330979065084e-05 -7.502332618868865237e-05 -1.616328565024883319e-04
1.817974936934961988e+03 6.872002327345394165e-03 -3.492521195939916477e-05 -7.524408820204598150e-05 -1.621084738423066466e-04
1.815625290373491453e+03 6.880890663715270861e-03 -3.502782531704675507e-05 -7.546516197942257440e-05 -1.625847628573431729e-04
1.813278678949477580e+03 6.889790496373952161e-03 -3.513057605419198863e-05 -7.568653173195463019e-05 -1.630616895315220116e-04
1.810935098742305627e+03 6.898701840190886621e-03 -3.523345740924078675e-05 -7.590818289222925330e-05 -1.635392224803034747e-04
1.808594545836426278e+03 6.907624710054749602e-03 -3.533646133807855354e-05 -7.613009812972691020e-05 -1.640173243662150656e-04
1.806257016321345873e+03 6.916559120873482305e-03 -3.543958094053727744e-05 -7.635226257848627435e-05 -1.644959631615140760e-04
1.803922506291620948e+03 6.925505087574312588e-03 -3.554280943456989366e-05 -7.657466162702988540e-05 -1.649751073867265305e-04
1.801591011846856873e+03 6.934462625103761033e-03 -3.564613868694187172e-05 -7.679727775283513944e-05 -1.654547192907218655e-04
1.799262529091695569e+03 6.943431748427686054e-03 -3.574956205318049953e-05 -7.702009664081951054e-05 -1.659347680325897433e-04
1.796937054135812332e+03 6.952412472531296905e-03 -3.585307312662042449e-05 -7.724310448824094121e-05 -1.664152238752237504e-04
1.794614583093902866e+03 6.961404812419204856e-03 -3.595666379126664897e-05 -7.746628380971821938e-05 -1.668960491475121870e-04
1.792295112085688061e+03 6.970408783115402372e-03 -3.606032793703846308e-05 -7.768962144148152044e-05 -1.673772154889726336e-04
1.789978637235894894e+03 6.979424399663338580e-03 -3.616405970954745451e-05 -7.791310477063339646e-05 -1.678586957259412449e-04
1.787665154674260975e+03 6.988451677125901915e-03 -3.626785147585759198e-05 -7.813671735251163290e-05 -1.683404544294673133e-04
1.785354660535522953e+03 6.997490630585464361e-03 -3.637169764394136305e-05 -7.836044713945820612e-05 -1.688224656436584285e-04
1.783047150959406054e+03 7.006541275143923081e-03 -3.647559309237878990e-05 -7.858428309770821771e-05 -1.693047055969888000e-04
1.780742622090628174e+03 7.015603625922683072e-03 -3.657953128634250579e-05 -7.880821114840290203e-05 -1.697871439574766554e-04
1.778441070078880784e+03 7.024677698062733490e-03 -3.668350708813604942e-05 -7.903222022271079298e-05 -1.702697568780474791e-04
1.776142491078833928e+03 7.033763506724627704e-03 -3.678751647529810847e-05 -7.925630165450168563e-05 -1.707525256880898003e-04
1.773846881250124625e+03 7.042861067088528396e-03 -3.689155424955238458e-05 -7.948044424442880502e-05 -1.712354262593423809e-04
1.771554236757346189e+03 7.051970394354250063e-03 -3.699561615797932802e-05 -7.970463882985473264e-05 -1.717184388515013201e-04
1.769264553770052316e+03 7.061091503741243405e-03 -3.709969938283346472e-05 -7.992887934013087311e-05 -1.722015503857506741e-04
1.766977828462738671e+03 7.070224410488667316e-03 -3.720380010371058307e-05 -8.015315754444586247e-05 -1.726847431293449680e-04
1.764694057014846294e+03 7.079369129855375004e-03 -3.730791586525663417e-05 -8.037746815289976716e-05 -1.731680056855401933e-04
1.762413235610752736e+03 7.088525677119953891e-03 -3.741204483122300339e-05 -8.060180720941486645e-05 -1.736513295312253676e-04
1.760135360439759097e+03 7.097694067580770719e-03 -3.751618475749504727e-05 -8.082616987919271875e-05 -1.741347042501429265e-04
1.757860427696094348e+03 7.106874316555957666e-03 -3.762033567922621198e-05 -8.105055623796912840e-05 -1.746181300054607704e-04
1.755588433578898730e+03 7.116066439383480872e-03 -3.772449682248609859e-05 -8.127496461836160898e-05 -1.751016032049121970e-04
1.753319374292226030e+03 7.125270451421128297e-03 -3.782866732138948307e-05 -8.149939315487698119e-05 -1.755851198294140173e-04
1.751053246045033120e+03 7.134486368046552215e-03 -3.793284935277111412e-05 -8.172384653736356754e-05 -1.760686899829380897e-04
1.748790045051170182e+03 7.143714204657310857e-03 -3.803704517276142096e-05 -8.194832962650700674e-05 -1.765523241375142329e-04
1.746529767529383889e+03 7.152953976670854523e-03 -3.814125467309883224e-05 -8.217284218906480988e-05 -1.770360217906367223e-04
1.744272409703298763e+03 7.162205699524600185e-03 -3.824548172633476350e-05 -8.239739256819609409e-05 -1.775198009170969723e-04
1.742017967801422628e+03 7.171469388675912396e-03 -3.834973135736324915e-05 -8.262199158970690417e-05 -1.780036848403871005e-04
1.739766438057134792e+03 7.180745059602148400e-03 -3.845400601706840289e-05 -8.284664453386696473e-05 -1.784876849365032807e-04
1.737517816708675582e+03 7.190032727800702364e-03 -3.855831046251537533e-05 -8.307136164946244338e-05 -1.789718232857861341e-04
1.735272099999150669e+03 7.199332408788988030e-03 -3.866265162478276163e-05 -8.329615786904953536e-05 -1.794561320594526043e-04
1.733029284176512419e+03 7.208644118104515913e-03 -3.876703532096760323e-05 -8.352104572518392238e-05 -1.799406382580753946e-04
1.730789365493564674e+03 7.217967871304872482e-03 -3.887146766961782239e-05 -8.374603839987745588e-05 -1.804253702814382233e-04
1.728552340207951374e+03 7.227303683967766998e-03 -3.897595673136193198e-05 -8.397115325922784501e-05 -1.809103655436643222e-04
1.726318204582146336e+03 7.236651571691077485e-03 -3.908051039440443944e-05 -8.419640729785651172e-05 -1.813956606585557423e-04
1.724086954883457338e+03 7.246011550092829913e-03 -3.918513725649792060e-05 -8.442181903905989165e-05 -1.818812955333448146e-04
1.721858587384007478e+03 7.255383634811275392e-03 -3.928984726832520415e-05 -8.464740992093425101e-05 -1.823673163550097720e-04
1.719633098360740632e+03 7.264767841504873695e-03 -3.939464935091121286e-05 -8.487319916324512583e-05 -1.828537645312803444e-04
1.717410484095408492e+03 7.274164185852338357e-03 -3.949955326432763770e-05 -8.509920779342957764e-05 -1.833406853643963015e-04
1.715190740874563062e+03 7.283572683552678312e-03 -3.960457043142877255e-05 -8.532546042128113888e-05 -1.838281318745505887e-04
1.712973864989557342e+03 7.292993350325185746e-03 -3.970971193405045159e-05 -8.555198092189136990e-05 -1.843161554990686607e-04
1.710759852736530320e+03 7.302426201909508093e-03 -3.981498831031594595e-05 -8.577879199895859419e-05 -1.848048051515857853e-04
1.708548700416409474e+03 7.311871254065629815e-03 -3.992041125147887271e-05 -8.600591884052519165e-05 -1.852941350980942699e-04
1.706340404334900086e+03 7.321328522573923581e-03 -4.002599285475541178e-05 -8.623338750925336321e-05 -1.857842014888975426e-04
1.704134960802475916e+03 7.330798023235187560e-03 -4.013174524360952548e-05 -8.646122412435438133e-05 -1.862750605961306400e-04
1.701932366134381709e+03 7.340279771870635017e-03 -4.023768012831745617e-05 -8.668945391485369841e-05 -1.867667667740810988e-04
1.699732616650616592e+03 7.349773784321965431e-03 -4.034380889606271089e-05 -8.691810141369441499e-05 -1.872593728773725374e-04
1.697535708675937485e+03 7.359280076451348886e-03 -4.045014372509930713e-05 -8.714719285812947476e-05 -1.877529354324529475e-04
1.695341638539849100e+03 7.368798664141474643e-03 -4.055669677400677408e-05 -8.737675444302438188e-05 -1.882475108744492459e-04
1.693150402576592342e+03 7.378329563295591906e-03 -4.066348078005748953e-05 -8.760681361000062126e-05 -1.887431583245426905e-04
1.690961997125150219e+03 7.387872789837493341e-03 -4.077050911825272139e-05 -8.783739917462486560e-05 -1.892399398639897580e-04
1.688776418529227840e+03 7.397428359711594875e-03 -4.087779328119139541e-05 -8.806853589695098536e-05 -1.897379088367094114e-04
1.686593663137259227e+03 7.406996288882913143e-03 -4.098534442963434437e-05 -8.830024782210927443e-05 -1.902371170463644642e-04
1.684413727302393454e+03 7.416576593337118398e-03 -4.109317472588334649e-05 -8.853256115298449764e-05 -1.907376209453589741e-04
1.682236607382487136e+03 7.426169289080572673e-03 -4.120129483077498159e-05 -8.876549885765294841e-05 -1.912394700169130614e-04
1.680062299740107619e+03 7.435774392140315908e-03 -4.130971605976400100e-05 -8.899908531452277308e-05 -1.917427167827150591e-04
1.677890800742514102e+03 7.445391918564144874e-03 -4.141844952263386059e-05 -8.923334445889690293e-05 -1.922474128098118509e-04
1.675722106761663326e+03 7.455021884420591494e-03 -4.152750596262287023e-05 -8.946829943638058915e-05 -1.927536079638983706e-04
1.673556214174198658e+03 7.464664305798972277e-03 -4.163689565183417143e-05 -8.970397237754923947e-05 -1.932613499238539090e-04
1.671393119361439403e+03 7.474319198809431693e-03 -4.174662959224698550e-05 -8.994038698544848365e-05 -1.937706897563423844e-04
1.669232818709384446e+03 7.483986579582928289e-03 -4.185671792544074253e-05 -9.017756510944890112e-05 -1.942816745344055505e-04
1.667075308608696560e+03 7.493666464271306685e-03 -4.196717012327674643e-05 -9.041552715605706808e-05 -1.947943482225291594e-04
1.664920585454703769e+03 7.503358869047287161e-03 -4.207799617675384306e-05 -9.065429465022743793e-05 -1.953087571948217843e-04
1.662768645647391395e+03 7.513063810104503824e-03 -4.218920606902558455e-05 -9.089388910001240272e-05 -1.958249477889776051e-04
1.660619485591390230e+03 7.522781303657558385e-03 -4.230080940850610577e-05 -9.113433120611263755e-05 -1.963429646033042805e-04
1.658473101695981541e+03 7.532511365941996738e-03 -4.241281621107232850e-05 -9.137564254708084848e-05 -1.968628541273843391e-04
1.656329490375078421e+03 7.542254013214393094e-03 -4.252523607468658380e-05 -9.161784380110006478e-05 -1.973846609110125423e-04
1.654188648047231254e+03 7.552009261752324829e-03 -4.263807860920966426e-05 -9.186095567198771753e-05 -1.979084295592114736e-04
1.652050571135616565e+03 7.561777127854425393e-03 -4.275135294582955634e-05 -9.210499783229194313e-05 -1.984342024552012221e-04
1.649915256068026565e+03 7.571557627840427677e-03 -4.286506883876185661e-05 -9.234999129683324059e-05 -1.989620248740400668e-04
1.647782699276874155e+03 7.581350778051146669e-03 -4.297923732489994917e-05 -9.259595984387756010e-05 -1.994919480444491157e-04
1.645652897199174504e+03 7.591156594848559244e-03 -4.309386855725311991e-05 -9.284292534742034160e-05 -2.000240190925228723e-04
1.643525846276549373e+03 7.600975094615785958e-03 -4.320897365332954836e-05 -9.309091175940684354e-05 -2.005582896211631657e-04
1.641401542955216200e+03 7.610806293757142217e-03 -4.332456294136954558e-05 -9.333994133135631018e-05 -2.010948075698148357e-04
1.639279983685983552e+03 7.620650208698157360e-03 -4.344064673685940360e-05 -9.359003628731023695e-05 -2.016336208187239558e-04
1.637161164924242939e+03 7.630506855885614559e-03 -4.355723499978469715e-05 -9.384121808540704483e-05 -2.021747755980483300e-04
1.635045083129963359e+03 7.640376251787574235e-03 -4.367434051259164320e-05 -9.409351426459231795e-05 -2.027183312386475467e-04
1.632931734767690386e+03 7.650258412893381002e-03 -4.379197651514451801e-05 -9.434695334928891095e-05 -2.032643491945278235e-04
1.630821116306534805e+03 7.660153355713713100e-03 -4.391015606947618153e-05 -9.460156348079353048e-05 -2.038128900942749711e-04
1.628713224220169423e+03 7.670061096780599746e-03 -4.402889284461157754e-05 -9.485737410812776699e-05 -2.043640173838826197e-04
1.626608054986818615e+03 7.679981652647468841e-03 -4.414820055936400251e-05 -9.511441478757880707e-05 -2.049177947404413338e-04
1.624505605089260825e+03 7.689915039889137424e-03 -4.426809177705193823e-05 -9.537271258599586024e-05 -2.054742804777099372e-04
1.622405871014813101e+03 7.699861275101881931e-03 -4.438858330764487774e-05 -9.563230371936032575e-05 -2.060335526206550174e-04
1.620308849255333371e+03 7.709820374903428655e-03 -4.450969294117754552e-05 -9.589322651514016623e-05 -2.065956937433032110e-04
1.618214536307211574e+03 7.719792355932994510e-03 -4.463143915706009590e-05 -9.615552078601763961e-05 -2.071607896194782713e-04
1.616122928671359205e+03 7.729777234851339940e-03 -4.475383838358399535e-05 -9.641922192567380101e-05 -2.077289165025544187e-04
1.614034022853213401e+03 7.739775028340747237e-03 -4.487690636449565864e-05 -9.668436385298205700e-05 -2.083001474685292444e-04
1.611947815362718984e+03 7.749785753105102939e-03 -4.500065679360361727e-05 -9.695097607035858334e-05 -2.088745460784315576e-04
1.609864302714334599e+03 7.759809425869877014e-03 -4.512510958842572871e-05 -9.721910148879474994e-05 -2.094522047811897536e-04
1.607783481427020206e+03 7.769846063382173165e-03 -4.525028744984628326e-05 -9.748878901586319646e-05 -2.100332289449749435e-04
1.605705348024228442e+03 7.779895682410777405e-03 -4.537621186471265712e-05 -9.776008494357329255e-05 -2.106177183028979218e-04
1.603629899033908714e+03 7.789958299746135503e-03 -4.550290587153985473e-05 -9.803303890690093648e-05 -2.112057797902726992e-04
1.601557130988489234e+03 7.800033932200439724e-03 -4.563039344202011527e-05 -9.830770255129149483e-05 -2.117975246738383166e-04
1.599487040424881798e+03 7.810122596607605404e-03 -4.575869761273358954e-05 -9.858412550755236601e-05 -2.123930598799279043e-04
1.597419623884472458e+03 7.820224309823320397e-03 -4.588784314365082029e-05 -9.886236111942305050e-05 -2.129925003341443510e-04
1.595354877913109249e+03 7.830339088725097110e-03 -4.601785768842349460e-05 -9.914246896488998636e-05 -2.135959743933684178e-04
1.593292799061108781e+03 7.840466950212248223e-03 -4.614876754774775762e-05 -9.942450570708536773e-05 -2.142036041346177073e-04
1.591233383883237366e+03 7.850607911205972553e-03 -4.628060058104675181e-05 -9.970853136731687503e-05 -2.148155188698796614e-04
1.589176628938717158e+03 7.860761988649331636e-03 -4.641338771144097315e-05 -9.999461256742796689e-05 -2.154318621315649547e-04
1.587122530791213194e+03 7.870929199507305241e-03 -4.654715884332767168e-05 -1.002828137344895129e-04 -2.160527727235900274e-04
1.585071086008826569e+03 7.881109560766834735e-03 -4.668194511912430219e-05 -1.005732019628059770e-04 -2.166783951962519318e-04
1.583022291164096259e+03 7.891303089436805737e-03 -4.681778084309718107e-05 -1.008658511586787261e-04 -2.173088887758501037e-04
1.580976142833983658e+03 7.901509802548127917e-03 -4.695470029215449053e-05 -1.011608351694678312e-04 -2.179444125616989412e-04
1.578932637599875306e+03 7.911729717153724584e-03 -4.709273704965446573e-05 -1.014582263483252995e-04 -2.185851224339389182e-04
1.576891772047574477e+03 7.921962850328569117e-03 -4.723192972360345886e-05 -1.017581078736793331e-04 -2.192311975950612870e-04
1.574853542767290264e+03 7.932209219169742212e-03 -4.737231594260511274e-05 -1.020605608138988824e-04 -2.198828127015724817e-04
1.572817946353641673e+03 7.942468840796412799e-03 -4.751393367943012073e-05 -1.023656669788385195e-04 -2.205401440074609845e-04
1.570784979405641025e+03 7.952741732349919573e-03 -4.765682390690945260e-05 -1.026735146417865274e-04 -2.212033816917613981e-04
1.568754638526698272e+03 7.963027910993748446e-03 -4.780101262011764342e-05 -1.029841598074333203e-04 -2.218726464129215550e-04
1.566726920324610546e+03 7.973327393913586317e-03 -4.794650624376564223e-05 -1.032976163173989956e-04 -2.225479679918079617e-04
1.564701821411553283e+03 7.983640198317369652e-03 -4.809342918089620040e-05 -1.036141521899144397e-04 -2.232299238561947521e-04
1.562679338404083182e+03 7.993966341435261927e-03 -4.824194846988923813e-05 -1.039341272982599303e-04 -2.239192893295609559e-04
1.560659467923121838e+03 8.004305840519743837e-03 -4.839230131280061774e-05 -1.042580526787731176e-04 -2.246171654063203215e-04
1.558642206593959827e+03 8.014658712845589006e-03 -4.854442018958732253e-05 -1.045857828639310731e-04 -2.253232386861952498e-04
1.556627551046247845e+03 8.025024975709909095e-03 -4.869816344558563874e-05 -1.049170126680122947e-04 -2.260368516664802751e-04
1.554615497913985337e+03 8.035404646432214512e-03 -4.885329683823444778e-05 -1.052512374307172438e-04 -2.267569170895194738e-04
1.552606043835524588e+03 8.045797742354390131e-03 -4.900990832200671202e-05 -1.055886466442135506e-04 -2.274838432038123052e-04
1.550599185453556629e+03 8.056204280840773349e-03 -4.916816999446314813e-05 -1.059296110814561700e-04 -2.282184288154750476e-04
1.548594919415111463e+03 8.066624279278145418e-03 -4.932828782306298323e-05 -1.062745744858842307e-04 -2.289616299407663173e-04
1.546593242371551696e+03 8.077057755075771339e-03 -4.949035125218558353e-05 -1.066237295595714725e-04 -2.297138617437187967e-04
1.544594150978560720e+03 8.087504725665457112e-03 -4.965441188531431017e-05 -1.069771874788525947e-04 -2.304753637464844896e-04
1.542597641896147252e+03 8.097965208501527179e-03 -4.982053450643782259e-05 -1.073350878166001168e-04 -2.312464366497019117e-04
1.540603711788629198e+03 8.108439221060909433e-03 -4.998877767236851457e-05 -1.076975567296419972e-04 -2.320273522500174504e-04
1.538612357324637514e+03 8.118926780843116128e-03 -5.015919633508387056e-05 -1.080647126084248249e-04 -2.328183656119163177e-04
1.536623575177106432e+03 8.129427905370288990e-03 -5.033184384815508541e-05 -1.084366703997331668e-04 -2.336197243807386749e-04
1.534637362023263677e+03 8.139942612187261659e-03 -5.050678175124361451e-05 -1.088135626867485305e-04 -2.344317141982900051e-04
1.532653714544634113e+03 8.150470918861528469e-03 -5.068407722665904582e-05 -1.091955342093692326e-04 -2.352546468972283109e-04
1.530672629427024731e+03 8.161012842983332918e-03 -5.086380019927696150e-05 -1.095827356161729107e-04 -2.360888470400753349e-04
1.528694103360527151e+03 8.171568402165650322e-03 -5.104602076218780522e-05 -1.099753179181451685e-04 -2.369346399701369480e-04
1.526718133039508530e+03 8.182137614044236382e-03 -5.123080877348639041e-05 -1.103734316199888498e-04 -2.377923499399659912e-04
1.524744715162602233e+03 8.192720496277679232e-03 -5.141823684238856421e-05 -1.107772331535173804e-04 -2.386623139716878951e-04
1.522773846432710798e+03 8.203317066547378619e-03 -5.160837780680933379e-05 -1.111868794432615979e-04 -2.395448701489557197e-04
1.520805523556991375e+03 8.213927342557629172e-03 -5.180130295861961796e-05 -1.116025240829013370e-04 -2.404403493793213944e-04
1.518839743246858234e+03 8.224551342035606519e-03 -5.199708667050762081e-05 -1.120243273035360909e-04 -2.413490968702240507e-04
1.516876502217973439e+03 8.235189082731414131e-03 -5.219580397101314021e-05 -1.124524507492546531e-04 -2.422714608732961085e-04
1.514915797190237754e+03 8.245840582418133627e-03 -5.239752744127149195e-05 -1.128870507913728760e-04 -2.432077782803249025e-04
1.512957624887794736e+03 8.256505858891805688e-03 -5.260233114758578165e-05 -1.133282870009034808e-04 -2.441583928766358083e-04
1.511001982039013228e+03 8.267184929971520269e-03 -5.281029281383081730e-05 -1.137763268288585761e-04 -2.451236654244982492e-04
1.509048865376493040e+03 8.277877813499390572e-03 -5.302148438171397132e-05 -1.142313252689482889e-04 -2.461039298477378815e-04
1.507098271637054040e+03 8.288584527340608563e-03 -5.323598054204909384e-05 -1.146934432376529146e-04 -2.470995328304022233e-04
1.505150197561727509e+03 8.299305089383493539e-03 -5.345385928635901137e-05 -1.151628487626147766e-04 -2.481108363770726422e-04
1.503204639895760010e+03 8.310039517539474785e-03 -5.367519277730184972e-05 -1.156396973135678991e-04 -2.491381754371375132e-04
1.501261595388596788e+03 8.320787829743173103e-03 -5.390005542866559309e-05 -1.161241492101584990e-04 -2.501818954088040506e-04
1.499321060793885863e+03 8.331550043952392140e-03 -5.412852570866013077e-05 -1.166163735070200138e-04 -2.512423605092390429e-04
1.497383032869469616e+03 8.342326178148153082e-03 -5.436067564542750594e-05 -1.171165253840803655e-04 -2.523199050634624156e-04
1.495447508377372969e+03 8.353116250334762308e-03 -5.459657857254773789e-05 -1.176247628337482741e-04 -2.534148694558002539e-04
1.493514484083809748e+03 8.363920278539783634e-03 -5.483631292837972310e-05 -1.181412548463451234e-04 -2.545276177648633504e-04
1.491583956759166085e+03 8.374738280814123317e-03 -5.507995045269145732e-05 -1.186661559805158217e-04 -2.556584829771577495e-04
1.489655923178002695e+03 8.385570275232016174e-03 -5.532756336751489787e-05 -1.191996218339113570e-04 -2.568078003176605686e-04
1.487730380119046231e+03 8.396416279891082829e-03 -5.557922938703773673e-05 -1.197418198366735832e-04 -2.579759305036774964e-04
1.485807324365185650e+03 8.407276312912340122e-03 -5.583502020269217681e-05 -1.202929044433110635e-04 -2.591632062973598630e-04
1.483886752703462889e+03 8.418150392440260088e-03 -5.609500687875848551e-05 -1.208530287571744200e-04 -2.603699575498773754e-04
1.481968661925070137e+03 8.429038536642783838e-03 -5.635926612771579848e-05 -1.214223580502898198e-04 -2.615965403290165629e-04
1.480053048825346877e+03 8.439940763711335434e-03 -5.662786915093998599e-05 -1.220010457213714449e-04 -2.628432851222885897e-04
1.478139910203771251e+03 8.450857091860875664e-03 -5.690088391937217266e-05 -1.225892382093727608e-04 -2.641105074228547282e-04
1.476229242863957552e+03 8.461787539329914190e-03 -5.717838522805612675e-05 -1.231870966553307099e-04 -2.653985543985551356e-04
1.474321043613643724e+03 8.472732124380578933e-03 -5.746044476501527211e-05 -1.237947755064098361e-04 -2.667077587957187288e-04
1.472415309264697271e+03 8.483690865298583114e-03 -5.774713178154279879e-05 -1.244124239599984970e-04 -2.680384420503746147e-04
1.470512036633098887e+03 8.494663780393324135e-03 -5.803851915963580219e-05 -1.250401990355995072e-04 -2.693909424507868393e-04
1.468611222538945867e+03 8.505650887997855819e-03 -5.833467954971641888e-05 -1.256782572538025415e-04 -2.707655972103434209e-04
1.466712863806442556e+03 8.516652206468949132e-03 -5.863568144636392671e-05 -1.263267461817053016e-04 -2.721627242527187253e-04
1.464816957263893300e+03 8.527667754187132076e-03 -5.894159781585156727e-05 -1.269858230203781179e-04 -2.735826622573519552e-04
1.462923499743702450e+03 8.538697549556686223e-03 -5.925250090117265960e-05 -1.276556434126318044e-04 -2.750257465465140915e-04
1.461032488082362761e+03 8.549741611005719569e-03 -5.956845909100279919e-05 -1.283363546974015490e-04 -2.764922945523181730e-04
1.459143919120456303e+03 8.560799956986156131e-03 -5.988954136510292193e-05 -1.290281054870771882e-04 -2.779826264504522992e-04
1.457257789702646960e+03 8.571872605973784517e-03 -6.021581881554829513e-05 -1.297310489448918493e-04 -2.794970722210991885e-04
1.455374096677669968e+03 8.582959576468315172e-03 -6.054735996409684796e-05 -1.304453326964978761e-04 -2.810359499140853336e-04
1.453492836898336691e+03 8.594060886993354353e-03 -6.088423640001164891e-05 -1.311711109762870198e-04 -2.825995918173346906e-04
1.451614007221518932e+03 8.605176556096496079e-03 -6.122652133023774091e-05 -1.319085415038412769e-04 -2.841883377273860933e-04
1.449737604508151435e+03 8.616306602349304775e-03 -6.157428416744654899e-05 -1.326577738242278406e-04 -2.858025098293200225e-04
1.447863625623225289e+03 8.627451044347362111e-03 -6.192759519626809075e-05 -1.334189593610918181e-04 -2.874424343554902723e-04
1.445992067435776107e+03 8.638609900710325987e-03 -6.228652628731385201e-05 -1.341922529549717936e-04 -2.891084448997247513e-04
1.444122926818890164e+03 8.649783190081906242e-03 -6.265115140015251321e-05 -1.349778139469281872e-04 -2.908008847519314615e-04
1.442256200649686434e+03 8.660970931129958333e-03 -6.302155072235228906e-05 -1.357758150958396533e-04 -2.925201261098316682e-04
1.440391885809322503e+03 8.672173142546459046e-03 -6.339781726617934937e-05 -1.365864567905591097e-04 -2.942666006981214575e-04
1.438529979182985016e+03 8.683389843047562007e-03 -6.378000867371222307e-05 -1.374098632171800397e-04 -2.960405760676288389e-04
1.436670477659879680e+03 8.694621051373649726e-03 -6.416817205111528409e-05 -1.382461358628571423e-04 -2.978422708658003148e-04
1.434813378133236029e+03 8.705866786289314513e-03 -6.456234455154506030e-05 -1.390953547716396600e-04 -2.996718575423123316e-04
1.432958677500291287e+03 8.717127066583452155e-03 -6.496260592917465246e-05 -1.399576917686847768e-04 -3.015297062832443249e-04
1.431106372662294461e+03 8.728401911069234159e-03 -6.536905116625511521e-05 -1.408333514870491676e-04 -3.034162579571520412e-04
1.429256460524497925e+03 8.739691338584164998e-03 -6.578178525932207082e-05 -1.417225601349114586e-04 -3.053319999147829662e-04
1.427408937996147415e+03 8.750995367990139356e-03 -6.620088806928553212e-05 -1.426254897673865968e-04 -3.072773028376451034e-04
1.425563801990486127e+03 8.762314018173414376e-03 -6.662642805730163611e-05 -1.435422878795642376e-04 -3.092524844942763900e-04
1.423721049424739704e+03 8.773647308044708534e-03 -6.705847018184940827e-05 -1.444730944202450573e-04 -3.112578463952276730e-04
1.421880677220119878e+03 8.784995256539173888e-03 -6.749708980979610953e-05 -1.454180717624223079e-04 -3.132937383625084742e-04
1.420042682301814921e+03 8.796357882616455057e-03 -6.794236783786468121e-05 -1.463773941928022044e-04 -3.153605358854446781e-04
1.418207061598980999e+03 8.807735205260744729e-03 -6.839438251635987802e-05 -1.473512302965558521e-04 -3.174586021697770499e-04
1.416373812044747410e+03 8.819127243480752443e-03 -6.885321373388990699e-05 -1.483397521884721433e-04 -3.195883080255774197e-04
1.414542930576198614e+03 8.830534016309812134e-03 -6.931894222328603629e-05 -1.493431338021633016e-04 -3.217500281814537942e-04
1.412714414134379467e+03 8.841955542805849180e-03 -6.979165018943969234e-05 -1.503615522426991671e-04 -3.239441441987123789e-04
1.410888259664287261e+03 8.853391842051435909e-03 -7.027142121995639450e-05 -1.513951875941166965e-04 -3.261710440566496501e-04
1.409064464114860584e+03 8.864842933153855783e-03 -7.075833973760869424e-05 -1.524442217397657152e-04 -3.284311196110638515e-04
1.407243024438984776e+03 8.876308835245070444e-03 -7.125248493563196214e-05 -1.535088252962996786e-04 -3.307247384443920196e-04
1.405423937593476239e+03 8.887789567481820321e-03 -7.175394210895247153e-05 -1.545891820260667253e-04 -3.330522964606115075e-04
1.403607200539086534e+03 8.899285149045595145e-03 -7.226279921454809160e-05 -1.556854814266311427e-04 -3.354142019198487045e-04
1.401792810240492145e+03 8.910795599142701598e-03 -7.277914553588858638e-05 -1.567979158533974575e-04 -3.378108692392597467e-04
1.399980763666287203e+03 8.922320937004308422e-03 -7.330307181097517506e-05 -1.579266807954631815e-04 -3.402427195873379984e-04
1.398171057788987355e+03 8.933861181886423863e-03 -7.383466551794280936e-05 -1.590719647187569148e-04 -3.427101590016177839e-04
1.396363689585012935e+03 8.945416353069996288e-03 -7.437401303058635159e-05 -1.602339537099785804e-04 -3.452135883937408785e-04
1.394558656034693740e+03 8.956986469860889893e-03 -7.492120826266114131e-05 -1.614128501001805627e-04 -3.477534436727453687e-04
1.392755954122260846e+03 8.968571551589938490e-03 -7.547634716710409938e-05 -1.626088606136987804e-04 -3.503301702127118605e-04
1.390955580835837054e+03 8.980171617612999271e-03 -7.603952686101874239e-05 -1.638221944829900063e-04 -3.529442187913034890e-04
1.389157533167440079e+03 8.991786687310937207e-03 -7.661084237762404896e-05 -1.650530564509179623e-04 -3.555960305136483725e-04
1.387361808112968902e+03 9.003416780089713509e-03 -7.719038615597135990e-05 -1.663016456713815600e-04 -3.582860344438150197e-04
1.385568402672206503e+03 9.015061915380368288e-03 -7.777825895210285659e-05 -1.675681792166932628e-04 -3.610146982499236974e-04
1.383777313848811445e+03 9.026722112639070858e-03 -7.837456302626308205e-05 -1.688528773998714146e-04 -3.637824965819835897e-04
1.381988538650308783e+03 9.038397391347180454e-03 -7.897940323133790445e-05 -1.701559661196106225e-04 -3.665899161239789881e-04
1.380202074088094150e+03 9.050087771011223678e-03 -7.959288065502354806e-05 -1.714776631627503659e-04 -3.694374260834317955e-04
1.378417917177419213e+03 9.061793271162986441e-03 -8.021509591397302946e-05 -1.728181853012982969e-04 -3.723254934814751492e-04
1.376636064937394622e+03 9.073513911359493145e-03 -8.084615858660454662e-05 -1.741777686147998679e-04 -3.752546269360714664e-04
1.374856514390980692e+03 9.085249711183067400e-03 -8.148617974299648644e-05 -1.755566523964849769e-04 -3.782253419888562790e-04
1.373079262564980809e+03 9.097000690241382331e-03 -8.213527063121974425e-05 -1.769550763230567773e-04 -3.812381550076331376e-04
1.371304306490043700e+03 9.108766868167436290e-03 -8.279353755316950353e-05 -1.783732694150058564e-04 -3.842935594020917755e-04
1.369531643200647750e+03 9.120548264619660409e-03 -8.346109458847704454e-05 -1.798114774494472370e-04 -3.873920846829749000e-04
1.367761269735107362e+03 9.132344899281882172e-03 -8.413805862068689061e-05 -1.812699522443440207e-04 -3.905342733756376095e-04
1.365993183135561367e+03 9.144156791863391337e-03 -8.482454993692439479e-05 -1.827489529504517231e-04 -3.937206838034577232e-04
1.364227380447966198e+03 9.155983962098993706e-03 -8.552068556647951601e-05 -1.842487316997324623e-04 -3.969518591682807789e-04
1.362463858722099076e+03 9.167826429748988579e-03 -8.622658258555066738e-05 -1.857695407252094434e-04 -4.002283428896820654e-04
1.360702615011543003e+03 9.179684214599264161e-03 -8.694236680906991641e-05 -1.873116510869368429e-04 -4.035507189488451974e-04
1.358943646373691081e+03 9.191557336461276748e-03 -8.766816654048345894e-05 -1.888753392063100369e-04 -4.069195828776133611e-04
1.357186949869737191e+03 9.203445815172106234e-03 -8.840410765334297553e-05 -1.904608762696752451e-04 -4.103355189292587292e-04
1.355432522564667806e+03 9.215349670594516832e-03 -8.915031463476484153e-05 -1.920685304763945192e-04 -4.137991049217904535e-04
1.353680361527265632e+03 9.227268922616925842e-03 -8.990692193019665678e-05 -1.936985914804039766e-04 -4.173109648956966006e-04
1.351930463830094595e+03 9.239203591153514680e-03 -9.067406490704418257e-05 -1.953513509219386097e-04 -4.208717271708165789e-04
1.350182826549504398e+03 9.251153696144188976e-03 -9.145187895261075656e-05 -1.970271004841013009e-04 -4.244820201593455531e-04
1.348437446765619143e+03 9.263119257554661840e-03 -9.224049857590362338e-05 -1.987261299577633357e-04 -4.281424681967896145e-04
1.346694321562336881e+03 9.275100295376453863e-03 -9.304006595949183259e-05 -2.004487456659837820e-04 -4.318537312361736091e-04
1.344953448027319610e+03 9.287096829626964242e-03 -9.385072554857936452e-05 -2.021952588065209575e-04 -4.356164797327434913e-04
1.343214823251990993e+03 9.299108880349482922e-03 -9.467262278094601272e-05 -2.039659827155728333e-04 -4.394313887488736966e-04
1.341478444331534774e+03 9.311136467613206208e-03 -9.550590135339571767e-05 -2.057612269785187684e-04 -4.432991252660451755e-04
1.339744308364885910e+03 9.323179611513295745e-03 -9.635071283925356468e-05 -2.075813181501882725e-04 -4.472203928253107091e-04
1.338012412454727382e+03 9.335238332170897602e-03 -9.720721307373780492e-05 -2.094265919673815775e-04 -4.511959147496794791e-04
1.336282753707481788e+03 9.347312649733206455e-03 -9.807555474977714685e-05 -2.112973773970411556e-04 -4.552263997769443317e-04
1.334555329233313159e+03 9.359402584373446507e-03 -9.895589344764531151e-05 -2.131940096267058102e-04 -4.593125700467663242e-04
1.332830136146115137e+03 9.371508156290959957e-03 -9.984839281284413857e-05 -2.151168412199216072e-04 -4.634551851342796924e-04
1.331107171563512338e+03 9.383629385711196591e-03 -1.007532176513625252e-04 -2.170662272404281330e-04 -4.676550100011221439e-04
1.329386432606852168e+03 9.395766292885764093e-03 -1.016705299504762236e-04 -2.190425166792315929e-04 -4.719127965256239999e-04
1.327667916401197772e+03 9.407918898092488755e-03 -1.026005002186162302e-04 -2.210460768856106414e-04 -4.762293361378144656e-04
1.325951620075330538e+03 9.420087221635389460e-03 -1.035433022356499808e-04 -2.230772822569401976e-04 -4.806054354523860064e-04
1.324237540761736000e+03 9.432271283844781765e-03 -1.044991090074058344e-04 -2.251365055229783980e-04 -4.850418974912594451e-04
1.322525675596606334e+03 9.444471105077253612e-03 -1.054680971820534885e-04 -2.272241272606699569e-04 -4.895395421826067434e-04
1.320816021719834907e+03 9.456686705715717373e-03 -1.064504495994533963e-04 -2.293405413865530159e-04 -4.940992181938826805e-04
1.319108576275004225e+03 9.468918106169479237e-03 -1.074463498846948398e-04 -2.314861435088898158e-04 -4.987217778372511363e-04
1.317403336409392523e+03 9.481165326874204519e-03 -1.084559837777150437e-04 -2.336613337922444664e-04 -5.034080832411307873e-04
1.315700299273957626e+03 9.493428388292028675e-03 -1.094795424713293584e-04 -2.358665241490508983e-04 -5.081590218439582807e-04
1.313999462023341493e+03 9.505707310911526084e-03 -1.105172193165257277e-04 -2.381021311413847980e-04 -5.129754911015202770e-04
1.312300821815861127e+03 9.518002115247769027e-03 -1.115692108568266705e-04 -2.403685782094292292e-04 -5.178584032880362677e-04
1.310604375813501520e+03 9.530312821842391868e-03 -1.126357179247816843e-04 -2.426662980337956921e-04 -5.228086905856252917e-04
1.308910121181917248e+03 9.542639451263565040e-03 -1.137169433240005985e-04 -2.449957275416164921e-04 -5.278272943252583114e-04
1.307218055090420194e+03 9.554982024106093916e-03 -1.148130943173116783e-04 -2.473573132671187582e-04 -5.329151765357646470e-04
1.305528174711982274e+03 9.567340560991394530e-03 -1.159243824436080155e-04 -2.497515109570321522e-04 -5.380733190937080773e-04
1.303840477223226799e+03 9.579715082567561227e-03 -1.170510210705200316e-04 -2.521787802979812685e-04 -5.433027123638997039e-04
1.302154959804420969e+03 9.592105609509413502e-03 -1.181932276970569268e-04 -2.546395898773766799e-04 -5.486043658873119384e-04
1.300471619639479059e+03 9.604512162518478655e-03 -1.193512255368347759e-04 -2.571344205943760673e-04 -5.539793157297725297e-04
1.298790453915947865e+03 9.616934762323099337e-03 -1.205252389544939301e-04 -2.596637558279438359e-04 -5.594286032996908554e-04
1.297111459825011025e+03 9.629373429678398863e-03 -1.217154960091320921e-04 -2.622280869165114609e-04 -5.649532871536282240e-04
1.295434634561480607e+03 9.641828185366343659e-03 -1.229222313545821931e-04 -2.648279194064367568e-04 -5.705544564581951613e-04
1.293759975323788694e+03 9.654299050195807447e-03 -1.241456830929424382e-04 -2.674637662731398947e-04 -5.762332163854322472e-04
1.292087479313990116e+03 9.666786045002546957e-03 -1.253860890268968659e-04 -2.701361398469726829e-04 -5.819906707176221786e-04
1.290417143737750393e+03 9.679289190649299074e-03 -1.266436972140425900e-04 -2.728455745518275767e-04 -5.878279708361377944e-04
1.288748965804348018e+03 9.691808508025756552e-03 -1.279187553852231807e-04 -2.755926041076276508e-04 -5.937462666056963177e-04
1.287082942726665124e+03 9.704344018048639137e-03 -1.292115168659058221e-04 -2.783777742875472808e-04 -5.997467338589577198e-04
1.285419071721182036e+03 9.716895741661738667e-03 -1.305222406829359785e-04 -2.812016431480080696e-04 -6.058305748920350372e-04
1.283757350007978630e+03 9.729463699835905199e-03 -1.318511890291360349e-04 -2.840647755663219896e-04 -6.119990066962055541e-04
1.282097774810721148e+03 9.742047913569145887e-03 -1.331986242532939759e-04 -2.869677367558187936e-04 -6.182532469866735495e-04
1.280440343356665835e+03 9.754648403886602426e-03 -1.345648220226942926e-04 -2.899111206236589661e-04 -6.245945752976286717e-04
1.278785052876650298e+03 9.767265191840610039e-03 -1.359500570583422609e-04 -2.928955190383064687e-04 -6.310242667710215005e-04
1.277131900605085548e+03 9.779898298510759924e-03 -1.373546042762795541e-04 -2.959215242884183318e-04 -6.375435974540810723e-04
1.275480883779960550e+03 9.792547745003869764e-03 -1.387787543869089711e-04 -2.989897626905711195e-04 -6.441539167049669919e-04
1.273831999642826759e+03 9.805213552454096482e-03 -1.402227947590587625e-04 -3.021008533621371639e-04 -6.508565583716234646e-04
1.272185245438801758e+03 9.817895742022905020e-03 -1.416870143613243726e-04 -3.052554188670829360e-04 -6.576528637274566338e-04
1.270540618416563120e+03 9.830594334899129053e-03 -1.431717182867157392e-04 -3.084541165083725550e-04 -6.645442488887742674e-04
1.268898115828337950e+03 9.843309352299033435e-03 -1.446772088400488621e-04 -3.116975975819887695e-04 -6.715321170302347535e-04
1.267257734929907429e+03 9.856040815466293389e-03 -1.462037894305684101e-04 -3.149865157633334185e-04 -6.786178764528002670e-04
1.265619472980593400e+03 9.868788745672095117e-03 -1.477517813611074369e-04 -3.183215632783761352e-04 -6.858030185121128698e-04
1.263983327243261101e+03 9.881553164215106308e-03 -1.493214966728136377e-04 -3.217034123993901427e-04 -6.930889915748792958e-04
1.262349294984311655e+03 9.894334092421547266e-03 -1.509132595934019197e-04 -3.251327616538120724e-04 -7.004773005728408362e-04
1.260717373473673206e+03 9.907131551645248155e-03 -1.525274038673694638e-04 -3.286103300723640938e-04 -7.079694946107287007e-04
1.259087559984806148e+03 9.919945563267621239e-03 -1.541642549304865072e-04 -3.321368187851589967e-04 -7.155670842275799496e-04
1.257459851794687211e+03 9.932776148697770174e-03 -1.558241592751382894e-04 -3.357129742874113824e-04 -7.232716776985808954e-04
1.255834246183814685e+03 9.945623329372462254e-03 -1.575074598961099723e-04 -3.393395355389849824e-04 -7.310848670644964908e-04
1.254210740436199330e+03 9.958487126756192589e-03 -1.592145001681369667e-04 -3.430172423183214811e-04 -7.390082461296642669e-04
1.252589331839357101e+03 9.971367562341244828e-03 -1.609456462450459594e-04 -3.467468834799267933e-04 -7.470435144295977390e-04
1.250970017684312324e+03 9.984264657647663396e-03 -1.627012502877400637e-04 -3.505292177314672190e-04 -7.551923065504122408e-04
1.249352795265584291e+03 9.997178434223364524e-03 -1.644816799514765382e-04 -3.543650371621828222e-04 -7.634563289966444111e-04
1.247737661881189524e+03 1.001010891364411022e-02 -1.662873140684506513e-04 -3.582551579412970085e-04 -7.718373401515816416e-04
1.246124614832636098e+03 1.002305611751356379e-02 -1.681185175639179983e-04 -3.622003662764394305e-04 -7.803370338482155510e-04
1.244513651424913405e+03 1.003602006746336442e-02 -1.699756870415910972e-04 -3.662015166244067467e-04 -7.889572509579094711e-04
1.242904768966497386e+03 1.004900078515308555e-02 -1.718592054267784617e-04 -3.702594339727672884e-04 -7.976997688624995128e-04
1.241297964769335749e+03 1.006199829227035977e-02 -1.737694623951541444e-04 -3.743749578523109943e-04 -8.065663962762431452e-04
1.239693236148852066e+03 1.007501261053083894e-02 -1.757068729295667398e-04 -3.785489823164826404e-04 -8.155590593788962115e-04
1.238090580423937581e+03 1.008804376167826179e-02 -1.776718276836833507e-04 -3.827823490030945672e-04 -8.246795714241584620e-04
1.236489994916943488e+03 1.010109176748452166e-02 -1.796647522472855194e-04 -3.870759748175357372e-04 -8.339299078248066117e-04
1.234891476953684332e+03 1.011415664974963172e-02 -1.816860618049805890e-04 -3.914307542479269846e-04 -8.433119956970790577e-04
1.233295023863424603e+03 1.012723843030183951e-02 -1.837361737269979742e-04 -3.958475864911692216e-04 -8.528277723019714101e-04
1.231700632978881686e+03 1.014033713099760092e-02 -1.858155349934286632e-04 -4.003274345366761365e-04 -8.624793123372829703e-04
1.230108301636219267e+03 1.015345277372163395e-02 -1.879245649748783080e-04 -4.048712018910284789e-04 -8.722685623489341740e-04
1.228518027175037332e+03 1.016658538038699849e-02 -1.900637238447011915e-04 -4.094798799676643017e-04 -8.821976582724278156e-04
1.226929806938378306e+03 1.017973497293505475e-02 -1.922334534919752146e-04 -4.141544207877421264e-04 -8.922686511751734507e-04
1.225343638272711360e+03 1.019290157333558114e-02 -1.944342060589130446e-04 -4.188957984621296594e-04 -9.024836397154167465e-04
1.223759518527936962e+03 1.020608520358674311e-02 -1.966664599654656084e-04 -4.237050437153657150e-04 -9.128448445218594574e-04
1.222177445057377327e+03 1.021928588571517117e-02 -1.989306632380166663e-04 -4.285831217910334346e-04 -9.233543451487621467e-04
1.220597415217775279e+03 1.023250364177597134e-02 -2.012273148602630008e-04 -4.335311077169189554e-04 -9.340144576732794211e-04
1.219019426369285611e+03 1.024573849385279796e-02 -2.035568803170696478e-04 -4.385500043497631787e-04 -9.448273426847632415e-04
1.217443475875472814e+03 1.025899046405786934e-02 -2.059198564223093091e-04 -4.436408820426078719e-04 -9.557953061889374376e-04
1.215869561103309479e+03 1.027225957453198162e-02 -2.083167429386946978e-04 -4.488048175015781722e-04 -9.669206678788287582e-04
1.214297679423168120e+03 1.028554584744457989e-02 -2.107480278136779242e-04 -4.540428619775919929e-04 -9.782056926058828056e-04
1.212727828208818892e+03 1.029884930499377557e-02 -2.132142434723484652e-04 -4.593561625457316059e-04 -9.896528516684488085e-04
1.211160004837422093e+03 1.031216996940641575e-02 -2.157158801109443325e-04 -4.647457753017773373e-04 -1.001264420355912161e-03
1.209594206689529301e+03 1.032550786293806241e-02 -2.182534875353294758e-04 -4.702128847665550679e-04 -1.013042950641030978e-03
1.208030431149071774e+03 1.033886300787309823e-02 -2.208275751623868933e-04 -4.757585884454694969e-04 -1.024990807027521562e-03
1.206468675603363408e+03 1.035223542652470054e-02 -2.234386911319294214e-04 -4.813840672699481408e-04 -1.037110533755017990e-03
1.204908937443093009e+03 1.036562514123490902e-02 -2.260873812147727807e-04 -4.870904970675692071e-04 -1.049404664067244645e-03
1.203351214062316558e+03 1.037903217437468641e-02 -2.287741829967194238e-04 -4.928790360318346291e-04 -1.061875693216459164e-03
1.201795502858461077e+03 1.039245654834389417e-02 -2.314996778796586294e-04 -4.987509367551432428e-04 -1.074526319831178595e-03
1.200241801232310308e+03 1.040589828557140183e-02 -2.342644028507423807e-04 -5.047073561412435214e-04 -1.087359036384971406e-03
1.198690106588008803e+03 1.041935740851506614e-02 -2.370689625784370709e-04 -5.107495969088552551e-04 -1.100376649500239097e-03
1.197140416333055555e+03 1.043283393966178314e-02 -2.399139046754482883e-04 -5.168788388537882104e-04 -1.113581700970001217e-03
1.195592727878293545e+03 1.044632790152756618e-02 -2.427998465239190006e-04 -5.230964120855483230e-04 -1.126977056428318759e-03
1.194047038637915193e+03 1.045983931665751647e-02 -2.457273580043745726e-04 -5.294035443745083750e-04 -1.140565361026274482e-03
1.192503346029449403e+03 1.047336820762592539e-02 -2.486970567242828035e-04 -5.358015663156219218e-04 -1.154349481443794597e-03
1.190961647473763605e+03 1.048691459703626067e-02 -2.517095459944387057e-04 -5.422917777025946812e-04 -1.168332218001528729e-03
1.189421940395056481e+03 1.050047850752122182e-02 -2.547654368459115540e-04 -5.488754949619587811e-04 -1.182516406854464391e-03
1.187884222220851598e+03 1.051405996174281307e-02 -2.578653678027144174e-04 -5.555540937519987729e-04 -1.196905011768531306e-03
1.186348490381998772e+03 1.052765898239231036e-02 -2.610099462941766792e-04 -5.623288827395331226e-04 -1.211500852180921219e-03
1.184814742312663611e+03 1.054127559219037412e-02 -2.641998418217571146e-04 -5.692013043217300072e-04 -1.226307035642130354e-03
1.183282975450327967e+03 1.055490981388703016e-02 -2.674356628271574218e-04 -5.761726693464982703e-04 -1.241326386288365939e-03
1.181753187235784708e+03 1.056856167026172175e-02 -2.707181036165247899e-04 -5.832444736510870083e-04 -1.256562126803288703e-03
1.180225375113128621e+03 1.058223118412339112e-02 -2.740477820807932208e-04 -5.904180484411589592e-04 -1.272017125182557966e-03
1.178699536529760735e+03 1.059591837831043958e-02 -2.774254086094363604e-04 -5.976949242044397176e-04 -1.287694678762022100e-03
1.177175668936375359e+03 1.060962327569084547e-02 -2.808516162223751410e-04 -6.050764647410062768e-04 -1.303597725759877849e-03
1.175653769786962584e+03 1.062334589916213816e-02 -2.843271293598438718e-04 -6.125642308100304970e-04 -1.319729628729827270e-03
1.174133836538801461e+03 1.063708627165146393e-02 -2.878525974253269906e-04 -6.201596215089069577e-04 -1.336093401935832276e-03
1.172615866652452496e+03 1.065084441611564847e-02 -2.914287557850711260e-04 -6.278642211361871658e-04 -1.352692458645651579e-03
1.171099857591760156e+03 1.066462035554117602e-02 -2.950562744525263813e-04 -6.356794731920910844e-04 -1.369529908786233739e-03
1.169585806823841949e+03 1.067841411294429693e-02 -2.987358965643718486e-04 -6.436069787160593860e-04 -1.386609201692490419e-03
1.168073711819089112e+03 1.069222571137100342e-02 -3.024683133765080842e-04 -6.516482269737838492e-04 -1.403933545890090513e-03
1.166563570051161378e+03 1.070605517389709542e-02 -3.062542773756091880e-04 -6.598048391486591429e-04 -1.421506434112778175e-03
1.165055378996978106e+03 1.071990252362825004e-02 -3.100944984036415079e-04 -6.680783445488417240e-04 -1.439331161155097804e-03
1.163549136136722382e+03 1.073376778369998681e-02 -3.139897387561848391e-04 -6.764703854903732173e-04 -1.457411265279701020e-03
1.162044838953827821e+03 1.074765097727779263e-02 -3.179407286727085522e-04 -6.849825352264979914e-04 -1.475750135957954162e-03
1.160542484934981985e+03 1.076155212755708530e-02 -3.219482394549176064e-04 -6.936164554763661312e-04 -1.494351353255238745e-03
1.159042071570119333e+03 1.077547125776328468e-02 -3.260130175659212083e-04 -7.023737544459943442e-04 -1.513218381946386396e-03
1.157543596352413033e+03 1.078940839115187858e-02 -3.301358497365059408e-04 -7.112561270954816627e-04 -1.532354873712231998e-03
1.156047056778279057e+03 1.080336355100839502e-02 -3.343174941997744103e-04 -7.202652069885268939e-04 -1.551764347959077748e-03
1.154552450347362765e+03 1.081733676064852018e-02 -3.385587529696262453e-04 -7.294027220116975881e-04 -1.571450527305683987e-03
1.153059774562542543e+03 1.083132804341806719e-02 -3.428603966709181249e-04 -7.386703324259181460e-04 -1.591416988675781229e-03
1.151569026929922984e+03 1.084533742269304379e-02 -3.472232443545711020e-04 -7.480698028229053461e-04 -1.611667533766978321e-03
1.150080204958826016e+03 1.085936492187972516e-02 -3.516480736437705302e-04 -7.576028085410257051e-04 -1.632205771986369215e-03
1.148593306161795908e+03 1.087341056441461749e-02 -3.561357257703602511e-04 -7.672711619593458165e-04 -1.653035607986286281e-03
1.147108328054585854e+03 1.088747437376457947e-02 -3.606869821571564755e-04 -7.770765466022889556e-04 -1.674160668810149031e-03
1.145625268156160473e+03 1.090155637342679618e-02 -3.653027053423811479e-04 -7.870208207521213603e-04 -1.695584958005735268e-03
1.144144123988689898e+03 1.091565658692884161e-02 -3.699836816812391779e-04 -7.971056785597756354e-04 -1.717312125510584266e-03
1.142664893077541592e+03 1.092977503782874976e-02 -3.747307961594428826e-04 -8.073330266691702665e-04 -1.739346279064496242e-03
1.141187572951283755e+03 1.094391174971498862e-02 -3.795448363048372817e-04 -8.177045617576139940e-04 -1.761691074047922433e-03
1.139712161141673278e+03 1.095806674620656944e-02 -3.844267098744284404e-04 -8.282222395282910678e-04 -1.784350723895646203e-03
1.138238655183658238e+03 1.097224005095302768e-02 -3.893772072281777015e-04 -8.388877627601195718e-04 -1.807328897133638401e-03
1.136767052615370176e+03 1.098643168763448891e-02 -3.943972539926201746e-04 -8.497031256550167120e-04 -1.830629890139688588e-03
1.135297350978119084e+03 1.100064167996172952e-02 -3.994876488510587845e-04 -8.606700489239968097e-04 -1.854257410073297148e-03
1.133829547816393870e+03 1.101487005167616287e-02 -4.046493298934512959e-04 -8.717905536206070399e-04 -1.878215811162336872e-03
1.132363640677852118e+03 1.102911682654994160e-02 -4.098831077133767301e-04 -8.830663861157739616e-04 -1.902508855848913027e-03
1.130899627113321230e+03 1.104338202838594206e-02 -4.151899245869882416e-04 -8.944995764819290221e-04 -1.927140917791496160e-03
1.129437504676793196e+03 1.105766568101782150e-02 -4.205706158222371647e-04 -9.060919243354998874e-04 -1.952115874146145803e-03
1.127977270925416406e+03 1.107196780831009968e-02 -4.260261105671441753e-04 -9.178454314652141751e-04 -1.977438037635938835e-03
1.126518923419498378e+03 1.108628843415812061e-02 -4.315572852045078530e-04 -9.297619859805750491e-04 -2.003111476069488646e-03
1.125062459722494623e+03 1.110062758248817234e-02 -4.371650413751706436e-04 -9.418435304078913699e-04 -2.029140374492860357e-03
1.123607877401010683e+03 1.111498527725746435e-02 -4.428503055831069452e-04 -9.540920608394658697e-04 -2.055529033356555749e-03
1.122155174024795542e+03 1.112936154245418828e-02 -4.486139466826436222e-04 -9.665094491652012881e-04 -2.082281485525117135e-03
1.120704347166734578e+03 1.114375640209759426e-02 -4.544569362058605033e-04 -9.790977884875126484e-04 -2.109402240450997026e-03
1.119255394402851834e+03 1.115816988023796141e-02 -4.603801208187915830e-04 -9.918589028930743009e-04 -2.136895228009804814e-03
1.117808313312299560e+03 1.117260200095671063e-02 -4.663844986263216276e-04 -1.004794942733674805e-03 -2.164765080994028677e-03
1.116363101477358896e+03 1.118705278836638548e-02 -4.724709174566860972e-04 -1.017907734599875257e-03 -2.193015734673738927e-03
1.114919756483434639e+03 1.120152226661071462e-02 -4.786403725162950576e-04 -1.031199422598889481e-03 -2.221651808387895954e-03
1.113478275919047974e+03 1.121601045986468301e-02 -4.848937423071634579e-04 -1.044671899405933465e-03 -2.250677379781641438e-03
1.112038657375838511e+03 1.123051739233450405e-02 -4.912319891288706745e-04 -1.058327238232603966e-03 -2.280096915453959719e-03
1.110600898448552925e+03 1.124504308825774457e-02 -4.976560537289366308e-04 -1.072167465857992111e-03 -2.309914781968033445e-03
1.109164996735048135e+03 1.125958757190328487e-02 -5.041668372007542627e-04 -1.086194523628962200e-03 -2.340135161828892432e-03
1.107730949836282889e+03 1.127415086757140722e-02 -5.107653435408754817e-04 -1.100410574590514508e-03 -2.370762715175722245e-03
1.106298755356315723e+03 1.128873299959381495e-02 -5.174524337616381040e-04 -1.114817473737498600e-03 -2.401801438473775367e-03
1.104868410902298365e+03 1.130333399233370006e-02 -5.242291356254732797e-04 -1.129417435316948685e-03 -2.433256102173675297e-03
1.103439914084473003e+03 1.131795387018576932e-02 -5.310963181317368813e-04 -1.144212331531223184e-03 -2.465130739813129433e-03
1.102013262516171608e+03 1.133259265757625804e-02 -5.380549781246140141e-04 -1.159204310016014646e-03 -2.497429978332976058e-03
1.100588453813807291e+03 1.134725037896300998e-02 -5.451060495453777374e-04 -1.174395382886800343e-03 -2.530158152704598765e-03
1.099165485596873623e+03 1.136192705883548593e-02 -5.522504510873046685e-04 -1.189787529408244983e-03 -2.563319527124453562e-03
1.097744355487936900e+03 1.137662272171484877e-02 -5.594891945493990883e-04 -1.205382929435222863e-03 -2.596918797947498150e-03
1.096325061112634785e+03 1.139133739215397213e-02 -5.668231402575764312e-04 -1.221183436483730487e-03 -2.630959958452896031e-03
1.094907600099673573e+03 1.140607109473747161e-02 -5.742533182258736501e-04 -1.237191269651740505e-03 -2.665447789542300071e-03
1.093491970080822284e+03 1.142082385408176547e-02 -5.817806097521606044e-04 -1.253408327637956171e-03 -2.700386381838061536e-03
1.092078168690909024e+03 1.143559569483510417e-02 -5.894059865435643825e-04 -1.269836703921920634e-03 -2.735780245605131875e-03
1.090666193567815526e+03 1.145038664167764841e-02 -5.971304152134308818e-04 -1.286478481008957895e-03 -2.771633867465222827e-03
1.089256042352477380e+03 1.146519671932143963e-02 -6.049547711665582321e-04 -1.303335544901532833e-03 -2.807951310687470045e-03
1.087847712688874481e+03 1.148002595251052319e-02 -6.128800799533454854e-04 -1.320410105081001786e-03 -2.844737335455155367e-03
1.086441202224032395e+03 1.149487436602091885e-02 -6.209071906643043011e-04 -1.337703990857418233e-03 -2.881995882897315196e-03
1.085036508608016675e+03 1.150974198466069021e-02 -6.290370940939198725e-04 -1.355219336832790781e-03 -2.919731551874568676e-03
1.083633629493924900e+03 1.152462883327002099e-02 -6.372707163439578952e-04 -1.372958138232891357e-03 -2.957948640970531600e-03
1.082232562537890772e+03 1.153953493672117865e-02 -6.456089371527147947e-04 -1.390922290396422569e-03 -2.996651233568654350e-03
1.080833305399071151e+03 1.155446031991864790e-02 -6.540527430963800209e-04 -1.409113918837352590e-03 -3.035843908949965083e-03
1.079435855739650151e+03 1.156940500779908565e-02 -6.626030041067110634e-04 -1.427534897766836834e-03 -3.075530704979992282e-03
1.078040211224831182e+03 1.158436902533141293e-02 -6.712606734262249611e-04 -1.446187280883622171e-03 -3.115716046218559073e-03
1.076646369522832174e+03 1.159935239751685651e-02 -6.800266584322633805e-04 -1.465073023072930832e-03 -3.156404144338204824e-03
1.075254328304882620e+03 1.161435514938898711e-02 -6.889018091732698485e-04 -1.484193955708617467e-03 -3.197598944914290756e-03
1.073864085245222896e+03 1.162937730601372802e-02 -6.978870862005012807e-04 -1.503552148235631249e-03 -3.239304906430805122e-03
1.072475638021095392e+03 1.164441889248944012e-02 -7.069833453028237730e-04 -1.523149444395193071e-03 -3.281526001107793432e-03
1.071088984312745424e+03 1.165947993394693058e-02 -7.161914916157808815e-04 -1.542987794242717389e-03 -3.324266430212288737e-03
1.069704121803411454e+03 1.167456045554953435e-02 -7.255124295421240804e-04 -1.563069146254864820e-03 -3.367530391610000593e-03
1.068321048179325771e+03 1.168966048249313328e-02 -7.349469518390166697e-04 -1.583395208375169361e-03 -3.411321564953728042e-03
1.066939761129710860e+03 1.170478004000617342e-02 -7.444960151103281179e-04 -1.603968041544192235e-03 -3.455644390405308679e-03
1.065560258346773026e+03 1.171991915334974835e-02 -7.541604079510002678e-04 -1.624789344738232066e-03 -3.500502528298220662e-03
1.064182537525700809e+03 1.173507784781760953e-02 -7.639409853692793973e-04 -1.645860960016715070e-03 -3.545899947229189976e-03
1.062806596364657025e+03 1.175025614873625654e-02 -7.738386491978409927e-04 -1.667184830319241905e-03 -3.591840833134694270e-03
1.061432432564781948e+03 1.176545408146490411e-02 -7.838541346158257091e-04 -1.688762539541256626e-03 -3.638328598414024197e-03
1.060060043830181257e+03 1.178067167139561049e-02 -7.939883269600022872e-04 -1.710595995083006313e-03 -3.685367352436438263e-03
1.058689427867929226e+03 1.179590894395324101e-02 -8.042420425540444239e-04 -1.732686955660531604e-03 -3.732960884240785638e-03
1.057320582388062348e+03 1.181116592459555137e-02 -8.146160125356898202e-04 -1.755036996462337956e-03 -3.781112587467825355e-03
1.055953505103571615e+03 1.182644263881325181e-02 -8.251111171293030100e-04 -1.777648013874331316e-03 -3.829826547757137975e-03
1.054588193730406829e+03 1.184173911212998281e-02 -8.357280694811953115e-04 -1.800521544323663639e-03 -3.879106075240680226e-03
1.053224645987463873e+03 1.185705537010243830e-02 -8.464676301988083382e-04 -1.823659226489392823e-03 -3.928954700345459704e-03
1.051862859596588123e+03 1.187239143832033612e-02 -8.573306335410811477e-04 -1.847062857727917130e-03 -3.979376295358450985e-03
1.050502832282568306e+03 1.188774734240649264e-02 -8.683177199763055312e-04 -1.870733817886343579e-03 -4.030373833070127060e-03
1.049144561773128089e+03 1.190312310801689734e-02 -8.794296637791667627e-04 -1.894673775088912687e-03 -4.081950907345220647e-03
1.047788045798931535e+03 1.191851876084067986e-02 -8.906672287414654820e-04 -1.918884374875175864e-03 -4.134111063391224770e-03
1.046433282093569460e+03 1.193393432660023838e-02 -9.020309713059726725e-04 -1.943366816064742014e-03 -4.186856883986691223e-03
1.045080268393563301e+03 1.194936983105121184e-02 -9.135217517665523675e-04 -1.968122952104555453e-03 -4.240192362262014056e-03
1.043729002438358293e+03 1.196482529998254933e-02 -9.251401956125610568e-04 -1.993154130570583878e-03 -4.294120401481605134e-03
1.042379481970317102e+03 1.198030075921658819e-02 -9.368868856090543538e-04 -2.018461606992079469e-03 -4.348643706601238584e-03
1.041031704734722098e+03 1.199579623460902272e-02 -9.487625487227114955e-04 -2.044046947571274801e-03 -4.403765651901337189e-03
1.039685668479764672e+03 1.201131175204903090e-02 -9.607677971839609452e-04 -2.069911471318642768e-03 -4.459489079103819489e-03
1.038341370956547962e+03 1.202684733745924481e-02 -9.729031835910523056e-04 -2.096056368771021319e-03 -4.515816553142550614e-03
1.036998809919078667e+03 1.204240301679583569e-02 -9.851693902075985866e-04 -2.122483109820807491e-03 -4.572751240804699864e-03
1.035657983124265911e+03 1.205797881604853648e-02 -9.975669567554867629e-04 -2.149192857263556439e-03 -4.630295647257347963e-03
1.034318888331914877e+03 1.207357476124071467e-02 -1.010096407211733558e-03 -2.176186739973530460e-03 -4.688452204586368750e-03
1.032981523304723169e+03 1.208919087842940353e-02 -1.022758370918823781e-03 -2.203466113828010230e-03 -4.747223833940808838e-03
1.031645885808282173e+03 1.210482719370530730e-02 -1.035553323055541774e-03 -2.231032002568652736e-03 -4.806612740905207883e-03
1.030311973611067060e+03 1.212048373319289662e-02 -1.048481746327985503e-03 -2.258885446154221613e-03 -4.866621166002803311e-03
1.028979784484437232e+03 1.213616052305041375e-02 -1.061544210767939329e-03 -2.287027672680965688e-03 -4.927251755086756689e-03
1.027649316202628825e+03 1.215185758946995924e-02 -1.074741140243116967e-03 -2.315459595344192528e-03 -4.988506475576716219e-03
1.026320566542753340e+03 1.216757495867751108e-02 -1.088072958617911437e-03 -2.344182127332054399e-03 -5.050387294876916219e-03
1.024993533284795149e+03 1.218331265693294724e-02 -1.101540179073135254e-03 -2.373196374259095662e-03 -5.112896594961684540e-03
1.023668214211605573e+03 1.219907071053011847e-02 -1.115143172285184897e-03 -2.402503134723403284e-03 -5.176036096358443105e-03
1.022344607108901073e+03 1.221484914579687615e-02 -1.128882295582301796e-03 -2.432103178565337559e-03 -5.239807457637970893e-03
1.021022709765256195e+03 1.223064798909514334e-02 -1.142758000442725729e-03 -2.461997478465278739e-03 -5.304212774376621843e-03
1.019702519972101982e+03 1.224646726682094601e-02 -1.156770615229662678e-03 -2.492186741860309262e-03 -5.369253570701386369e-03
1.018384035523724719e+03 1.226230700540442177e-02 -1.170920416476942550e-03 -2.522671564524505469e-03 -5.434931130168599474e-03
1.017067254217258665e+03 1.227816723130990828e-02 -1.185207789116368574e-03 -2.553452775768297583e-03 -5.501247239473425373e-03
1.015752173852684678e+03 1.229404797103596063e-02 -1.199633026970188098e-03 -2.584531008612527079e-03 -5.568203262417922329e-03
1.014438792232823175e+03 1.230994925111543112e-02 -1.214196318477189134e-03 -2.615906669036257258e-03 -5.635800073657466248e-03
1.013127107163333449e+03 1.232587109811548835e-02 -1.228897975778850795e-03 -2.647580429527917646e-03 -5.704039122024460139e-03
1.011817116452710820e+03 1.234181353863763805e-02 -1.243738260309906318e-03 -2.679552853331567275e-03 -5.772921620991444333e-03
1.010508817912280392e+03 1.235777659931781153e-02 -1.258717276200362620e-03 -2.711824164788504722e-03 -5.842448053887094525e-03
1.009202209356195567e+03 1.237376030682637434e-02 -1.273835254641355816e-03 -2.744394861984934646e-03 -5.912619493805605815e-03
1.007897288601431569e+03 1.238976468786821133e-02 -1.289092407246269622e-03 -2.777265400828071804e-03 -5.983436922969300777e-03
1.006594053467783283e+03 1.240578976918274741e-02 -1.304488782708879179e-03 -2.810435886225473232e-03 -6.054900567394659247e-03
1.005292501777863890e+03 1.242183557754397184e-02 -1.320024510519911005e-03 -2.843906597156452970e-03 -6.127011028124392487e-03
1.003992631357098162e+03 1.243790213976051287e-02 -1.335699743778430860e-03 -2.877677863462949938e-03 -6.199769015781414309e-03
1.002694440033720866e+03 1.245398948267566371e-02 -1.351514501963099182e-03 -2.911749727110465088e-03 -6.273174620777657862e-03
1.001397925638770289e+03 1.247009763316745887e-02 -1.367468790308863646e-03 -2.946122199377351238e-03 -6.347227867411595233e-03
1.000103086006086301e+03 1.248622661814869847e-02 -1.383562690131851696e-03 -2.980795455453894710e-03 -6.421929133119258504e-03
9.988099189723087648e+02 1.250237646456696730e-02 -1.399796214137944816e-03 -3.015769522714087034e-03 -6.497278476876125822e-03
9.975184223768715128e+02 1.251854719940471636e-02 -1.416169245807686813e-03 -3.051044150124370118e-03 -6.573275357846788611e-03
9.962285940619995017e+02 1.253473884967928713e-02 -1.432681779878002990e-03 -3.086619326345792919e-03 -6.649919751602219493e-03
9.949404318727036980e+02 1.255095144244298445e-02 -1.449333793610401051e-03 -3.122495002389758401e-03 -6.727211552599684195e-03
9.936539336567786904e+02 1.256718500478310602e-02 -1.466125112930921322e-03 -3.158670803225289807e-03 -6.805149952859437974e-03
9.923690972648008710e+02 1.258343956382195969e-02 -1.483055607963436372e-03 -3.195146449042752471e-03 -6.883734349549896700e-03
9.910859205501220686e+02 1.259971514671694853e-02 -1.500125182957363825e-03 -3.231921733553770690e-03 -6.962964298236225952e-03
9.898044013688681844e+02 1.261601178066058468e-02 -1.517333674101718289e-03 -3.268996303838274560e-03 -7.042839038575186839e-03
9.885245375799324847e+02 1.263232949288058127e-02 -1.534680812845280306e-03 -3.306369581320200719e-03 -7.123357324062435172e-03
9.872463270449742367e+02 1.264866831063985939e-02 -1.552166414105336616e-03 -3.344041167250930841e-03 -7.204518295620118695e-03
9.859697676284164345e+02 1.266502826123658623e-02 -1.569790285208203569e-03 -3.382010646527597916e-03 -7.286321058936215400e-03
9.846948571974397737e+02 1.268140937200424624e-02 -1.587552094409308166e-03 -3.420277304428185564e-03 -7.368764074188824224e-03
9.834215936219810601e+02 1.269781167031166710e-02 -1.605451533309668055e-03 -3.458840476527226884e-03 -7.451845909916668398e-03
9.821499747747267293e+02 1.271423518356309436e-02 -1.623488327421794076e-03 -3.497699571459353743e-03 -7.535565292061685745e-03
9.808799985311113687e+02 1.273067993919822262e-02 -1.641662168354124591e-03 -3.536853924815088184e-03 -7.619920789197045900e-03
9.796116627693154442e+02 1.274714596469221292e-02 -1.659972615271950369e-03 -3.576302586844839603e-03 -7.704910355149284691e-03
9.783449653702592741e+02 1.276363328755577599e-02 -1.678419287839008709e-03 -3.616044738138969768e-03 -7.790532224553854863e-03
9.770799042176017792e+02 1.278014193533519131e-02 -1.697001827417925690e-03 -3.656079606036678753e-03 -7.876784732763522992e-03
9.758164771977336613e+02 1.279667193561239216e-02 -1.715719800059089823e-03 -3.696406255621869762e-03 -7.963665865562619822e-03
9.745546821997756979e+02 1.281322331600498639e-02 -1.734572664155842932e-03 -3.737023520038371648e-03 -8.051173109035726638e-03
9.732945171155774915e+02 1.282979610416627725e-02 -1.753559981877208249e-03 -3.777930456007938531e-03 -8.139304430951475877e-03
9.720359798397106488e+02 1.284639032778535014e-02 -1.772681282194817336e-03 -3.819126048730712986e-03 -8.228057644989844946e-03
9.707790682694674160e+02 1.286300601458709170e-02 -1.791936024462818106e-03 -3.860609133420517345e-03 -8.317430241695089946e-03
9.695237803048546539e+02 1.287964319233226955e-02 -1.811323594602432278e-03 -3.902378387084728603e-03 -8.407419370766009217e-03
9.682701138485915635e+02 1.289630188881755665e-02 -1.830843458504482178e-03 -3.944432659020005554e-03 -8.498022553087404909e-03
9.670180668061083225e+02 1.291298213187556075e-02 -1.850495056415070059e-03 -3.986770743273134604e-03 -8.589237190511836775e-03
9.657676370855400592e+02 1.292968394937489378e-02 -1.870277741463201001e-03 -4.029391246202802292e-03 -8.681060280530120826e-03
9.645188225977248067e+02 1.294640736922020481e-02 -1.890190825670948638e-03 -4.072292685605500250e-03 -8.773488629831592556e-03
9.632716212561963403e+02 1.296315241935227201e-02 -1.910233680170927073e-03 -4.115473706627514883e-03 -8.866519319472417060e-03
9.620260309771878156e+02 1.297991912774796100e-02 -1.930405658276135913e-03 -4.158932916023940461e-03 -8.960149347797437269e-03
9.607820496796196039e+02 1.299670752242037576e-02 -1.950706028916232224e-03 -4.202668738751469402e-03 -9.054375321478709895e-03
9.595396752851040674e+02 1.301351763141881009e-02 -1.971134016217884928e-03 -4.246679503241680698e-03 -9.149193639231244235e-03
9.582989057179372594e+02 1.303034948282884471e-02 -1.991688904614853216e-03 -4.290963667853843477e-03 -9.244600979690768133e-03
9.570597389050943775e+02 1.304720310477241844e-02 -2.012369958456518976e-03 -4.335519647676745053e-03 -9.340593928269589133e-03
9.558221727762321507e+02 1.306407852540779346e-02 -2.033176376461084782e-03 -4.380345716401085054e-03 -9.437168765747060498e-03
9.545862052636776980e+02 1.308097577292970451e-02 -2.054107301723021028e-03 -4.425440027879866053e-03 -9.534321514720049684e-03
9.533518343024319392e+02 1.309789487556931552e-02 -2.075161927411796076e-03 -4.470800843849397944e-03 -9.632048430212963169e-03
9.521190578301630012e+02 1.311483586159430635e-02 -2.096339434674249734e-03 -4.516426400144030358e-03 -9.730345711446120385e-03
9.508878737872007605e+02 1.313179875930895260e-02 -2.117638970666066867e-03 -4.562314859366384083e-03 -9.829209399866874197e-03
9.496582801165387764e+02 1.314878359705409262e-02 -2.139059585291273359e-03 -4.608464174596733388e-03 -9.928635085520354578e-03
9.484302747638245137e+02 1.316579040320726805e-02 -2.160600387053901016e-03 -4.654872425165238088e-03 -1.002861863044883332e-02
9.472038556773615028e+02 1.318281920618268911e-02 -2.182260476586707267e-03 -4.701537673443913039e-03 -1.012915586015935947e-02
9.459790208081037690e+02 1.319987003443131787e-02 -2.204038949994378480e-03 -4.748457972049337054e-03 -1.023024257914153905e-02
9.447557681096494662e+02 1.321694291644094806e-02 -2.225934803417495018e-03 -4.795631158231952566e-03 -1.033187412789269947e-02
9.435340955382436050e+02 1.323403788073617728e-02 -2.247947041216154761e-03 -4.843055086950616601e-03 -1.043404588506178891e-02
9.423140010527677077e+02 1.325115495587854235e-02 -2.270074700405639700e-03 -4.890727683517644489e-03 -1.053675338086968935e-02
9.410954826147428776e+02 1.326829417046648286e-02 -2.292316821417523815e-03 -4.938646880605535201e-03 -1.063999216139431547e-02
9.398785381883217269e+02 1.328545555313544700e-02 -2.314672384238629452e-03 -4.986810480662511903e-03 -1.074375749215388844e-02
9.386631657402883775e+02 1.330263913255790020e-02 -2.337140233868286853e-03 -5.035215995315065612e-03 -1.084804401211019766e-02
9.374493632400509568e+02 1.331984493744342579e-02 -2.359719373978048321e-03 -5.083861278038627127e-03 -1.095284709671624605e-02
9.362371286596413711e+02 1.333707299653873191e-02 -2.382408759461361776e-03 -5.132744077219382646e-03 -1.105816189501712850e-02
9.350264599737118942e+02 1.335432333862769140e-02 -2.405207332181478423e-03 -5.181862113170817956e-03 -1.116398349557713200e-02
9.338173551595309618e+02 1.337159599253141470e-02 -2.428113980207571767e-03 -5.231212990310582511e-03 -1.127030673727054400e-02
9.326098121969802150e+02 1.338889098710827757e-02 -2.451127556255352970e-03 -5.280794236889610471e-03 -1.137712629487542398e-02
9.314038290685492711e+02 1.340620835125400784e-02 -2.474246961200132766e-03 -5.330603484915538010e-03 -1.148443706670688493e-02
9.301994037593339044e+02 1.342354811390170620e-02 -2.497471081835238912e-03 -5.380638336057295794e-03 -1.159223388571726902e-02
9.289965342570343410e+02 1.344091030402186880e-02 -2.520798790974535311e-03 -5.430896361865969642e-03 -1.170051151997199453e-02
9.277952185519490058e+02 1.345829495062248263e-02 -2.544228905009329571e-03 -5.481375012333933490e-03 -1.180926447564617163e-02
9.265954546369734999e+02 1.347570208274903245e-02 -2.567760231653943518e-03 -5.532071718759561801e-03 -1.191848721863990671e-02
9.253972405075944607e+02 1.349313172948460142e-02 -2.591391608468236046e-03 -5.582983976741487733e-03 -1.202817435338401908e-02
9.242005741618876300e+02 1.351058391994988499e-02 -2.615121858912453513e-03 -5.634109251501654564e-03 -1.213832041886473388e-02
9.230054536005162618e+02 1.352805868330322556e-02 -2.638949767825549911e-03 -5.685444925054948875e-03 -1.224891977480410503e-02
9.218118768267258929e+02 1.354555604874068363e-02 -2.662874204245155047e-03 -5.736988560816808948e-03 -1.235996717173982497e-02
9.206198418463417283e+02 1.356307604549607596e-02 -2.686893869601627346e-03 -5.788737361103748862e-03 -1.247145658224554227e-02
9.194293466677634115e+02 1.358061870284105362e-02 -2.711007556582881433e-03 -5.840688724840733571e-03 -1.258338240247496541e-02
9.182403893019634324e+02 1.359818405008512456e-02 -2.735214047092635915e-03 -5.892840027718876557e-03 -1.269573897852599442e-02
9.170529677624849683e+02 1.361577211657568655e-02 -2.759512116135575104e-03 -5.945188630565775498e-03 -1.280852062447405439e-02
9.158670800654363120e+02 1.363338293169810526e-02 -2.783900512992672823e-03 -5.997731838788970642e-03 -1.292172153499567509e-02
9.146827242294896223e+02 1.365101652487574202e-02 -2.808377944446067281e-03 -6.050466866235041166e-03 -1.303533570750527344e-02
9.134998982758744432e+02 1.366867292557003878e-02 -2.832943165160773605e-03 -6.103391029911094980e-03 -1.314935736166988889e-02
9.123186002283764537e+02 1.368635216328054592e-02 -2.857594922834274468e-03 -6.156501631813143458e-03 -1.326378068481613541e-02
9.111388281133358760e+02 1.370405426754493956e-02 -2.882331954330864896e-03 -6.209795950597810262e-03 -1.337859981398743965e-02
9.099605799596414499e+02 1.372177926793911526e-02 -2.907152998059883090e-03 -6.263271268250404471e-03 -1.349380889339866357e-02
9.087838537987287282e+02 1.373952719407721228e-02 -2.932056751124923703e-03 -6.316924777765716217e-03 -1.360940187554040594e-02
9.076086476645748462e+02 1.375729807561169513e-02 -2.957041914085718672e-03 -6.370753679584553394e-03 -1.372537272894522840e-02
9.064349595936964761e+02 1.377509194223337959e-02 -2.982107208173359961e-03 -6.424755218682818257e-03 -1.384171551809364187e-02
9.052627876251478938e+02 1.379290882367146392e-02 -3.007251364304303152e-03 -6.478926660902900418e-03 -1.395842435242164795e-02
9.040921298005160907e+02 1.381074874969360523e-02 -3.032473081312011751e-03 -6.533265202966475997e-03 -1.407549319244916913e-02
9.029229841639182723e+02 1.382861175010595585e-02 -3.057770995250235109e-03 -6.587767906340424168e-03 -1.419291570729852049e-02
9.017553487619966290e+02 1.384649785475324142e-02 -3.083143941953444926e-03 -6.642432262906150173e-03 -1.431068649339199347e-02
9.005892216439166305e+02 1.386440709351878693e-02 -3.108590565032873839e-03 -6.697255350412637323e-03 -1.442879925493062432e-02
8.994246008613653203e+02 1.388233949632454965e-02 -3.134109555767274156e-03 -6.752234349305431121e-03 -1.454724791736848599e-02
8.982614844685455182e+02 1.390029509313119721e-02 -3.159699624353276733e-03 -6.807366480787410343e-03 -1.466602649396865979e-02
8.970998705221745695e+02 1.391827391393813708e-02 -3.185359382879922232e-03 -6.862648754695057154e-03 -1.478512854261913693e-02
8.959397570814782057e+02 1.393627598878359984e-02 -3.211087692663872496e-03 -6.918078717809486577e-03 -1.490454877802005126e-02
8.947811422081891806e+02 1.395430134774467562e-02 -3.236883194764735017e-03 -6.973653442382374452e-03 -1.502428089252885041e-02
8.936240239665459058e+02 1.397235002093732276e-02 -3.262744565753784680e-03 -7.029370077172967732e-03 -1.514431874333354092e-02
8.924684004232858570e+02 1.399042203851647362e-02 -3.288670506561275179e-03 -7.085225823420338541e-03 -1.526465630068649278e-02
8.913142696476452329e+02 1.400851743067604155e-02 -3.314659738646376450e-03 -7.141217926591770376e-03 -1.538528763012687005e-02
8.901616297113523615e+02 1.402663622764902494e-02 -3.340710972621627542e-03 -7.197343608786189138e-03 -1.550620674684823064e-02
8.890104786886263355e+02 1.404477845970752287e-02 -3.366822923957033496e-03 -7.253600102567611327e-03 -1.562740768859049306e-02
8.878608146561755348e+02 1.406294415716276627e-02 -3.392994236122318617e-03 -7.309984485380154745e-03 -1.574888415889787174e-02
8.867126356931921691e+02 1.408113335036519781e-02 -3.419223660707817330e-03 -7.366494067606728716e-03 -1.587063036316601131e-02
8.855659398813501184e+02 1.409934606970451171e-02 -3.445509991274004532e-03 -7.423126250052167717e-03 -1.599264070159868087e-02
8.844207253047998165e+02 1.411758234560972491e-02 -3.471851887511301620e-03 -7.479878145107021585e-03 -1.611490895302990570e-02
8.832769900501664324e+02 1.413584220854921872e-02 -3.498248085394345917e-03 -7.536747029511197196e-03 -1.623742925037367432e-02
8.821347322065481649e+02 1.415412568903075437e-02 -3.524697264533593194e-03 -7.593730058571659600e-03 -1.636019546492463103e-02
8.809939498655111265e+02 1.417243281760156501e-02 -3.551198250022388411e-03 -7.650824701028752055e-03 -1.648320214324915794e-02
8.798546411210872975e+02 1.419076362484837997e-02 -3.577749793457878254e-03 -7.708028267280057910e-03 -1.660644349077450982e-02
8.787168040697690685e+02 1.420911814139751671e-02 -3.604350584065136188e-03 -7.765337933346610697e-03 -1.672991342342243157e-02
8.775804368105074218e+02 1.422749639791490682e-02 -3.630999376377642366e-03 -7.822751015952127823e-03 -1.685360616024942498e-02
8.764455374447110216e+02 1.424589842510611860e-02 -3.657694942929957168e-03 -7.880264870602490812e-03 -1.697751600386561768e-02
8.753121040762399616e+02 1.426432425371644552e-02 -3.684436048772919432e-03 -7.937876836680381187e-03 -1.710163722214476725e-02
8.741801348114046277e+02 1.428277391453093917e-02 -3.711221469035451328e-03 -7.995584275281063594e-03 -1.722596412973896249e-02
8.730496277589596730e+02 1.430124743837449079e-02 -3.738049925372759121e-03 -8.053384432294164244e-03 -1.735049079309727502e-02
8.719205810301032216e+02 1.431974485611186426e-02 -3.764920288522907114e-03 -8.111274874798599793e-03 -1.747521197065012369e-02
8.707929927384743678e+02 1.433826619864771515e-02 -3.791831339012322402e-03 -8.169252975518194113e-03 -1.760012200210258476e-02
8.696668610001482875e+02 1.435681149692668787e-02 -3.818781855716426362e-03 -8.227316103619800383e-03 -1.772521521949644782e-02
8.685421839336346466e+02 1.437538078193343477e-02 -3.845770643132391184e-03 -8.285461683470650776e-03 -1.785048607379913915e-02
8.674189596598710068e+02 1.439397408469272541e-02 -3.872796524316264415e-03 -8.343687179421866926e-03 -1.797592910212075096e-02
8.662971863022251000e+02 1.441259143626940492e-02 -3.899858326237062075e-03 -8.401990064254804408e-03 -1.810153885973376717e-02
8.651768619864860739e+02 1.443123286776854843e-02 -3.926954884126742165e-03 -8.460367828552788766e-03 -1.822730994026384999e-02
8.640579848408661974e+02 1.444989841033542631e-02 -3.954084997021309333e-03 -8.518817884917324890e-03 -1.835323676932992462e-02
8.629405529959957448e+02 1.446858809515558925e-02 -3.981247571859792417e-03 -8.577337878419941802e-03 -1.847931427339240262e-02
8.618245645849170842e+02 1.448730195345496706e-02 -4.008441479206795513e-03 -8.635925375765836007e-03 -1.860553721007654829e-02
8.607100177430876329e+02 1.450604001649982190e-02 -4.035665553690512622e-03 -8.694577866237567995e-03 -1.873190017020560927e-02
8.595969106083699671e+02 1.452480231559691130e-02 -4.062918672191131314e-03 -8.753292930146852960e-03 -1.885839794071921330e-02
8.584852413210347777e+02 1.454358888209344135e-02 -4.090199734342956327e-03 -8.812068196827659364e-03 -1.898502541417221648e-02
8.573750080237546172e+02 1.456239974737716901e-02 -4.117507631144903986e-03 -8.870901277009587624e-03 -1.911177744303758919e-02
8.562662088615992388e+02 1.458123494287648196e-02 -4.144841269143754829e-03 -8.929789814919084079e-03 -1.923864895195506741e-02
8.551588419820373019e+02 1.460009450006037254e-02 -4.172199531899921376e-03 -8.988731405259978158e-03 -1.936563475887113916e-02
8.540529055349275040e+02 1.461897845043858002e-02 -4.199581396132395956e-03 -9.047723843440163768e-03 -1.949273011413608925e-02
8.529483976725207413e+02 1.463788682556156628e-02 -4.226985840998509492e-03 -9.106764930120784043e-03 -1.961993027941800333e-02
8.518453165494546511e+02 1.465681965702059567e-02 -4.254411760758582475e-03 -9.165852283057917757e-03 -1.974723012232791619e-02
8.507436603227487240e+02 1.467577697644783380e-02 -4.281858111263320971e-03 -9.224983652700099665e-03 -1.987462479635413240e-02
8.496434271518054402e+02 1.469475881551631120e-02 -4.309323864644073673e-03 -9.284156824571451055e-03 -2.000210953055299445e-02
8.485446151984024254e+02 1.471376520594007073e-02 -4.336808002767140839e-03 -9.343369605169416989e-03 -2.012967959916649521e-02
8.474472226266937014e+02 1.473279617947414154e-02 -4.364309517149543051e-03 -9.402619821783274323e-03 -2.025733032123129551e-02
8.463512476032042287e+02 1.475185176791463451e-02 -4.391827410978068474e-03 -9.461905326844063588e-03 -2.038505706995032141e-02
8.452566882968280879e+02 1.477093200309877175e-02 -4.419360697970059135e-03 -9.521223995470213738e-03 -2.051285526740500090e-02
8.441635428788229092e+02 1.479003691690498543e-02 -4.446908401735738710e-03 -9.580573724093714022e-03 -2.064072038159545097e-02
8.430718095228088487e+02 1.480916654125293344e-02 -4.474469559665738248e-03 -9.639952438835554943e-03 -2.076864794448477977e-02
8.419814864047666561e+02 1.482832090810353755e-02 -4.502043250775924176e-03 -9.699358155495560810e-03 -2.089663368124330262e-02
8.408925717030326723e+02 1.484750004945906837e-02 -4.529628475676614370e-03 -9.758788720953939788e-03 -2.102467295311504641e-02
8.398050635982967833e+02 1.486670399736317837e-02 -4.557224297519765245e-03 -9.818242116832763544e-03 -2.115276141163657808e-02
8.387189602735977587e+02 1.488593278390098855e-02 -4.584829815715657682e-03 -9.877716402870299547e-03 -2.128089487664072688e-02
8.376342599143212055e+02 1.490518644119912146e-02 -4.612444121498195451e-03 -9.937209621189348890e-03 -2.140906913000892309e-02
8.365509607081983177e+02 1.492446500142572720e-02 -4.640066317181878834e-03 -9.996719837785123658e-03 -2.153728000505417475e-02
8.354690608453005325e+02 1.494376849679057359e-02 -4.667695514121984052e-03 -1.005624513813060950e-02 -2.166552337705305448e-02
8.343885585180381668e+02 1.496309695954507572e-02 -4.695330842417523923e-03 -1.011578364808094280e-02 -2.179379520828285746e-02
8.333094519211546185e+02 1.498245042198238959e-02 -4.722971435048411645e-03 -1.017533349969796351e-02 -2.192209147439282482e-02
8.322317392517255712e+02 1.500182891643744333e-02 -4.750616441763127855e-03 -1.023489286117031279e-02 -2.205040822886500385e-02
8.311554187091567201e+02 1.502123247528695631e-02 -4.778265016321018611e-03 -1.029445990932776819e-02 -2.217874154379822008e-02
8.300804884951793383e+02 1.504066113094953971e-02 -4.805916331989761557e-03 -1.035403286302952718e-02 -2.230708758184095711e-02
8.290069468138481170e+02 1.506011491588572088e-02 -4.833569599917695615e-03 -1.041361002274621486e-02 -2.243544268146816303e-02
8.279347918715361629e+02 1.507959386259804038e-02 -4.861223946541073405e-03 -1.047318950644178515e-02 -2.256380278795608665e-02
8.268640218769335206e+02 1.509909800363107638e-02 -4.888878577557578299e-03 -1.053276960284377749e-02 -2.269216421447997969e-02
8.257946350410455807e+02 1.511862737157147578e-02 -4.916532719943546986e-03 -1.059234864652318711e-02 -2.282052337298182479e-02
8.247266295771879641e+02 1.513818199904804450e-02 -4.944185631626530839e-03 -1.065192503873339802e-02 -2.294887681906644661e-02
8.236600037009851576e+02 1.515776191873177865e-02 -4.971836537401626982e-03 -1.071149710934606730e-02 -2.307722095455141259e-02
8.225947556303647161e+02 1.517736716333595824e-02 -4.999484681097648986e-03 -1.077106322923976518e-02 -2.320555226960098819e-02
8.215308835855564666e+02 1.519699776561617491e-02 -5.027129316916117453e-03 -1.083062179164036992e-02 -2.333386730252528032e-02
8.204683857890905756e+02 1.521665375837036316e-02 -5.054769711671346609e-03 -1.089017121694721077e-02 -2.346216265017780217e-02
8.194072604657925467e+02 1.523633517443888537e-02 -5.082405145373537769e-03 -1.094970995398928879e-02 -2.359043497066194359e-02
8.183475058427817430e+02 1.525604204670457341e-02 -5.110034908500780092e-03 -1.100923647414798340e-02 -2.371868097066871447e-02
8.172891201494661573e+02 1.527577440809281192e-02 -5.137658304051403654e-03 -1.106874927577871856e-02 -2.384689741500295793e-02
8.162321016175409341e+02 1.529553229157157475e-02 -5.165274649610654412e-03 -1.112824688866347576e-02 -2.397508113617596859e-02
8.151764484809866644e+02 1.531531573015145094e-02 -5.192883271635577447e-03 -1.118772786169794711e-02 -2.410322900787828515e-02
8.141221589760647248e+02 1.533512475688573497e-02 -5.220483505122791405e-03 -1.124719076217578322e-02 -2.423133794343764608e-02
8.130692313413154579e+02 1.535495940487046317e-02 -5.248074690916561084e-03 -1.130663416998899454e-02 -2.435940488332414069e-02
8.120176638175529433e+02 1.537481970724450392e-02 -5.275656180495171856e-03 -1.136605668793990581e-02 -2.448742681736663235e-02
8.109674546478639741e+02 1.539470569718958889e-02 -5.303227338880683699e-03 -1.142545694801001474e-02 -2.461540079825858679e-02
8.099186020776057831e+02 1.541461740793034080e-02 -5.330787535445196887e-03 -1.148483359155270424e-02 -2.474332389888461020e-02
8.088711043544020640e+02 1.543455487273436878e-02 -5.358336156340344318e-03 -1.154418529607174372e-02 -2.487119327001295621e-02
8.078249597281403567e+02 1.545451812491229274e-02 -5.385872600027214428e-03 -1.160351076559084683e-02 -2.499900611954733801e-02
8.067801664509674993e+02 1.547450719781785257e-02 -5.413396286397137783e-03 -1.166280875030376550e-02 -2.512675975486183821e-02
8.057367227772883780e+02 1.549452212484792209e-02 -5.440906641787048546e-03 -1.172207801429089695e-02 -2.525445151324836462e-02
8.046946269637641080e+02 1.551456293944254369e-02 -5.468403113957566626e-03 -1.178131736778855777e-02 -2.538207883143878824e-02
8.036538772693068040e+02 1.553462967508502900e-02 -5.495885104610579580e-03 -1.184052552180253799e-02 -2.550963893237925828e-02
8.026144719550784430e+02 1.555472236530198137e-02 -5.523352017712666005e-03 -1.189970119221776465e-02 -2.563712904952771682e-02
8.015764092844857487e+02 1.557484104366339481e-02 -5.550803283244488615e-03 -1.195884315096480167e-02 -2.576454653708876857e-02
8.005396875231785998e+02 1.559498574378268693e-02 -5.578238435668881300e-03 -1.201795039507422454e-02 -2.589188923423028921e-02
7.995043049390488932e+02 1.561515649931671627e-02 -5.605656911792222113e-03 -1.207702171118216032e-02 -2.601915452683906463e-02
7.984702598022248594e+02 1.563535334396589510e-02 -5.633058216543433173e-03 -1.213605603269030629e-02 -2.614634011699870988e-02
7.974375503850703808e+02 1.565557631147420498e-02 -5.660441836661667461e-03 -1.219505225381168484e-02 -2.627344362236340089e-02
7.964061749621789659e+02 1.567582543562930780e-02 -5.687807264078429716e-03 -1.225400927994590820e-02 -2.640046268468808702e-02
7.953761318103738631e+02 1.569610075026255450e-02 -5.715153991081392895e-03 -1.231292601725992274e-02 -2.652739494738089523e-02
7.943474192087046504e+02 1.571640228924903876e-02 -5.742481570223998029e-03 -1.237180150175934239e-02 -2.665423833357888350e-02
7.933200354384438242e+02 1.573673008650767341e-02 -5.769789510717572394e-03 -1.243063467607202766e-02 -2.678099056524281887e-02
7.922939787830846399e+02 1.575708417600123201e-02 -5.797077350570340425e-03 -1.248942454486686587e-02 -2.690764949799684044e-02
7.912692475283361091e+02 1.577746459173644603e-02 -5.824344623626234382e-03 -1.254817010384105293e-02 -2.703421296813614955e-02
7.902458399621214085e+02 1.579787136776403256e-02 -5.851590872558971521e-03 -1.260687036771498612e-02 -2.716067885294017742e-02
7.892237543745775383e+02 1.581830453817871171e-02 -5.878815650290992838e-03 -1.266552437328926153e-02 -2.728704507725871614e-02
7.882029890580487290e+02 1.583876413711932801e-02 -5.906018529421793589e-03 -1.272413119975740123e-02 -2.741330965727435676e-02
7.871835423070858724e+02 1.585925019876886430e-02 -5.933199097267512732e-03 -1.278268995801898344e-02 -2.753947067747830255e-02
7.861654124184408374e+02 1.587976275735455967e-02 -5.960356948787146059e-03 -1.284119977543961809e-02 -2.766552625783674432e-02
7.851485976910688578e+02 1.590030184714785744e-02 -5.987491672131346407e-03 -1.289965976471678204e-02 -2.779147448671436330e-02
7.841330964261189820e+02 1.592086750246459598e-02 -6.014602863262500515e-03 -1.295806905537782300e-02 -2.791731348873466648e-02
7.831189069269371430e+02 1.594145975766495318e-02 -6.041690123240972717e-03 -1.301642678793335853e-02 -2.804304141218390972e-02
7.821060274990610424e+02 1.596207864715354710e-02 -6.068753063431263362e-03 -1.307473212509357822e-02 -2.816865645317589636e-02
7.810944564502150342e+02 1.598272420537953306e-02 -6.095791296671804887e-03 -1.313298423274417322e-02 -2.829415681466580790e-02
7.800841920903121718e+02 1.600339646683657246e-02 -6.122804462358543733e-03 -1.319118233398726241e-02 -2.841954082287790825e-02
7.790752327314456807e+02 1.602409546606300278e-02 -6.149792186399894063e-03 -1.324932562286695349e-02 -2.854480674143286198e-02
7.780675766878916875e+02 1.604482123764177856e-02 -6.176754125165987395e-03 -1.330741335905514210e-02 -2.866995297534211118e-02
7.770612222761034218e+02 1.606557381620059635e-02 -6.203689923840993367e-03 -1.336544477812428959e-02 -2.879497787769646003e-02
7.760561678147072371e+02 1.608635323641197101e-02 -6.230599247199651233e-03 -1.342341915785346534e-02 -2.891987989251807931e-02
7.750524116245034065e+02 1.610715953299322184e-02 -6.257481753341734114e-03 -1.348133576164096438e-02 -2.904465743284670096e-02
7.740499520284591881e+02 1.612799274070661482e-02 -6.284337110184020844e-03 -1.353919387403517555e-02 -2.916930895728854847e-02
7.730487873517099615e+02 1.614885289435934179e-02 -6.311164991938175012e-03 -1.359699279314639624e-02 -2.929383295366811205e-02
7.720489159215545669e+02 1.616974002880361416e-02 -6.337965080705195223e-03 -1.365473183408199946e-02 -2.941822794642894728e-02
7.710503360674503028e+02 1.619065417893676695e-02 -6.364737064646586347e-03 -1.371241032500630785e-02 -2.954249248814496548e-02
7.700530461210157682e+02 1.621159537970120676e-02 -6.391480639588557194e-03 -1.377002761059675610e-02 -2.966662516696650168e-02
7.690570444160211991e+02 1.623256366608459914e-02 -6.418195506403053842e-03 -1.382758304640148948e-02 -2.979062459446412542e-02
7.680623292883916520e+02 1.625355907311981998e-02 -6.444881391764125875e-03 -1.388507604355759817e-02 -2.991448950197114764e-02
7.670688990762008643e+02 1.627458163588506659e-02 -6.471538014320414416e-03 -1.394250599591195100e-02 -3.003821858357024269e-02
7.660767521196702319e+02 1.629563138950389928e-02 -6.498165077341694872e-03 -1.399987226417866333e-02 -3.016181046196172652e-02
7.650858867611635787e+02 1.631670836914533157e-02 -6.524762297658673674e-03 -1.405717423828798524e-02 -3.028526382279015869e-02
7.640963013451860206e+02 1.633781261002386492e-02 -6.551329412013383313e-03 -1.411441135106781576e-02 -3.040857744412028829e-02
7.631079942183827143e+02 1.635894414739952341e-02 -6.577866141857425901e-03 -1.417158300240382515e-02 -3.053175003304499716e-02
7.621209637295335142e+02 1.638010301657794390e-02 -6.604372229112192606e-03 -1.422868863628250734e-02 -3.065478039166948457e-02
7.611352082295521768e+02 1.640128925291042122e-02 -6.630847428791632886e-03 -1.428572772489741273e-02 -3.077766738286924486e-02
7.601507260714811309e+02 1.642250289179399830e-02 -6.657291496999635100e-03 -1.434269974279030017e-02 -3.090040987457879848e-02
7.591675156104902271e+02 1.644374396867150437e-02 -6.683704199286658737e-03 -1.439960418485495240e-02 -3.102300677857979319e-02
7.581855752038756009e+02 1.646501251903157576e-02 -6.710085291231859123e-03 -1.445644052450261070e-02 -3.114545696037114217e-02
7.572049032110543294e+02 1.648630857840877387e-02 -6.736434536991665889e-03 -1.451320825362371371e-02 -3.126775932526398155e-02
7.562254979935638630e+02 1.650763218238359559e-02 -6.762751701098915040e-03 -1.456990686491963470e-02 -3.138991278031654647e-02
7.552473579150561136e+02 1.652898336658259817e-02 -6.789036575675615713e-03 -1.462653591053081695e-02 -3.151191636064467477e-02
7.542704813412973408e+02 1.655036216667840968e-02 -6.815288934048832278e-03 -1.468309490210522282e-02 -3.163376901412578990e-02
7.532948666401656510e+02 1.657176861838977749e-02 -6.841508558519858452e-03 -1.473958337062520989e-02 -3.175546973029202968e-02
7.523205121816472456e+02 1.659320275748165166e-02 -6.867695243857887058e-03 -1.479600087393440760e-02 -3.187701755654635816e-02
7.513474163378341473e+02 1.661466461976523687e-02 -6.893848790352723535e-03 -1.485234698177024214e-02 -3.199841156591615859e-02
7.503755774829201073e+02 1.663615424109807922e-02 -6.919968995990532536e-03 -1.490862125890710793e-02 -3.211965082073628408e-02
7.494049939931990139e+02 1.665767165738410438e-02 -6.946055659959385342e-03 -1.496482327270880729e-02 -3.224073438892031962e-02
7.484356642470633005e+02 1.667921690457364881e-02 -6.972108593054283932e-03 -1.502095261554553703e-02 -3.236166139225646332e-02
7.474675866249996261e+02 1.670079001866356383e-02 -6.998127604423679329e-03 -1.507700887624009722e-02 -3.248243094489029065e-02
7.465007595095870556e+02 1.672239103569724342e-02 -7.024112525660600875e-03 -1.513299169197066495e-02 -3.260304226514589010e-02
7.455351812854930813e+02 1.674401999176472478e-02 -7.050063166831033873e-03 -1.518890065353681665e-02 -3.272349447142766654e-02
7.445708503394715763e+02 1.676567692300272999e-02 -7.075979336649972258e-03 -1.524473534882749351e-02 -3.284378667586926315e-02
7.436077650603612028e+02 1.678736186559469379e-02 -7.101860878506501690e-03 -1.530049544043471550e-02 -3.296391815154721405e-02
7.426459238390816608e+02 1.680907485577086066e-02 -7.127707628364125109e-03 -1.535618057495255484e-02 -3.308388813707154041e-02
7.416853250686317551e+02 1.683081592980832306e-02 -7.153519427800839568e-03 -1.541179041107115788e-02 -3.320369589711244518e-02
7.407259671440847342e+02 1.685258512403112197e-02 -7.179296107256137940e-03 -1.546732458348348480e-02 -3.332334064463977202e-02
7.397678484625871533e+02 1.687438247481028164e-02 -7.205037510796805968e-03 -1.552278275624160812e-02 -3.344282165587565692e-02
7.388109674233570558e+02 1.689620801856384427e-02 -7.230743497136770531e-03 -1.557816462495391699e-02 -3.356213827502824848e-02
7.378553224276795390e+02 1.691806179175696714e-02 -7.256413888888441771e-03 -1.563346980745042650e-02 -3.368128967873726398e-02
7.369009118789061858e+02 1.693994383090195038e-02 -7.282048564484756847e-03 -1.568869804182283778e-02 -3.380027530273840841e-02
7.359477341824489258e+02 1.696185417255835839e-02 -7.307647378932282702e-03 -1.574384901569227807e-02 -3.391909447403176903e-02
7.349957877457801487e+02 1.698379285333303720e-02 -7.333210192916156736e-03 -1.579892242891397028e-02 -3.403774654597504362e-02
7.340450709784300898e+02 1.700575990988015609e-02 -7.358736875251881658e-03 -1.585391799885947986e-02 -3.415623090966372205e-02
7.330955822919830780e+02 1.702775537890130475e-02 -7.384227289994943141e-03 -1.590883543264523178e-02 -3.427454693409927311e-02
7.321473201000760582e+02 1.704977929714552448e-02 -7.409681307598162646e-03 -1.596367445117028924e-02 -3.439269401797696163e-02
7.312002828183938163e+02 1.707183170140942272e-02 -7.435098794706961056e-03 -1.601843476713091935e-02 -3.451067154231965417e-02
7.302544688646671602e+02 1.709391262853720422e-02 -7.460479625540101384e-03 -1.607311610953967088e-02 -3.462847892330257749e-02
7.293098766586729198e+02 1.711602211542068847e-02 -7.485823682013064903e-03 -1.612771822399115124e-02 -3.474611561282593686e-02
7.283665046222276942e+02 1.713816019899943449e-02 -7.511130848116199209e-03 -1.618224086055014208e-02 -3.486358107242062965e-02
7.274243511791880792e+02 1.716032691626075829e-02 -7.536401009714631741e-03 -1.623668377332051702e-02 -3.498087477231950210e-02
7.264834147554446417e+02 1.718252230423985422e-02 -7.561634055552267884e-03 -1.629104672260828224e-02 -3.509799619611751048e-02
7.255436937789220337e+02 1.720474640001980540e-02 -7.586829875981733994e-03 -1.634532947218534163e-02 -3.521494483487663807e-02
7.246051866795760361e+02 1.722699924073164621e-02 -7.611988362669685169e-03 -1.639953178865457065e-02 -3.533172018575803097e-02
7.236678918893908303e+02 1.724928086355443160e-02 -7.637109407368119704e-03 -1.645365343880271503e-02 -3.544832174631896288e-02
7.227318078423757015e+02 1.727159130571531004e-02 -7.662192904829235804e-03 -1.650769419588027365e-02 -3.556474902804244304e-02
7.217969329745626510e+02 1.729393060448958935e-02 -7.687238763688031967e-03 -1.656165386304730286e-02 -3.568100160684966465e-02
7.208632657240028720e+02 1.731629879720080964e-02 -7.712246881834266925e-03 -1.661553222031396729e-02 -3.579707900878689730e-02
7.199308045307672046e+02 1.733869592122073977e-02 -7.737217173557569584e-03 -1.666932908302286992e-02 -3.591298083602183916e-02
7.189995478369404509e+02 1.736112201396950924e-02 -7.762149546928539222e-03 -1.672304425311810921e-02 -3.602870666185598730e-02
7.180694940866205798e+02 1.738357711291563246e-02 -7.787043912835057112e-03 -1.677667753861346311e-02 -3.614425607266755908e-02
7.171406417259140653e+02 1.740606125557611281e-02 -7.811900181384469170e-03 -1.683022874584106515e-02 -3.625962865121178796e-02
7.162129892029349776e+02 1.742857447951647737e-02 -7.836718269056148350e-03 -1.688369769486118208e-02 -3.637482400982028352e-02
7.152865349678028224e+02 1.745111682235081507e-02 -7.861498088937941831e-03 -1.693708419842725882e-02 -3.648984174508254630e-02
7.143612774726387897e+02 1.747368832174187731e-02 -7.886239565663579962e-03 -1.699038809416758902e-02 -3.660468150717935409e-02
7.134372151715639347e+02 1.749628901540111955e-02 -7.910942617158505524e-03 -1.704360920525790218e-02 -3.671934291515436405e-02
7.125143465206945166e+02 1.751891894108880895e-02 -7.935607171810171029e-03 -1.709674737741364095e-02 -3.683382563661156961e-02
7.115926699781435900e+02 1.754157813661400001e-02 -7.960233157981675203e-03 -1.714980245629776912e-02 -3.694812933904192270e-02
7.106721840040133884e+02 1.756426663983470804e-02 -7.984820503836934091e-03 -1.720277428714415621e-02 -3.706225368901187867e-02
7.097528870603969153e+02 1.758698448865787106e-02 -8.009369137373071809e-03 -1.725566271482728564e-02 -3.717619835231365105e-02
7.088347776113741929e+02 1.760973172103945036e-02 -8.033878987907064687e-03 -1.730846758706522034e-02 -3.728996300086576121e-02
7.079178541230070323e+02 1.763250837498455542e-02 -8.058349988203372671e-03 -1.736118875900336325e-02 -3.740354732258843046e-02
7.070021150633414209e+02 1.765531448854737798e-02 -8.082782075496668106e-03 -1.741382609541792734e-02 -3.751695102615085209e-02
7.060875589023997918e+02 1.767815009983140020e-02 -8.107175189310294322e-03 -1.746637946601590011e-02 -3.763017383084522188e-02
7.051741841121823882e+02 1.770101524698934267e-02 -8.131529269311052813e-03 -1.751884874081334822e-02 -3.774321545662966126e-02
7.042619891666637386e+02 1.772390996822326495e-02 -8.155844255577701998e-03 -1.757123379071386451e-02 -3.785607562537438020e-02
7.033509725417873142e+02 1.774683430178469398e-02 -8.180120087177849067e-03 -1.762353448444258994e-02 -3.796875405425628736e-02
7.024411327154680293e+02 1.776978828597456164e-02 -8.204356706572227265e-03 -1.767575069803494284e-02 -3.808125047620176257e-02
7.015324681675843976e+02 1.779277195914340248e-02 -8.228554061195526848e-03 -1.772788231824238073e-02 -3.819356464722423183e-02
7.006249773799801233e+02 1.781578535969131558e-02 -8.252712103818459627e-03 -1.777992924331249502e-02 -3.830569634810478130e-02
6.997186588364605768e+02 1.783882852606805125e-02 -8.276830785743150010e-03 -1.783189136832889418e-02 -3.841764535280788734e-02
6.988135110227871110e+02 1.786190149677315681e-02 -8.300910058106786629e-03 -1.788376858801984243e-02 -3.852941143453246509e-02
6.979095324266803573e+02 1.788500431035589325e-02 -8.324949872017818955e-03 -1.793556079705167783e-02 -3.864099436634403639e-02
6.970067215378110177e+02 1.790813700541546427e-02 -8.348950180643679650e-03 -1.798726789452670394e-02 -3.875239393086508943e-02
6.961050768478031614e+02 1.793129962060093646e-02 -8.372910939363216454e-03 -1.803888978431155907e-02 -3.886360992098258221e-02
6.952045968502288815e+02 1.795449219461138501e-02 -8.396832105349760073e-03 -1.809042637413897647e-02 -3.897464213791271281e-02
6.943052800406061351e+02 1.797771476619592843e-02 -8.420713638246760807e-03 -1.814187757706341858e-02 -3.908549039433700106e-02
6.934071249163957873e+02 1.800096737415382564e-02 -8.444555499078349250e-03 -1.819324330911389898e-02 -3.919615450934544471e-02
6.925101299769988827e+02 1.802425005733453156e-02 -8.468357650214967947e-03 -1.824452348922001033e-02 -3.930663430827713994e-02
6.916142937237565320e+02 1.804756285463770746e-02 -8.492120055473166562e-03 -1.829571803942687397e-02 -3.941692962318337629e-02
6.907196146599451367e+02 1.807090580501334934e-02 -8.515842678917296543e-03 -1.834682688231346892e-02 -3.952704028726564817e-02
6.898260912907750253e+02 1.809427894746180876e-02 -8.539525484611499434e-03 -1.839784994045834746e-02 -3.963696613372448552e-02
6.889337221233857917e+02 1.811768232103392468e-02 -8.563168438363546325e-03 -1.844878714019657431e-02 -3.974670700385360411e-02
6.880425056668460684e+02 1.814111596483103384e-02 -8.586771509031356983e-03 -1.849963841443457921e-02 -3.985626275310429067e-02
6.871524404321512520e+02 1.816457991800501937e-02 -8.610334664299912691e-03 -1.855040369355176119e-02 -3.996563323148349944e-02
6.862635249322194113e+02 1.818807421975842178e-02 -8.633857882548107501e-03 -1.860108293096686752e-02 -4.007481833863496545e-02
6.853757576818906045e+02 1.821159890934446676e-02 -8.657341127873733125e-03 -1.865167604933092374e-02 -4.018381790791537844e-02
6.844891371979215364e+02 1.823515402606718655e-02 -8.680784373140366245e-03 -1.870218299018028274e-02 -4.029263181336861788e-02
6.836036619989852170e+02 1.825873960928144774e-02 -8.704187591023071144e-03 -1.875260369464515353e-02 -4.040125992816358952e-02
6.827193306056695974e+02 1.828235569839298247e-02 -8.727550751002543725e-03 -1.880293809697369811e-02 -4.050970211064222615e-02
6.818361415404724539e+02 1.830600233285852030e-02 -8.750873842167475672e-03 -1.885318617365820335e-02 -4.061795831015870689e-02
6.809540933278012744e+02 1.832967955218579165e-02 -8.774156840257132939e-03 -1.890334787243050721e-02 -4.072602841410468549e-02
6.800731844939678012e+02 1.835338739593367699e-02 -8.797399721019715305e-03 -1.895342314104168577e-02 -4.083391230991328252e-02
6.791934135671884860e+02 1.837712590371219298e-02 -8.820602467205448244e-03 -1.900341194232823411e-02 -4.094160991751812778e-02
6.783147790775808517e+02 1.840089511518259308e-02 -8.843765059064713149e-03 -1.905331423374088604e-02 -4.104912114524962574e-02
6.774372795571615598e+02 1.842469507005741608e-02 -8.866887473213612772e-03 -1.910312996490055870e-02 -4.115644588456932040e-02
6.765609135398427725e+02 1.844852580810058679e-02 -8.889969696497990528e-03 -1.915285910746748754e-02 -4.126358407442105164e-02
6.756856795614307885e+02 1.847238736912745066e-02 -8.913011709688195561e-03 -1.920250162001263528e-02 -4.137053562554866143e-02
6.748115761596235416e+02 1.849627979300484670e-02 -8.936013503782912551e-03 -1.925205748314326448e-02 -4.147730049617176507e-02
6.739386018740067357e+02 1.852020311965120111e-02 -8.958975057516237531e-03 -1.930152665104337140e-02 -4.158387858758276490e-02
6.730667552460545267e+02 1.854415738903653077e-02 -8.981896360866169909e-03 -1.935090910212121026e-02 -4.169026985326366314e-02
6.721960348191233834e+02 1.856814264118258201e-02 -9.004777396135235992e-03 -1.940020479824872829e-02 -4.179647421107006433e-02
6.713264391384522014e+02 1.859215891616285837e-02 -9.027618155147514034e-03 -1.944941372181143921e-02 -4.190249162305269282e-02
6.704579667511588923e+02 1.861620625410269000e-02 -9.050418628191468640e-03 -1.949853585188646848e-02 -4.200832204413459947e-02
6.695906162062374278e+02 1.864028469517932385e-02 -9.073178806723048925e-03 -1.954757117006622469e-02 -4.211396543465781295e-02
6.687243860545577263e+02 1.866439427962193406e-02 -9.095898681265117067e-03 -1.959651965593282863e-02 -4.221942175063335412e-02
6.678592748488601956e+02 1.868853504771176427e-02 -9.118578239292844667e-03 -1.964538128250235827e-02 -4.232469093392614290e-02
6.669952811437551645e+02 1.871270703978214489e-02 -9.141217475866849490e-03 -1.969415603913323223e-02 -4.242977296160955342e-02
6.661324034957199274e+02 1.873691029621857643e-02 -9.163816390512155574e-03 -1.974284392480214756e-02 -4.253466783147897418e-02
6.652706404630964698e+02 1.876114485745879537e-02 -9.186374977649118534e-03 -1.979144492748812975e-02 -4.263937551763598982e-02
6.644099906060894227e+02 1.878541076399282972e-02 -9.208893229356043819e-03 -1.983995903012439679e-02 -4.274389598331133217e-02
6.635504524867628788e+02 1.880970805636308918e-02 -9.231371138991648420e-03 -1.988838621840274476e-02 -4.284822919767890259e-02
6.626920246690384602e+02 1.883403677516441721e-02 -9.253808699914645858e-03 -1.993672647801495584e-02 -4.295237512991259554e-02
6.618347057186922484e+02 1.885839696104418123e-02 -9.276205909279236148e-03 -1.998497980282993788e-02 -4.305633376680337299e-02
6.609784942033544439e+02 1.888278865470227955e-02 -9.298562768495114567e-03 -2.003314619588478576e-02 -4.316010511489443841e-02
6.601233886925040224e+02 1.890721189689129403e-02 -9.320879278592915027e-03 -2.008122565939993512e-02 -4.326368917896960403e-02
6.592693877574686212e+02 1.893166672841649703e-02 -9.343155441362951952e-03 -2.012921819723249503e-02 -4.336708596733874349e-02
6.584164899714209014e+02 1.895615319013594854e-02 -9.365391258595532828e-03 -2.017712381323957804e-02 -4.347029548831175122e-02
6.575646939093767287e+02 1.898067132296055171e-02 -9.387586729140895078e-03 -2.022494250494408924e-02 -4.357331773655188228e-02
6.567139981481933546e+02 1.900522116785410484e-02 -9.409741847852263336e-03 -2.027267426125763453e-02 -4.367615268816993357e-02
6.558644012665653236e+02 1.902980276583342290e-02 -9.431856619686455542e-03 -2.032031909285935897e-02 -4.377880036617341764e-02
6.550159018450237909e+02 1.905441615796834784e-02 -9.453931050241930895e-03 -2.036787701181077409e-02 -4.388126079654807582e-02
6.541684984659333395e+02 1.907906138538185623e-02 -9.475965145117141650e-03 -2.041534803017338098e-02 -4.398353400527961476e-02
6.533221897134893652e+02 1.910373848925011123e-02 -9.497958903972715181e-03 -2.046273214721602493e-02 -4.408561999079282229e-02
6.524769741737171671e+02 1.912844751080251468e-02 -9.519912331395482402e-03 -2.051002937282073169e-02 -4.418751877437785552e-02
6.516328504344676276e+02 1.915318849132182158e-02 -9.541825433755991501e-03 -2.055723972071243216e-02 -4.428923038560421410e-02
6.507898170854157343e+02 1.917796147214417130e-02 -9.563698217304720042e-03 -2.060436320435736837e-02 -4.439075485348401018e-02
6.499478727180588749e+02 1.920276649465916391e-02 -9.585530687600015212e-03 -2.065139983573064872e-02 -4.449209220381685620e-02
6.491070159257130854e+02 1.922760360030995042e-02 -9.607322856563592361e-03 -2.069834964051681103e-02 -4.459324249193839101e-02
6.482672453035124818e+02 1.925247283059325354e-02 -9.629074732779458259e-03 -2.074521263720955494e-02 -4.469420575769207649e-02
6.474285594484051671e+02 1.927737422705949263e-02 -9.650786321431476661e-03 -2.079198883697716549e-02 -4.479498202513929050e-02
6.465909569591515265e+02 1.930230783131282879e-02 -9.672457627703502647e-03 -2.083867825098792426e-02 -4.489557131834131382e-02
6.457544364363220666e+02 1.932727368501123769e-02 -9.694088664994580246e-03 -2.088528090810919460e-02 -4.499597369949105002e-02
6.449189964822958245e+02 1.935227182986654429e-02 -9.715679441126830879e-03 -2.093179682519322876e-02 -4.509618920489553290e-02
6.440846357012561612e+02 1.937730230764455816e-02 -9.737229965989994615e-03 -2.097822602354682334e-02 -4.519621788045889016e-02
6.432513526991899653e+02 1.940236516016509774e-02 -9.758740249910930614e-03 -2.102456852541852161e-02 -4.529605977411414741e-02
6.424191460838846979e+02 1.942746042930207362e-02 -9.780210305249836811e-03 -2.107082435743756754e-02 -4.539571494323226680e-02
6.415880144649258909e+02 1.945258815698356486e-02 -9.801640141472944823e-03 -2.111699353999833134e-02 -4.549518343175159435e-02
6.407579564536960106e+02 1.947774838519185023e-02 -9.823029769990080859e-03 -2.116307609768254203e-02 -4.559446529263185693e-02
6.399289706633705919e+02 1.950294115596354350e-02 -9.844379207267175969e-03 -2.120907206596497896e-02 -4.569356060230114064e-02
6.391010557089165331e+02 1.952816651138961079e-02 -9.865688469770164670e-03 -2.125498148032040763e-02 -4.579246943718753154e-02
6.382742102070901637e+02 1.955342449361546775e-02 -9.886957566071373840e-03 -2.130080435921736376e-02 -4.589119183708025712e-02
6.374484327764341742e+02 1.957871514484104195e-02 -9.908186510207441650e-03 -2.134654073289685497e-02 -4.598972786713162453e-02
6.366237220372765933e+02 1.960403850732082495e-02 -9.929375317758224948e-03 -2.139219063492467723e-02 -4.608807759965690559e-02
6.358000766117266949e+02 1.962939462336398336e-02 -9.950524003783193031e-03 -2.143775409774546087e-02 -4.618624110455598480e-02
6.349774951236739753e+02 1.965478353533439693e-02 -9.971632582202894640e-03 -2.148323115135012187e-02 -4.628421844644230870e-02
6.341559761987858792e+02 1.968020528565073840e-02 -9.992701073367559958e-03 -2.152862183958190526e-02 -4.638200971977328446e-02
6.333355184645041618e+02 1.970565991678656023e-02 -1.001372949638515419e-02 -2.157392620360767954e-02 -4.647961501324024414e-02
6.325161205500448887e+02 1.973114747127031887e-02 -1.003471786534564265e-02 -2.161914427378334655e-02 -4.657703439224298442e-02
6.316977810863937748e+02 1.975666799168550661e-02 -1.005566619433900799e-02 -2.166427608046484626e-02 -4.667426792218143383e-02
6.308804987063055023e+02 1.978222152067068279e-02 -1.007657450114646594e-02 -2.170932166196066701e-02 -4.677131568558867691e-02
6.300642720443003100e+02 1.980780810091956404e-02 -1.009744280520835473e-02 -2.175428106015373647e-02 -4.686817777269879082e-02
6.292490997366631973e+02 1.983342777518106934e-02 -1.011827112421717981e-02 -2.179915431316139726e-02 -4.696485426563307836e-02
6.284349804214401729e+02 1.985908058625942066e-02 -1.013905947244123779e-02 -2.184394145172376817e-02 -4.706134523061911157e-02
6.276219127384362082e+02 1.988476657701421235e-02 -1.015980787352331084e-02 -2.188864252677768379e-02 -4.715765077739698247e-02
6.268098953292137594e+02 1.991048579036046318e-02 -1.018051634726228200e-02 -2.193325758097853725e-02 -4.725377099786495783e-02
6.259989268370898117e+02 1.993623826926870651e-02 -1.020118491202070925e-02 -2.197778665388726640e-02 -4.734970597725447067e-02
6.251890059071344012e+02 1.996202405676503547e-02 -1.022181358784999758e-02 -2.202222978870330139e-02 -4.744545580863591266e-02
6.243801311861670911e+02 1.998784319593121389e-02 -1.024240239660155309e-02 -2.206658703250408485e-02 -4.754102059343452008e-02
6.235723013227556066e+02 2.001369572990472148e-02 -1.026295135863571420e-02 -2.211085842915463603e-02 -4.763640042615463477e-02
6.227655149672135622e+02 2.003958170187883359e-02 -1.028346049515500502e-02 -2.215504402433438741e-02 -4.773159540520960364e-02
6.219597707715972774e+02 2.006550115510270099e-02 -1.030392982479331684e-02 -2.219914385818887170e-02 -4.782660561709033836e-02
6.211550673897058914e+02 2.009145413288138116e-02 -1.032435937222430516e-02 -2.224315798387584489e-02 -4.792143117632176319e-02
6.203514034770757917e+02 2.011744067857597698e-02 -1.034474915826798236e-02 -2.228708644625066945e-02 -4.801607217954186047e-02
6.195487776909809554e+02 2.014346083560366457e-02 -1.036509920694851650e-02 -2.233092929707184912e-02 -4.811052873826090343e-02
6.187471886904295388e+02 2.016951464743777303e-02 -1.038540953944674765e-02 -2.237468658197212454e-02 -4.820480095079165278e-02
6.179466351361616034e+02 2.019560215760787467e-02 -1.040568017983890294e-02 -2.241835835282214237e-02 -4.829888892888606344e-02
6.171471156906483202e+02 2.022172340969980928e-02 -1.042591115202665640e-02 -2.246194466111650287e-02 -4.839279278348586344e-02
6.163486290180873084e+02 2.024787844735582987e-02 -1.044610248029993055e-02 -2.250544555918626913e-02 -4.848651262733490175e-02
6.155511737844025220e+02 2.027406731427460959e-02 -1.046625418715244928e-02 -2.254886109549269005e-02 -4.858004856483978673e-02
6.147547486572403841e+02 2.030029005421137012e-02 -1.048636629375437022e-02 -2.259219131564548649e-02 -4.867340069426369376e-02
6.139593523059696736e+02 2.032654671097788857e-02 -1.050643882603505101e-02 -2.263543627550777121e-02 -4.876656913596004450e-02
6.131649834016767500e+02 2.035283732844263976e-02 -1.052647181208975734e-02 -2.267859603560895554e-02 -4.885955402033548972e-02
6.123716406171650988e+02 2.037916195053082746e-02 -1.054646527740735543e-02 -2.272167065086313706e-02 -4.895235546569887131e-02
6.115793226269526031e+02 2.040552062122447108e-02 -1.056641924747670977e-02 -2.276466017618441681e-02 -4.904497359035903808e-02
6.107880281072690423e+02 2.043191338456248549e-02 -1.058633374672304783e-02 -2.280756466419533654e-02 -4.913740850768782281e-02
6.099977557360549554e+02 2.045834028464071225e-02 -1.060620879686945649e-02 -2.285038416169688294e-02 -4.922966031851488955e-02
6.092085041929578892e+02 2.048480136561206533e-02 -1.062604442618223823e-02 -2.289311872958695385e-02 -4.932172915404078872e-02
6.084202721593309207e+02 2.051129667168655538e-02 -1.064584066236864447e-02 -2.293576842755901124e-02 -4.941361514287116036e-02
6.076330583182310647e+02 2.053782624713136259e-02 -1.066559753313592492e-02 -2.297833331530651710e-02 -4.950531841361169999e-02
6.068468613544155232e+02 2.056439013627095122e-02 -1.068531506552803691e-02 -2.302081345109390983e-02 -4.959683909178932287e-02
6.060616799543419120e+02 2.059098838348706953e-02 -1.070499328238111447e-02 -2.306320888412015380e-02 -4.968817728339999101e-02
6.052775128061632586e+02 2.061762103321891290e-02 -1.072463221241179085e-02 -2.310551967625335337e-02 -4.977933312173447866e-02
6.044943585997277751e+02 2.064428812996313076e-02 -1.074423188450701269e-02 -2.314774588972854513e-02 -4.987030674087412907e-02
6.037122160265759021e+02 2.067098971827394105e-02 -1.076379232755372665e-02 -2.318988758678077952e-02 -4.996109827490027855e-02
6.029310837799379215e+02 2.069772584276318578e-02 -1.078331357011387201e-02 -2.323194482894487892e-02 -5.005170785638568542e-02
6.021509605547332740e+02 2.072449654810038303e-02 -1.080279563646711904e-02 -2.327391766852982685e-02 -5.014213559802663256e-02
6.013718450475660120e+02 2.075130187901285880e-02 -1.082223855574207007e-02 -2.331580616829126429e-02 -5.023238163502606601e-02
6.005937359567244584e+02 2.077814188028577827e-02 -1.084164235782586992e-02 -2.335761039261911171e-02 -5.032244610610786539e-02
5.998166319821777961e+02 2.080501659676223941e-02 -1.086100707260567733e-02 -2.339933040590330693e-02 -5.041232914999592418e-02
5.990405318255756129e+02 2.083192607334331814e-02 -1.088033272971794356e-02 -2.344096627199363306e-02 -5.050203090425044172e-02
5.982654341902435817e+02 2.085887035498819320e-02 -1.089961935555286074e-02 -2.348251804774604753e-02 -5.059155149136387170e-02
5.974913377811828923e+02 2.088584948671417738e-02 -1.091886698237145605e-02 -2.352398580266481382e-02 -5.068089106107859926e-02
5.967182413050674086e+02 2.091286351359681467e-02 -1.093807563952042122e-02 -2.356536959997547476e-02 -5.077004974960993428e-02
5.959461434702411680e+02 2.093991248076996353e-02 -1.095724535634646883e-02 -2.360666950290359750e-02 -5.085902769317322825e-02
5.951750429867178127e+02 2.096699643342582464e-02 -1.097637616219628194e-02 -2.364788557467470062e-02 -5.094782502798374246e-02
5.944049385661763836e+02 2.099411541681508314e-02 -1.099546808641656964e-02 -2.368901787851435126e-02 -5.103644189025680761e-02
5.936358289219601829e+02 2.102126947624693987e-02 -1.101452115945568411e-02 -2.373006648002152705e-02 -5.112487842132117100e-02
5.928677127690749558e+02 2.104845865708920155e-02 -1.103353541248909379e-02 -2.377103144636174767e-02 -5.121313476588053304e-02
5.921005888241857065e+02 2.107568300476836409e-02 -1.105251087666157470e-02 -2.381191284463439820e-02 -5.130121106849613866e-02
5.913344558056161304e+02 2.110294256476964378e-02 -1.107144758317580961e-02 -2.385271074206362155e-02 -5.138910747399801776e-02
5.905693124333447486e+02 2.113023738263712301e-02 -1.109034556323450563e-02 -2.389342520587360574e-02 -5.147682412721629741e-02
5.898051574290035433e+02 2.115756750397378150e-02 -1.110920484804035595e-02 -2.393405630328852146e-02 -5.156436117298105609e-02
5.890419895158761392e+02 2.118493297444158305e-02 -1.112802547061795405e-02 -2.397460410545769818e-02 -5.165171876457887862e-02
5.882798074188950750e+02 2.121233383976155532e-02 -1.114680746051095392e-02 -2.401506867603100254e-02 -5.173889703913924637e-02
5.875186098646404389e+02 2.123977014571383840e-02 -1.116555084902354569e-02 -2.405545008245127403e-02 -5.182589614196336791e-02
5.867583955813367993e+02 2.126724193813781319e-02 -1.118425566877595187e-02 -2.409574839499665361e-02 -5.191271622446087114e-02
5.859991632988516130e+02 2.129474926293213610e-02 -1.120292195238838454e-02 -2.413596368394525446e-02 -5.199935743804139088e-02
5.852409117486926107e+02 2.132229216605485006e-02 -1.122154973248106445e-02 -2.417609601957520712e-02 -5.208581993411456890e-02
5.844836396640072280e+02 2.134987069352339492e-02 -1.124013904167419156e-02 -2.421614547216461091e-02 -5.217210386408997064e-02
5.837273457795782861e+02 2.137748489141477748e-02 -1.125868991258798836e-02 -2.425611211199159636e-02 -5.225820937937723787e-02
5.829720288318235362e+02 2.140513480586557493e-02 -1.127720237784266520e-02 -2.429599600933428361e-02 -5.234413663138599154e-02
5.822176875587924769e+02 2.143282048307204590e-02 -1.129567647005843764e-02 -2.433579723447079277e-02 -5.242988577152585261e-02
5.814643207001647625e+02 2.146054196929021371e-02 -1.131411222362176290e-02 -2.437551586148449176e-02 -5.251545695940460640e-02
5.807119269972487245e+02 2.148829931083589412e-02 -1.133250966863276303e-02 -2.441515195522414583e-02 -5.260085033473466815e-02
5.799605051929779620e+02 2.151609255408484106e-02 -1.135086883846470052e-02 -2.445470558759026483e-02 -5.268606605242100172e-02
5.792100540319099764e+02 2.154392174547277786e-02 -1.136918976722424077e-02 -2.449417683206341761e-02 -5.277110427077269517e-02
5.784605722602240121e+02 2.157178693149549090e-02 -1.138747248901804572e-02 -2.453356576212419385e-02 -5.285596514809887819e-02
5.777120586257190098e+02 2.159968815870891290e-02 -1.140571703795279293e-02 -2.457287245125319708e-02 -5.294064884270869437e-02
5.769645118778114465e+02 2.162762547372916802e-02 -1.142392344813513393e-02 -2.461209697293098228e-02 -5.302515551291121787e-02
5.762179307675332893e+02 2.165559892323270022e-02 -1.144209175367173932e-02 -2.465123940063814259e-02 -5.310948531701559922e-02
5.754723140475293803e+02 2.168360855395631490e-02 -1.146022198866927279e-02 -2.469029980785526421e-02 -5.319363841333092646e-02
5.747276604720565274e+02 2.171165441269726909e-02 -1.147831418723440668e-02 -2.472927826806292986e-02 -5.327761496016635706e-02
5.739839687969798661e+02 2.173973654631335475e-02 -1.149636838169100853e-02 -2.476817485090081900e-02 -5.336141510755599421e-02
5.732412377797727459e+02 2.176785500172294385e-02 -1.151438460889381461e-02 -2.480698963577003882e-02 -5.344503902656437544e-02
5.724994661795125239e+02 2.179600982590512714e-02 -1.153236290368489514e-02 -2.484572269773556094e-02 -5.352848687891404583e-02
5.717586527568801102e+02 2.182420106589973499e-02 -1.155030330072464445e-02 -2.488437411147094436e-02 -5.361175882548432220e-02
5.710187962741567844e+02 2.185242876880746574e-02 -1.156820583467347424e-02 -2.492294395164977236e-02 -5.369485502715458380e-02
5.702798954952232862e+02 2.188069298178989958e-02 -1.158607054019176498e-02 -2.496143229294558313e-02 -5.377777564480405725e-02
5.695419491855567458e+02 2.190899375206964428e-02 -1.160389745193992142e-02 -2.499983921003194956e-02 -5.386052083931212181e-02
5.688049561122289788e+02 2.193733112693038029e-02 -1.162168660457835179e-02 -2.503816477758245146e-02 -5.394309077155807347e-02
5.680689150439043260e+02 2.196570515371694746e-02 -1.163943803276744349e-02 -2.507640907027064089e-02 -5.402548560242124986e-02
5.673338247508374934e+02 2.199411587983542832e-02 -1.165715177139827786e-02 -2.511457216326707167e-02 -5.410770549385165995e-02
5.665996840048726426e+02 2.202256335275318971e-02 -1.167482785907668179e-02 -2.515265413974546865e-02 -5.418975062504169382e-02
5.658664915794395256e+02 2.205104761999902852e-02 -1.169246632814550067e-02 -2.519065506938638829e-02 -5.427162114611355781e-02
5.651342462495525751e+02 2.207956872916319938e-02 -1.171006721484377233e-02 -2.522857503026446416e-02 -5.435331722527394355e-02
5.644029467918086311e+02 2.210812672789751188e-02 -1.172763055541053111e-02 -2.526641410045432981e-02 -5.443483903072954266e-02
5.636725919843844395e+02 2.213672166391542767e-02 -1.174515638608481308e-02 -2.530417235803063269e-02 -5.451618673068708842e-02
5.629431806070358562e+02 2.216535358499208477e-02 -1.176264474310564564e-02 -2.534184988106797515e-02 -5.459736049335321001e-02
5.622147114410943232e+02 2.219402253896443980e-02 -1.178009566271205968e-02 -2.537944674764099073e-02 -5.467836048693461293e-02
5.614871832694656177e+02 2.222272857373132349e-02 -1.179750918114309648e-02 -2.541696303582432689e-02 -5.475918687963803044e-02
5.607605948766278061e+02 2.225147173725350661e-02 -1.181488533463778516e-02 -2.545439882369260332e-02 -5.483983983967011949e-02
5.600349450486287424e+02 2.228025207755381445e-02 -1.183222415984494166e-02 -2.549175419020329597e-02 -5.492031953713961273e-02
5.593102325730851589e+02 2.230906964271715115e-02 -1.184952569318330727e-02 -2.552902921381821830e-02 -5.500062614108734704e-02
5.585864562391791424e+02 2.233792448089064187e-02 -1.186678996903854644e-02 -2.556622396861902430e-02 -5.508075981111744401e-02
5.578636148376572237e+02 2.236681664028367794e-02 -1.188401702448669064e-02 -2.560333853448360994e-02 -5.516072071932157789e-02
5.571417071608274227e+02 2.239574616916802097e-02 -1.190120689660377658e-02 -2.564037299128987465e-02 -5.524050903779147842e-02
5.564207320025589070e+02 2.242471311587782359e-02 -1.191835962246582704e-02 -2.567732741891567971e-02 -5.532012493861879210e-02
5.557006881582776714e+02 2.245371752880980301e-02 -1.193547523914887526e-02 -2.571420189723892802e-02 -5.539956859389522092e-02
5.549815744249664249e+02 2.248275945642324788e-02 -1.195255378372895444e-02 -2.575099650613750860e-02 -5.547884017571247384e-02
5.542633896011616343e+02 2.251183894724012938e-02 -1.196959529328209780e-02 -2.578771132548930700e-02 -5.555793985616224590e-02
5.535461324869512509e+02 2.254095604984519483e-02 -1.198659980488434029e-02 -2.582434643517222961e-02 -5.563686780733625992e-02
5.528298018839744827e+02 2.257011081288599202e-02 -1.200356735671631939e-02 -2.586090191744395625e-02 -5.571562420645331110e-02
5.521143965954173609e+02 2.259930328507302535e-02 -1.202049798547883547e-02 -2.589737785137397746e-02 -5.579420922386345294e-02
5.513999154260122850e+02 2.262853351517978701e-02 -1.203739172584426115e-02 -2.593377431166163719e-02 -5.587262302050156892e-02
5.506863571820356356e+02 2.265780155204286106e-02 -1.205424861568269237e-02 -2.597009137989560179e-02 -5.595086577214507945e-02
5.499737206713055002e+02 2.268710744456199982e-02 -1.207106869286424418e-02 -2.600632913766455154e-02 -5.602893765457147429e-02
5.492620047031806507e+02 2.271645124170018279e-02 -1.208785199525900210e-02 -2.604248766655711117e-02 -5.610683884355812528e-02
5.485512080885572459e+02 2.274583299248373464e-02 -1.210459856073706902e-02 -2.607856704816195401e-02 -5.618456951488249446e-02
5.478413296398675811e+02 2.277525274600239458e-02 -1.212130842716855304e-02 -2.611456736406774296e-02 -5.626212984432202302e-02
5.471323681710780420e+02 2.280471055140938924e-02 -1.213798163242355184e-02 -2.615048869586313399e-02 -5.633952000765416607e-02
5.464243224976868305e+02 2.283420645792152981e-02 -1.215461821437217177e-02 -2.618633112513679348e-02 -5.641674018065635787e-02
5.457171914367229419e+02 2.286374051481926059e-02 -1.217121821165937506e-02 -2.622209473514678507e-02 -5.649379054270264877e-02
5.450109738067427543e+02 2.289331277144678739e-02 -1.218778166075466796e-02 -2.625777960446425488e-02 -5.657067126306946497e-02
5.443056684278288913e+02 2.292292327721213302e-02 -1.220430859851520319e-02 -2.629338581249555246e-02 -5.664738251283259196e-02
5.436012741215880624e+02 2.295257208158723791e-02 -1.222079906333915431e-02 -2.632891344196702441e-02 -5.672392447022051726e-02
5.428977897111496986e+02 2.298225923410799829e-02 -1.223725309362467227e-02 -2.636436257560497917e-02 -5.680029731346170757e-02
5.421952140211628830e+02 2.301198478437440839e-02 -1.225367072776992888e-02 -2.639973329613577030e-02 -5.687650122078466430e-02
5.414935458777950998e+02 2.304174878205060562e-02 -1.227005200417308206e-02 -2.643502568628572705e-02 -5.695253637041787498e-02
5.407927841087303023e+02 2.307155127686496415e-02 -1.228639696123230533e-02 -2.647023982878119602e-02 -5.702840294058984100e-02
5.400929275431660699e+02 2.310139231861019563e-02 -1.230270563734576009e-02 -2.650537580634851689e-02 -5.710410110952905682e-02
5.393939750118136089e+02 2.313127195714336989e-02 -1.231897807091159903e-02 -2.654043370171400157e-02 -5.717963105546396141e-02
5.386959253468935458e+02 2.316119024238608506e-02 -1.233521430116414803e-02 -2.657541359940543760e-02 -5.725499296050415993e-02
5.379987773821353585e+02 2.319114722432448830e-02 -1.235141436515275505e-02 -2.661031557924322874e-02 -5.733018699661748818e-02
5.373025299527746483e+02 2.322114295300939033e-02 -1.236757830079039840e-02 -2.664513972290841193e-02 -5.740521333978042262e-02
5.366071818955521167e+02 2.325117747855633479e-02 -1.238370614686504570e-02 -2.667988611396712728e-02 -5.748007217003071878e-02
5.359127320487109500e+02 2.328125085114567117e-02 -1.239979794216464551e-02 -2.671455483598547329e-02 -5.755476366740612526e-02
5.352191792519950013e+02 2.331136312102266919e-02 -1.241585372547716198e-02 -2.674914597252959006e-02 -5.762928801194439760e-02
5.345265223466466296e+02 2.334151433849758484e-02 -1.243187353559055235e-02 -2.678365960716561078e-02 -5.770364538368332602e-02
5.338347601754054494e+02 2.337170455394574006e-02 -1.244785741129278075e-02 -2.681809582345964435e-02 -5.777783596266063137e-02
5.331438915825051481e+02 2.340193381780763041e-02 -1.246380539137180443e-02 -2.685245470497783088e-02 -5.785185992891411083e-02
5.324539154136735988e+02 2.343220218058895618e-02 -1.247971751461557713e-02 -2.688673633528627926e-02 -5.792571746248147829e-02
5.317648305161289954e+02 2.346250969286076821e-02 -1.249559381996423989e-02 -2.692094079827897848e-02 -5.799940874410686176e-02
5.310766357385782612e+02 2.349285640525953026e-02 -1.251143434631712785e-02 -2.695506817776200173e-02 -5.807293395434497130e-02
5.303893299312159115e+02 2.352324236848719538e-02 -1.252723913265560603e-02 -2.698911855771816276e-02 -5.814629327413128185e-02
5.297029119457221213e+02 2.355366763331127530e-02 -1.254300821800463130e-02 -2.702309202222417245e-02 -5.821948688460359955e-02
5.290173806352597694e+02 2.358413225056496879e-02 -1.255874164138918135e-02 -2.705698865535680758e-02 -5.829251496689984158e-02
5.283327348544734150e+02 2.361463627114721714e-02 -1.257443944183422695e-02 -2.709080854119281373e-02 -5.836537770215784876e-02
5.276489734594867969e+02 2.364517974602279443e-02 -1.259010165836473537e-02 -2.712455176380893299e-02 -5.843807527151548276e-02
5.269660953079016963e+02 2.367576272622239769e-02 -1.260572833000568778e-02 -2.715821840728193867e-02 -5.851060785611066767e-02
5.262840992587954361e+02 2.370638526284270589e-02 -1.262131949578203759e-02 -2.719180855568854513e-02 -5.858297563708117495e-02
5.256029841727191751e+02 2.373704740704651178e-02 -1.263687519471876596e-02 -2.722532229310551874e-02 -5.865517879556492176e-02
5.249227489116957486e+02 2.376774921006277741e-02 -1.265239546695354385e-02 -2.725875970600686801e-02 -5.872721751786449951e-02
5.242433923392179622e+02 2.379849072318671738e-02 -1.266788035102254378e-02 -2.729212087741623993e-02 -5.879909198284895971e-02
5.235649133202467738e+02 2.382927199777990640e-02 -1.268332988625126001e-02 -2.732540589205786213e-02 -5.887080237305108293e-02
5.228873107212095874e+02 2.386009308527032788e-02 -1.269874411211643558e-02 -2.735861483498177801e-02 -5.894234887170566456e-02
5.222105834099977528e+02 2.389095403715249880e-02 -1.271412306809482744e-02 -2.739174779123810036e-02 -5.901373166204758325e-02
5.215347302559650871e+02 2.392185490498753911e-02 -1.272946679366318383e-02 -2.742480484587689685e-02 -5.908495092731168991e-02
5.208597501299259420e+02 2.395279574040325848e-02 -1.274477532829825996e-02 -2.745778608394825945e-02 -5.915600685073283543e-02
5.201856419041530444e+02 2.398377659509425344e-02 -1.276004871147681623e-02 -2.749069159050228708e-02 -5.922689961554589849e-02
5.195124044523765861e+02 2.401479752082194205e-02 -1.277528698267558702e-02 -2.752352145058903354e-02 -5.929762940498568141e-02
5.188400366497806999e+02 2.404585856941473740e-02 -1.279049018137133273e-02 -2.755627574925859774e-02 -5.936819640228705591e-02
5.181685373730031188e+02 2.407695979276806494e-02 -1.280565834704080856e-02 -2.758895457156106124e-02 -5.943860079068487984e-02
5.174979055001321058e+02 2.410810124284449088e-02 -1.282079151916076451e-02 -2.762155800254652294e-02 -5.950884275341401103e-02
5.168281399107059997e+02 2.413928297167375683e-02 -1.283588973833022992e-02 -2.765408612968292199e-02 -5.957892247891843907e-02
5.161592394857096906e+02 2.417050503135292905e-02 -1.285095304334117443e-02 -2.768653903654503048e-02 -5.964884014725454348e-02
5.154912031075738241e+02 2.420176747404645390e-02 -1.286598147360283086e-02 -2.771891680803746996e-02 -5.971859594134377308e-02
5.148240296601727550e+02 2.423307035198623421e-02 -1.288097506888854701e-02 -2.775121952984931778e-02 -5.978819004579767615e-02
5.141577180288222735e+02 2.426441371747175418e-02 -1.289593386897168112e-02 -2.778344728766967212e-02 -5.985762264522779402e-02
5.134922671002785819e+02 2.429579762287010711e-02 -1.291085791362556537e-02 -2.781560016718758604e-02 -5.992689392424559863e-02
5.128276757627355664e+02 2.432722212061614459e-02 -1.292574724262355625e-02 -2.784767825409215081e-02 -5.999600406746265213e-02
5.121639429058230917e+02 2.435868726321253896e-02 -1.294060189573899636e-02 -2.787968163407245070e-02 -6.006495325949047503e-02
5.115010674206058638e+02 2.439019310322985620e-02 -1.295542191274524219e-02 -2.791161039281756656e-02 -6.013374168494061561e-02
5.108390481995802475e+02 2.442173969330668076e-02 -1.297020733341563981e-02 -2.794346461601658616e-02 -6.020236952842459438e-02
5.101778841366742085e+02 2.445332708614964337e-02 -1.298495819752352835e-02 -2.797524438935856950e-02 -6.027083697455391104e-02
5.095175741272439041e+02 2.448495533453357367e-02 -1.299967454484226258e-02 -2.800694979853260436e-02 -6.033914420794011385e-02
5.088581170680723176e+02 2.451662449130155921e-02 -1.301435641605212801e-02 -2.803858093118172246e-02 -6.040729141740437680e-02
5.081995118573677814e+02 2.454833460936502870e-02 -1.302900385057335214e-02 -2.807013787223421389e-02 -6.047527878591915651e-02
5.075417573947614187e+02 2.458008574170386304e-02 -1.304361688789807024e-02 -2.810162070677331772e-02 -6.054310649679073980e-02
5.068848525813064612e+02 2.461187794136643348e-02 -1.305819556801693544e-02 -2.813302952095628542e-02 -6.061077473563927787e-02
5.062287963194752933e+02 2.464371126146975080e-02 -1.307273993092062520e-02 -2.816436440094039970e-02 -6.067828368808504680e-02
5.055735875131578609e+02 2.467558575519952779e-02 -1.308725001659979612e-02 -2.819562543288294323e-02 -6.074563353974826024e-02
5.049192250676600224e+02 2.470750147581027290e-02 -1.310172586504512390e-02 -2.822681270294119873e-02 -6.081282447624915960e-02
5.042657078897022984e+02 2.473945847662534225e-02 -1.311616751624725997e-02 -2.825792629727242461e-02 -6.087985668320792382e-02
5.036130348874166884e+02 2.477145681103709932e-02 -1.313057501019687830e-02 -2.828896630203390355e-02 -6.094673034624482205e-02
5.029612049703460457e+02 2.480349653250694605e-02 -1.314494838688464416e-02 -2.831993280338292174e-02 -6.101344565098005407e-02
5.023102170494415191e+02 2.483557769456544093e-02 -1.315928768630121766e-02 -2.835082588747674451e-02 -6.108000278303386127e-02
5.016600700370610753e+02 2.486770035081238214e-02 -1.317359294843727449e-02 -2.838164564047266497e-02 -6.114640192802649199e-02
5.010107628469681345e+02 2.489986455491687012e-02 -1.318786421381837326e-02 -2.841239214968035304e-02 -6.121264327406091693e-02
5.003622943943286714e+02 2.493207036061744625e-02 -1.320210152236300089e-02 -2.844306550110158732e-02 -6.127872700642236076e-02
4.997146635957101921e+02 2.496431782172215189e-02 -1.321630491373183142e-02 -2.847366578018269492e-02 -6.134465330919935955e-02
4.990678693690796877e+02 2.499660699210862549e-02 -1.323047442806209346e-02 -2.850419307339671984e-02 -6.141042236869242305e-02
4.984219106338017014e+02 2.502893792572419632e-02 -1.324461010549102605e-02 -2.853464746721671302e-02 -6.147603437120211650e-02
4.977767863106372488e+02 2.506131067658594683e-02 -1.325871198615584910e-02 -2.856502904811569418e-02 -6.154148950302888721e-02
4.971324953217407483e+02 2.509372529878085151e-02 -1.327278011019379124e-02 -2.859533790256671079e-02 -6.160678795047327960e-02
4.964890365906593956e+02 2.512618184646582889e-02 -1.328681451774208801e-02 -2.862557411704280685e-02 -6.167192989983583118e-02
4.958464090423304924e+02 2.515868037386785258e-02 -1.330081524893796802e-02 -2.865573777801701943e-02 -6.173691553741703780e-02
4.952046116030802523e+02 2.519122093528403800e-02 -1.331478234391866161e-02 -2.868582897196239601e-02 -6.180174504951743697e-02
4.945636432006221526e+02 2.522380358508169787e-02 -1.332871584282139393e-02 -2.871584778535196669e-02 -6.186641862243751067e-02
4.939235027640542057e+02 2.525642837769849838e-02 -1.334261578578339533e-02 -2.874579430465876509e-02 -6.193093644247779639e-02
4.932841892238579931e+02 2.528909536764250773e-02 -1.335648221309853473e-02 -2.877566861669330484e-02 -6.199529869666584730e-02
4.926457015118963909e+02 2.532180460949230369e-02 -1.337031516488312519e-02 -2.880547080788357223e-02 -6.205950557120511191e-02
4.920080385614127181e+02 2.535455615789702216e-02 -1.338411468110447047e-02 -2.883520096433649094e-02 -6.212355725160736281e-02
4.913711993070277799e+02 2.538735006757651333e-02 -1.339788080198322032e-02 -2.886485917270484314e-02 -6.218745392456033472e-02
4.907351826847383336e+02 2.542018639332140409e-02 -1.341161356774002097e-02 -2.889444551964137631e-02 -6.225119577675172072e-02
4.900999876319160080e+02 2.545306518999317438e-02 -1.342531301859552564e-02 -2.892396009179886221e-02 -6.231478299486925554e-02
4.894656130873046891e+02 2.548598651252428210e-02 -1.343897919477037885e-02 -2.895340297583005526e-02 -6.237821576560064613e-02
4.888320579910197239e+02 2.551895041591819777e-02 -1.345261213648522511e-02 -2.898277425838769947e-02 -6.244149427563355781e-02
4.881993212845450785e+02 2.555195695524956762e-02 -1.346621188396071069e-02 -2.901207402612455966e-02 -6.250461871165573224e-02
4.875674019107320873e+02 2.558500618566426563e-02 -1.347977847741748704e-02 -2.904130236569340065e-02 -6.256758926035485557e-02
4.869362988137976913e+02 2.561809816237949067e-02 -1.349331195707620043e-02 -2.907045936374697340e-02 -6.263040610841867639e-02
4.863060109393223911e+02 2.565123294068386711e-02 -1.350681236315750058e-02 -2.909954510693804272e-02 -6.269306944253487390e-02
4.856765372342495652e+02 2.568441057593750035e-02 -1.352027973592810454e-02 -2.912855968201861698e-02 -6.275557944960501178e-02
4.850478766468820027e+02 2.571763112357212944e-02 -1.353371411550753460e-02 -2.915750317542360401e-02 -6.281793631584740856e-02
4.844200281268812773e+02 2.575089463909118609e-02 -1.354711554192264238e-02 -2.918637567338822070e-02 -6.288014022705025463e-02
4.837929906252658157e+02 2.578420117806988140e-02 -1.356048405537374664e-02 -2.921517726252143704e-02 -6.294219136980690188e-02
4.831667630944087932e+02 2.581755079615532383e-02 -1.357381969606117830e-02 -2.924390802943223691e-02 -6.300408993071075769e-02
4.825413444880372822e+02 2.585094354906656428e-02 -1.358712250418524226e-02 -2.927256806072956255e-02 -6.306583609635511845e-02
4.819167337612291249e+02 2.588437949259475568e-02 -1.360039251994627114e-02 -2.930115744302239436e-02 -6.312743005333336377e-02
4.812929298704123084e+02 2.591785868260319467e-02 -1.361362978354458547e-02 -2.932967626291969887e-02 -6.318887198823888718e-02
4.806699317733625776e+02 2.595138117502745340e-02 -1.362683433518051095e-02 -2.935812460703044954e-02 -6.325016208766505443e-02
4.800477384292026954e+02 2.598494702587540381e-02 -1.364000621505435940e-02 -2.938650256196360250e-02 -6.331130053820520354e-02
4.794263487983991467e+02 2.601855629122740501e-02 -1.365314546336645653e-02 -2.941481021432813120e-02 -6.337228752645271412e-02
4.788057618427615694e+02 2.605220902723633450e-02 -1.366625212031712631e-02 -2.944304765073300217e-02 -6.343312323900093808e-02
4.781859765254405374e+02 2.608590529012770609e-02 -1.367932622610669099e-02 -2.947121495778718195e-02 -6.349380786244324115e-02
4.775669918109259697e+02 2.611964513619975323e-02 -1.369236782093547454e-02 -2.949931222209965093e-02 -6.355434158337303074e-02
4.769488066650458222e+02 2.615342862182350875e-02 -1.370537694500378878e-02 -2.952733953027935829e-02 -6.361472458838360322e-02
4.763314200549634734e+02 2.618725580344293674e-02 -1.371835363851196289e-02 -2.955529696893528097e-02 -6.367495706406835210e-02
4.757148309491765303e+02 2.622112673757500192e-02 -1.373129794166031911e-02 -2.958318462467638549e-02 -6.373503919702065701e-02
4.750990383175151237e+02 2.625504148080977027e-02 -1.374420989464917447e-02 -2.961100258411163838e-02 -6.379497117383386984e-02
4.744840411311398611e+02 2.628900008981050959e-02 -1.375708953762963538e-02 -2.963875093374397293e-02 -6.385475318087290020e-02
4.738698383625409747e+02 2.632300262131374510e-02 -1.376993691069594052e-02 -2.966642975995379891e-02 -6.391438540423871606e-02
4.732564289855352513e+02 2.635704913212941897e-02 -1.378275205425572199e-02 -2.969403914979673598e-02 -6.397386803148694123e-02
4.726438119752655211e+02 2.639113967914093889e-02 -1.379553500841097964e-02 -2.972157918966990969e-02 -6.403320124875457042e-02
4.720319863081980998e+02 2.642527431930529261e-02 -1.380828581326370291e-02 -2.974904996597044216e-02 -6.409238524217855670e-02
4.714209509621215375e+02 2.645945310965313810e-02 -1.382100450891589165e-02 -2.977645156509547281e-02 -6.415142019789585315e-02
4.708107049161453688e+02 2.649367610728886949e-02 -1.383369113546952141e-02 -2.980378407344209252e-02 -6.421030630204339895e-02
4.702012471506970996e+02 2.652794336939077666e-02 -1.384634573302659204e-02 -2.983104757740744073e-02 -6.426904374075817494e-02
4.695925766475215823e+02 2.656225495321109034e-02 -1.385896834168909818e-02 -2.985824216338863954e-02 -6.432763270017712032e-02
4.689846923896787416e+02 2.659661091607610356e-02 -1.387155900155903274e-02 -2.988536791778281798e-02 -6.438607336643722978e-02
4.683775933615428357e+02 2.663101131538622018e-02 -1.388411775273838515e-02 -2.991242492698709121e-02 -6.444436592567541477e-02
4.677712785487993301e+02 2.666545620861612495e-02 -1.389664463532914139e-02 -2.993941327739857439e-02 -6.450251056402865613e-02
4.671657469384442152e+02 2.669994565331482161e-02 -1.390913968943329956e-02 -2.996633305541439654e-02 -6.456050746763390691e-02
4.665609975187818463e+02 2.673447970710576133e-02 -1.392160295515285258e-02 -2.999318434743168671e-02 -6.461835682262813407e-02
4.659570292794234092e+02 2.676905842768692589e-02 -1.393403447270088157e-02 -3.001996724008690332e-02 -6.467605881566393378e-02
4.653538412112857827e+02 2.680368187283089718e-02 -1.394643428232190951e-02 -3.004668182008423533e-02 -6.473361363353981324e-02
4.647514323065888107e+02 2.683835010038500973e-02 -1.395880242395575177e-02 -3.007332817347141418e-02 -6.479102146163999432e-02
4.641498015588542216e+02 2.687306316827140981e-02 -1.397113893757752009e-02 -3.009990638637220425e-02 -6.484828248551251229e-02
4.635489479629037533e+02 2.690782113448716636e-02 -1.398344386316234186e-02 -3.012641654491040807e-02 -6.490539689070545792e-02
4.629488705148576742e+02 2.694262405710436126e-02 -1.399571724068534272e-02 -3.015285873520981083e-02 -6.496236486276692201e-02
4.623495682121333061e+02 2.697747199427016560e-02 -1.400795911012163268e-02 -3.017923304339420118e-02 -6.501918658724495370e-02
4.617510400534426935e+02 2.701236500420698544e-02 -1.402016951144633566e-02 -3.020553955558735043e-02 -6.507586224968762989e-02
4.611532850387912958e+02 2.704730314521252427e-02 -1.403234848463457557e-02 -3.023177835791306112e-02 -6.513239203564304136e-02
4.605563021694763961e+02 2.708228647565989050e-02 -1.404449606966147457e-02 -3.025794953649512536e-02 -6.518877613065925114e-02
4.599600904480851682e+02 2.711731505399769815e-02 -1.405661230650215483e-02 -3.028405317745732489e-02 -6.524501472028436388e-02
4.593646488784936537e+02 2.715238893875013271e-02 -1.406869723513172639e-02 -3.031008936692343794e-02 -6.530110799006638711e-02
4.587699764658642607e+02 2.718750818851710382e-02 -1.408075089552532008e-02 -3.033605819101726359e-02 -6.535705612555346711e-02
4.581760722166444566e+02 2.722267286197430428e-02 -1.409277332765805288e-02 -3.036195973586257313e-02 -6.541285931229362527e-02
4.575829351385650057e+02 2.725788301787333487e-02 -1.410476457094555353e-02 -3.038779408637777915e-02 -6.546851773323801582e-02
4.569905642406390029e+02 2.729313871504174954e-02 -1.411672466601182098e-02 -3.041356133008462151e-02 -6.552403157694654257e-02
4.563989585331591456e+02 2.732844001238322190e-02 -1.412865365277810731e-02 -3.043926155299084280e-02 -6.557940102871726018e-02
4.558081170276965963e+02 2.736378696887760420e-02 -1.414055157105135324e-02 -3.046489484085788610e-02 -6.563462627331759225e-02
4.552180387370995618e+02 2.739917964358103142e-02 -1.415241846063849777e-02 -3.049046127944720838e-02 -6.568970749551499011e-02
4.546287226754907920e+02 2.743461809562604270e-02 -1.416425436134649031e-02 -3.051596095452027702e-02 -6.574464488007696061e-02
4.540401678582676936e+02 2.747010238422160910e-02 -1.417605931298226117e-02 -3.054139395183853162e-02 -6.579943861177089959e-02
4.534523733020983514e+02 2.750563256865333484e-02 -1.418783335535275282e-02 -3.056676035716342568e-02 -6.585408887536424449e-02
4.528653380249216980e+02 2.754120870828348153e-02 -1.419957652826490599e-02 -3.059206025625641270e-02 -6.590859585562448830e-02
4.522790610459450136e+02 2.757683086255110008e-02 -1.421128887152566488e-02 -3.061729373487895312e-02 -6.596295973731906848e-02
4.516935413856423907e+02 2.761249909097212088e-02 -1.422297042494197541e-02 -3.064246087879250735e-02 -6.601718070521546411e-02
4.511087780657537678e+02 2.764821345313942663e-02 -1.423462122832076446e-02 -3.066756177375851156e-02 -6.607125894408107103e-02
4.505247701092821444e+02 2.768397400872301198e-02 -1.424624132146897794e-02 -3.069259650553842617e-02 -6.612519463868335445e-02
4.499415165404928416e+02 2.771978081747003553e-02 -1.425783074396708150e-02 -3.071756515940578247e-02 -6.617898797273857880e-02
4.493590163849113992e+02 2.775563393920493782e-02 -1.426938953512318919e-02 -3.074246782004733114e-02 -6.623263912869882530e-02
4.487772686693221544e+02 2.779153343382954541e-02 -1.428091773561684062e-02 -3.076730457510449407e-02 -6.628614829538180542e-02
4.481962724217669916e+02 2.782747936132312291e-02 -1.429241538502459483e-02 -3.079207550984238567e-02 -6.633951565648563142e-02
4.476160266715428406e+02 2.786347178174255687e-02 -1.430388252292301779e-02 -3.081678070952612730e-02 -6.639274139570845723e-02
4.470365304492005976e+02 2.789951075522239740e-02 -1.431531918888867896e-02 -3.084142025942085766e-02 -6.644582569674842287e-02
4.464577827865434188e+02 2.793559634197498656e-02 -1.432672542249814607e-02 -3.086599424479170156e-02 -6.649876874330371002e-02
4.458797827166255274e+02 2.797172860229050345e-02 -1.433810126332797467e-02 -3.089050275090375955e-02 -6.655157071907240318e-02
4.453025292737498262e+02 2.800790759653714809e-02 -1.434944675095473771e-02 -3.091494586302218420e-02 -6.660423180775267016e-02
4.447260214934665328e+02 2.804413338516119347e-02 -1.436076192495499247e-02 -3.093932366641208645e-02 -6.665675219304265098e-02
4.441502584125719295e+02 2.808040602868708963e-02 -1.437204682490531536e-02 -3.096363624633859807e-02 -6.670913205864048567e-02
4.435752390691062601e+02 2.811672558771757813e-02 -1.438330149038226369e-02 -3.098788368806684387e-02 -6.676137158824435591e-02
4.430009625023529907e+02 2.815309212293375454e-02 -1.439452596096240690e-02 -3.101206607686194175e-02 -6.681347096555234621e-02
4.424274277528359107e+02 2.818950569509523843e-02 -1.440572027622230578e-02 -3.103618349798902346e-02 -6.686543037426263825e-02
4.418546338623183942e+02 2.822596636504021844e-02 -1.441688447549745872e-02 -3.106023603619383761e-02 -6.691724999695441989e-02
4.412825798738017511e+02 2.826247419368557376e-02 -1.442801859861842992e-02 -3.108422377728874836e-02 -6.696893001850479088e-02
4.407112648315231240e+02 2.829902924202698858e-02 -1.443912268523220126e-02 -3.110814680669057516e-02 -6.702047062293874091e-02
4.401406877809549201e+02 2.833563157113900416e-02 -1.445019677467694434e-02 -3.113200520915084674e-02 -6.707187199284789236e-02
4.395708477688019684e+02 2.837228124217518535e-02 -1.446124090629084293e-02 -3.115579906942110566e-02 -6.712313431082390924e-02
4.390017438430007246e+02 2.840897831636819346e-02 -1.447225511941207035e-02 -3.117952847225288066e-02 -6.717425775945842781e-02
4.384333750527174516e+02 2.844572285502987644e-02 -1.448323945337880864e-02 -3.120319350239771777e-02 -6.722524252134311207e-02
4.378657404483464006e+02 2.848251491955140421e-02 -1.449419394752923633e-02 -3.122679424460715267e-02 -6.727608877906962603e-02
4.372988390815090156e+02 2.851935457140331379e-02 -1.450511864120152677e-02 -3.125033078363270711e-02 -6.732679671522956433e-02
4.367326700050513750e+02 2.855624187213568269e-02 -1.451601357373386546e-02 -3.127380320422593063e-02 -6.737736651241463259e-02
4.361672322730431688e+02 2.859317688337818450e-02 -1.452687878446442399e-02 -3.129721159113835888e-02 -6.742779835321643933e-02
4.356025249407757087e+02 2.863015966684022418e-02 -1.453771431273138959e-02 -3.132055602912152403e-02 -6.747809242022667631e-02
4.350385470647613033e+02 2.866719028431097618e-02 -1.454852019787292693e-02 -3.134383660292695828e-02 -6.752824889603695202e-02
4.344752977027303587e+02 2.870426879765958228e-02 -1.455929647922722323e-02 -3.136705339730620073e-02 -6.757826796323891660e-02
4.339127759136305826e+02 2.874139526883518619e-02 -1.457004319472498394e-02 -3.139020649397847307e-02 -6.762814979789133485e-02
4.333509807576255639e+02 2.877856975986705507e-02 -1.458076038550866309e-02 -3.141329598158252440e-02 -6.767789459096056059e-02
4.327899112960923276e+02 2.881579233286471128e-02 -1.459144809082957121e-02 -3.143632194468272412e-02 -6.772750252463502485e-02
4.322295665916212783e+02 2.885306305001795329e-02 -1.460210634969389722e-02 -3.145928446731537098e-02 -6.777697377996544370e-02
4.316699457080129037e+02 2.889038197359707072e-02 -1.461273520110784908e-02 -3.148218363351678456e-02 -6.782630853800256099e-02
4.311110477102773189e+02 2.892774916595287904e-02 -1.462333468407762960e-02 -3.150501952732327748e-02 -6.787550697979716219e-02
4.305528716646325051e+02 2.896516468951682716e-02 -1.463390483760943460e-02 -3.152779223277116238e-02 -6.792456928639997726e-02
4.299954166385021495e+02 2.900262860680114310e-02 -1.464444570070947728e-02 -3.155050183389677271e-02 -6.797349563886176393e-02
4.294386817005154171e+02 2.904014098039886180e-02 -1.465495731238395175e-02 -3.157314841473640027e-02 -6.802228621823327992e-02
4.288826659205039959e+02 2.907770187298401240e-02 -1.466543971163906078e-02 -3.159573205932637158e-02 -6.807094120556525518e-02
4.283273683695011300e+02 2.911531134731168424e-02 -1.467589293748100369e-02 -3.161825285170299232e-02 -6.811946078190846132e-02
4.277727881197402553e+02 2.915296946621812393e-02 -1.468631702891598501e-02 -3.164071087590258208e-02 -6.816784512831362830e-02
4.272189242446528397e+02 2.919067629262087071e-02 -1.469671202495021443e-02 -3.166310621596146735e-02 -6.821609442583155547e-02
4.266657758188679850e+02 2.922843188951880153e-02 -1.470707796458988088e-02 -3.168543895591593995e-02 -6.826420885551293116e-02
4.261133419182094713e+02 2.926623631999231839e-02 -1.471741488684119234e-02 -3.170770917980233333e-02 -6.831218859840855473e-02
4.255616216196951314e+02 2.930408964720339696e-02 -1.472772283071035158e-02 -3.172991697165695318e-02 -6.836003383556914226e-02
4.250106140015346909e+02 2.934199193439572181e-02 -1.473800183520356313e-02 -3.175206241551611908e-02 -6.840774474804549310e-02
4.244603181431294274e+02 2.937994324489473508e-02 -1.474825193932702110e-02 -3.177414559541613670e-02 -6.845532151688829559e-02
4.239107331250690436e+02 2.941794364210782720e-02 -1.475847318126531638e-02 -3.179616659362321379e-02 -6.850276431933476073e-02
4.233618580291310991e+02 2.945599318952438553e-02 -1.476866559934718673e-02 -3.181812549271410134e-02 -6.855007333329107833e-02
4.228136919382793053e+02 2.949409195071591924e-02 -1.477882923424145983e-02 -3.184002238030713555e-02 -6.859724874752524959e-02
4.222662339366617061e+02 2.953223998933617034e-02 -1.478896412452958969e-02 -3.186185733952354854e-02 -6.864429074111651208e-02
4.217194831096099961e+02 2.957043736912117610e-02 -1.479907030879301297e-02 -3.188363045348453079e-02 -6.869119949314406171e-02
4.211734385436368484e+02 2.960868415388944602e-02 -1.480914782561319060e-02 -3.190534180531129360e-02 -6.873797518268713602e-02
4.206280993264350059e+02 2.964698040754202082e-02 -1.481919671357156791e-02 -3.192699147812506910e-02 -6.878461798882497258e-02
4.200834645468757458e+02 2.968532619406259732e-02 -1.482921701124959545e-02 -3.194857955504705471e-02 -6.883112809063678117e-02
4.195395332950071747e+02 2.972372157751763250e-02 -1.483920875722872547e-02 -3.197010611919848255e-02 -6.887750566720179934e-02
4.189963046620532623e+02 2.976216662205641988e-02 -1.484917199009040158e-02 -3.199157125370054311e-02 -6.892375089759923690e-02
4.184537777404112830e+02 2.980066139191125604e-02 -1.485910674841607430e-02 -3.201297504167445462e-02 -6.896986396090831750e-02
4.179119516236513050e+02 2.983920595139750651e-02 -1.486901307078719418e-02 -3.203431756624142840e-02 -6.901584503620827871e-02
4.173708254065140295e+02 2.987780036491372027e-02 -1.487889099578521002e-02 -3.205559891052268962e-02 -6.906169430257833031e-02
4.168303981849095408e+02 2.991644469694175815e-02 -1.488874056199157581e-02 -3.207681915763944958e-02 -6.910741193909773761e-02
4.162906690559161689e+02 2.995513901204683443e-02 -1.489856180798773341e-02 -3.209797839071291264e-02 -6.915299812484566877e-02
4.157516371177781025e+02 2.999388337487772505e-02 -1.490835477235513337e-02 -3.211907669286428318e-02 -6.919845303890136134e-02
4.152133014699045361e+02 3.003267785016680222e-02 -1.491811949367523142e-02 -3.214011414721479332e-02 -6.924377686034406676e-02
4.146756612128678512e+02 3.007152250273017330e-02 -1.492785601052947116e-02 -3.216109083688565434e-02 -6.928896976825299481e-02
4.141387154484027633e+02 3.011041739746775012e-02 -1.493756436149930311e-02 -3.218200684499805675e-02 -6.933403194170735528e-02
4.136024632794036506e+02 3.014936259936342247e-02 -1.494724458388998339e-02 -3.220286225192376534e-02 -6.937896355386281855e-02
4.130669038099242130e+02 3.018835817348511363e-02 -1.495689671713843101e-02 -3.222365714262703101e-02 -6.942376478776936255e-02
4.125320361451751978e+02 3.022740418498490872e-02 -1.496652079988559578e-02 -3.224439160035725421e-02 -6.946843582278235119e-02
4.119978593915231500e+02 3.026650069909917959e-02 -1.497611687029140777e-02 -3.226506570732753237e-02 -6.951297683602454536e-02
4.114643726564893882e+02 3.030564778114862995e-02 -1.498568496651578839e-02 -3.228567954575090049e-02 -6.955738800461856719e-02
4.109315750487476748e+02 3.034484549653849311e-02 -1.499522512671866772e-02 -3.230623319784044212e-02 -6.960166950568712207e-02
4.103994656781232493e+02 3.038409391075858404e-02 -1.500473738905997410e-02 -3.232672674580924083e-02 -6.964582151635292928e-02
4.098680436555912365e+02 3.042339308938342077e-02 -1.501422179169963067e-02 -3.234716027187034548e-02 -6.968984421373863869e-02
4.093373080932749417e+02 3.046274309807235278e-02 -1.502367837279757097e-02 -3.236753385823685353e-02 -6.973373777496699732e-02
4.088072581044451113e+02 3.050214400256961653e-02 -1.503310717051371988e-02 -3.238784758712181383e-02 -6.977750237716066894e-02
4.082778928035174886e+02 3.054159586870451928e-02 -1.504250822300800053e-02 -3.240810154073830301e-02 -6.982113819744233119e-02
4.077492113060517909e+02 3.058109876239149469e-02 -1.505188156844034647e-02 -3.242829580129939770e-02 -6.986464541293470332e-02
4.072212127287502881e+02 3.062065274963024150e-02 -1.506122724497068084e-02 -3.244843045101816759e-02 -6.990802420076044910e-02
4.066938961894560975e+02 3.066025789650583117e-02 -1.507054529075893545e-02 -3.246850557210768928e-02 -6.995127473804231555e-02
4.061672608071523314e+02 3.069991426918876679e-02 -1.507983574396502997e-02 -3.248852124678101860e-02 -6.999439720190292480e-02
4.056413057019595954e+02 3.073962193393518436e-02 -1.508909864165759729e-02 -3.250847755490009899e-02 -7.003739176439964520e-02
4.051160299951353636e+02 3.077938095708689786e-02 -1.509833402325686663e-02 -3.252837458139324484e-02 -7.008025860850496114e-02
4.045914328090718186e+02 3.081919140507154500e-02 -1.510754192663827863e-02 -3.254821240786062719e-02 -7.012299791002110649e-02
4.040675132672956238e+02 3.085905334440263922e-02 -1.511672238956987720e-02 -3.256799111567101890e-02 -7.016560984425182501e-02
4.035442704944648540e+02 3.089896684167976748e-02 -1.512587544981971663e-02 -3.258771078619321360e-02 -7.020809458650086043e-02
4.030217036163684838e+02 3.093893196358864228e-02 -1.513500114515584256e-02 -3.260737150079603269e-02 -7.025045231207197038e-02
4.024998117599249099e+02 3.097894877690122312e-02 -1.514409951334630931e-02 -3.262697334084825596e-02 -7.029268319626894024e-02
4.019785940531800179e+02 3.101901734847585523e-02 -1.515317059215916598e-02 -3.264651638771868397e-02 -7.033478741439549986e-02
4.014580496253066144e+02 3.105913774525731127e-02 -1.516221441936245647e-02 -3.266600072277611039e-02 -7.037676514175543463e-02
4.009381776066017551e+02 3.109931003427699944e-02 -1.517123103272423508e-02 -3.268542642738932885e-02 -7.041861655365246053e-02
4.004189771284862331e+02 3.113953428265300513e-02 -1.518022047001255093e-02 -3.270479358292713995e-02 -7.046034182539036295e-02
3.999004473235028172e+02 3.117981055759023318e-02 -1.518918276899545138e-02 -3.272410227075834427e-02 -7.050194113227291337e-02
3.993825873253145460e+02 3.122013892638051888e-02 -1.519811796744099594e-02 -3.274335257225174239e-02 -7.054341464960386943e-02
3.988653962687041599e+02 3.126051945640269392e-02 -1.520702610311722332e-02 -3.276254456877611410e-02 -7.058476255268694710e-02
3.983488732895713156e+02 3.130095221512279452e-02 -1.521590721365530773e-02 -3.278167834140537085e-02 -7.062598501619059277e-02
3.978330175249324725e+02 3.134143727009407188e-02 -1.522476133608435464e-02 -3.280075396991630199e-02 -7.066708221198871043e-02
3.973178281129182778e+02 3.138197468895718295e-02 -1.523358850922097024e-02 -3.281977153793674135e-02 -7.070805432025198400e-02
3.968033041927729414e+02 3.142256453944027722e-02 -1.524238877043449132e-02 -3.283873112597649607e-02 -7.074890151443354036e-02
3.962894449048528713e+02 3.146320688935905219e-02 -1.525116215709424773e-02 -3.285763281454533863e-02 -7.078962396798643697e-02
3.957762493906245140e+02 3.150390180661696848e-02 -1.525990870656958147e-02 -3.287647668415307617e-02 -7.083022185436378682e-02
3.952637167926633310e+02 3.154464935920530538e-02 -1.526862845622982759e-02 -3.289526281530950891e-02 -7.087069534701867513e-02
3.947518462546523779e+02 3.158544961520328570e-02 -1.527732144344432809e-02 -3.291399128852443012e-02 -7.091104461940424264e-02
3.942406369213811672e+02 3.162630264277815906e-02 -1.528598770558241109e-02 -3.293266218430762615e-02 -7.095126984497351907e-02
3.937300879387436225e+02 3.166720851018536842e-02 -1.529462728001341684e-02 -3.295127558316889721e-02 -7.099137119717964517e-02
3.932201984537368276e+02 3.170816728576864030e-02 -1.530324020410668215e-02 -3.296983156561804351e-02 -7.103134884947572003e-02
3.927109676144601735e+02 3.174917903796008189e-02 -1.531182651523154553e-02 -3.298833021216485140e-02 -7.107120297531480113e-02
3.922023945701128014e+02 3.179024383528034764e-02 -1.532038625075734378e-02 -3.300677160331912802e-02 -7.111093374815002921e-02
3.916944784709937153e+02 3.183136174633866000e-02 -1.532891944805341196e-02 -3.302515581959066665e-02 -7.115054134143446174e-02
3.911872184684989975e+02 3.187253283983301766e-02 -1.533742614448908685e-02 -3.304348294148925363e-02 -7.119002592862122558e-02
3.906806137151208986e+02 3.191375718455027183e-02 -1.534590637689888133e-02 -3.306175304837244422e-02 -7.122938768068097504e-02
3.901746633644465874e+02 3.195503484936624422e-02 -1.535436018219759648e-02 -3.307996621977077334e-02 -7.126862676895702464e-02
3.896693665711562744e+02 3.199636590324585195e-02 -1.536278759888715442e-02 -3.309812253863411019e-02 -7.130774337215947667e-02
3.891647224910228147e+02 3.203775041524316303e-02 -1.537118866388874523e-02 -3.311622208450674953e-02 -7.134673766166131637e-02
3.886607302809088651e+02 3.207918845450161843e-02 -1.537956341412357458e-02 -3.313426493693302083e-02 -7.138560980883559837e-02
3.881573890987663731e+02 3.212068009025406679e-02 -1.538791188651284121e-02 -3.315225117545722577e-02 -7.142435998505533568e-02
3.876546981036352690e+02 3.216222539182289619e-02 -1.539623411797774212e-02 -3.317018087962368689e-02 -7.146298836169356905e-02
3.871526564556413064e+02 3.220382442862018690e-02 -1.540453014543948472e-02 -3.318805412897671975e-02 -7.150149511012333925e-02
3.866512633159957772e+02 3.224547727014774601e-02 -1.541280000581926081e-02 -3.320587100306062606e-02 -7.153988040171764540e-02
3.861505178469930115e+02 3.228718398599731559e-02 -1.542104373603827260e-02 -3.322363158141973527e-02 -7.157814440784952825e-02
3.856504192120094672e+02 3.232894464585064215e-02 -1.542926137301772575e-02 -3.324133594359835603e-02 -7.161628729989204245e-02
3.851509665755023093e+02 3.237075931947960838e-02 -1.543745295367881382e-02 -3.325898416914080391e-02 -7.165430924921818712e-02
3.846521591030083869e+02 3.241262807674629570e-02 -1.544561851494273726e-02 -3.327657633759138062e-02 -7.169221042720100301e-02
3.841539959611420159e+02 3.245455098760319929e-02 -1.545375809373069828e-02 -3.329411252849440866e-02 -7.172999100521350313e-02
3.836564763175940698e+02 3.249652812209326974e-02 -1.546187172696389563e-02 -3.331159282139420363e-02 -7.176765115462874212e-02
3.831595993411308427e+02 3.253855955035004494e-02 -1.546995945093413219e-02 -3.332901729447908246e-02 -7.180519104389833374e-02
3.826633642015918895e+02 3.258064534259780265e-02 -1.547802130282322115e-02 -3.334638602785483519e-02 -7.184261084560497612e-02
3.821677700698897979e+02 3.262278556915160221e-02 -1.548605732002422686e-02 -3.336369910208238088e-02 -7.187991073331187475e-02
3.816728161180075745e+02 3.266498030041748574e-02 -1.549406753903983906e-02 -3.338095659580436747e-02 -7.191709087644952703e-02
3.811785015189979049e+02 3.270722960689255443e-02 -1.550205199637274579e-02 -3.339815858766345680e-02 -7.195415144444840261e-02
3.806848254469818471e+02 3.274953355916508657e-02 -1.551001072852563334e-02 -3.341530515630230375e-02 -7.199109260673897115e-02
3.801917870771470120e+02 3.279189222791466934e-02 -1.551794377200119493e-02 -3.343239638036359096e-02 -7.202791453275170230e-02
3.796993855857468247e+02 3.283430568391228210e-02 -1.552585116330211512e-02 -3.344943233848995251e-02 -7.206461739191706573e-02
3.792076201500985349e+02 3.287677399802046291e-02 -1.553373293893108194e-02 -3.346641310932405022e-02 -7.210120135366551719e-02
3.787164899485820229e+02 3.291929724119340567e-02 -1.554158913539078687e-02 -3.348333877150853899e-02 -7.213766658742755411e-02
3.782259941606387201e+02 3.296187548447706422e-02 -1.554941978918391622e-02 -3.350020940368608757e-02 -7.217401326263363226e-02
3.777361319667696762e+02 3.300450879900930501e-02 -1.555722493681316147e-02 -3.351702508449935086e-02 -7.221024154871423517e-02
3.772469025485351040e+02 3.304719725601996255e-02 -1.556500461478120545e-02 -3.353378589259098375e-02 -7.224635161509980474e-02
3.767583050885517650e+02 3.308994092683105459e-02 -1.557275885959074312e-02 -3.355049190660364805e-02 -7.228234363122085226e-02
3.762703387704926854e+02 3.313273988285680288e-02 -1.558048770774445903e-02 -3.356714320518000561e-02 -7.231821776650783351e-02
3.757830027790850522e+02 3.317559419560384137e-02 -1.558819119495641163e-02 -3.358373986526365373e-02 -7.235397418673071568e-02
3.752962963001095886e+02 3.321850393667124396e-02 -1.559586935825254400e-02 -3.360028196662456779e-02 -7.238961306374869231e-02
3.748102185203985641e+02 3.326146917775071876e-02 -1.560352223418671504e-02 -3.361676958801566167e-02 -7.242513456722976528e-02
3.743247686278346578e+02 3.330448999062669835e-02 -1.561114985881899286e-02 -3.363320280712597810e-02 -7.246053886454993653e-02
3.738399458113494234e+02 3.334756644717646462e-02 -1.561875226820943520e-02 -3.364958170164457363e-02 -7.249582612308516638e-02
3.733557492609223232e+02 3.339069861937026679e-02 -1.562632949841811364e-02 -3.366590634926050485e-02 -7.253099651021148453e-02
3.728721781675791362e+02 3.343388657927142543e-02 -1.563388158550508417e-02 -3.368217682766281446e-02 -7.256605019330482353e-02
3.723892317233907647e+02 3.347713039903647825e-02 -1.564140856553040623e-02 -3.369839321454054515e-02 -7.260098733974119922e-02
3.719069091214713012e+02 3.352043015091530492e-02 -1.564891047455414796e-02 -3.371455558758276044e-02 -7.263580811689657191e-02
3.714252095559776308e+02 3.356378590725121042e-02 -1.565638734863637055e-02 -3.373066402447850304e-02 -7.267051269214695741e-02
3.709441322221069868e+02 3.360719774048110536e-02 -1.566383922383714211e-02 -3.374671860291682951e-02 -7.270510123286832993e-02
3.704636763160970645e+02 3.365066572313553384e-02 -1.567126613621651690e-02 -3.376271940058678256e-02 -7.273957390643664978e-02
3.699838410352230085e+02 3.369418992783890232e-02 -1.567866812183455957e-02 -3.377866649517741182e-02 -7.277393088022791889e-02
3.695046255777972419e+02 3.373777042730953524e-02 -1.568604521675133479e-02 -3.379455996437776694e-02 -7.280817232161812536e-02
3.690260291431677615e+02 3.378140729435979983e-02 -1.569339745702690025e-02 -3.381039988587690448e-02 -7.284229839798324335e-02
3.685480509317165456e+02 3.382510060189627271e-02 -1.570072487748782816e-02 -3.382618633470636793e-02 -7.287630927097385469e-02
3.680706901448588724e+02 3.386885042291978148e-02 -1.570802751531283348e-02 -3.384191939096530682e-02 -7.291020511315832175e-02
3.675939459850414437e+02 3.391265683052559904e-02 -1.571530540636981166e-02 -3.385759913192872700e-02 -7.294398609102063780e-02
3.671178176557409643e+02 3.395651989790355457e-02 -1.572255858625492761e-02 -3.387322563428626920e-02 -7.297765236978359660e-02
3.666423043614631183e+02 3.400043969833813073e-02 -1.572978709056434971e-02 -3.388879897472752561e-02 -7.301120411466990867e-02
3.661674053077414897e+02 3.404441630520857465e-02 -1.573699095489423244e-02 -3.390431922994210923e-02 -7.304464149090235392e-02
3.656931197011356289e+02 3.408844979198907138e-02 -1.574417021484074419e-02 -3.391978647661963303e-02 -7.307796466370369837e-02
3.652194467492299736e+02 3.413254023224882722e-02 -1.575132490600005333e-02 -3.393520079144971696e-02 -7.311117379829670804e-02
3.647463856606327681e+02 3.417668769965220843e-02 -1.575845506396832130e-02 -3.395056225112196013e-02 -7.314426905990410732e-02
3.642739356449740171e+02 3.422089226795888006e-02 -1.576556072434171993e-02 -3.396587093232598942e-02 -7.317725061374870388e-02
3.638020959129054859e+02 3.426515401102384756e-02 -1.577264192271640372e-02 -3.398112691175140393e-02 -7.321011862505323597e-02
3.633308656760980284e+02 3.430947300279769963e-02 -1.577969869468853759e-02 -3.399633026608781666e-02 -7.324287325904045576e-02
3.628602441472409055e+02 3.435384931732664987e-02 -1.578673107585429336e-02 -3.401148107202484755e-02 -7.327551468093312925e-02
3.623902305400404202e+02 3.439828302875268945e-02 -1.579373910180982901e-02 -3.402657940625209571e-02 -7.330804305595400860e-02
3.619208240692183836e+02 3.444277421131372585e-02 -1.580072280811533475e-02 -3.404162534538167362e-02 -7.334045854915886842e-02
3.614520239505114887e+02 3.448732293934362453e-02 -1.580768222901318340e-02 -3.405661896318653431e-02 -7.337276131948675117e-02
3.609838294006690376e+02 3.453192928727245870e-02 -1.581461740158670443e-02 -3.407156033956027646e-02 -7.340495153906316517e-02
3.605162396374520881e+02 3.457659332962655097e-02 -1.582152836096534579e-02 -3.408644955018702571e-02 -7.343702937094462313e-02
3.600492538796323743e+02 3.462131514102861213e-02 -1.582841514227855892e-02 -3.410128667075087994e-02 -7.346899497818756841e-02
3.595828713469906006e+02 3.466609479619787992e-02 -1.583527778065580219e-02 -3.411607177693595783e-02 -7.350084852384851375e-02
3.591170912603155330e+02 3.471093236995020925e-02 -1.584211631122653050e-02 -3.413080494442637114e-02 -7.353259017098391637e-02
3.586519128414022930e+02 3.475582793719825259e-02 -1.584893076912019180e-02 -3.414548624890623857e-02 -7.356422008265024737e-02
3.581873353130511646e+02 3.480078157295155017e-02 -1.585572118946624101e-02 -3.416011576605966493e-02 -7.359573842190401949e-02
3.577233578990666274e+02 3.484579335231664104e-02 -1.586248760739413302e-02 -3.417469357157077586e-02 -7.362714535180168995e-02
3.572599798242554812e+02 3.489086335049725041e-02 -1.586923005803332273e-02 -3.418921974112367618e-02 -7.365844103539974375e-02
3.567972003144263340e+02 3.493599164279431041e-02 -1.587594857651326505e-02 -3.420369435040247763e-02 -7.368962563575465197e-02
3.563350185963874424e+02 3.498117830460619609e-02 -1.588264319796340793e-02 -3.421811747509129892e-02 -7.372069931592289960e-02
3.558734338979460290e+02 3.502642341142878785e-02 -1.588931395751320974e-02 -3.423248919087425179e-02 -7.375166223896097162e-02
3.554124454479064070e+02 3.507172703885563791e-02 -1.589596089029212539e-02 -3.424680957343545495e-02 -7.378251456792536689e-02
3.549520524760698663e+02 3.511708926257801899e-02 -1.590258403111485114e-02 -3.426107869778090981e-02 -7.381325646441158628e-02
3.544922542132319450e+02 3.516251015838513932e-02 -1.590918341442524100e-02 -3.427529663811763189e-02 -7.384388808829381312e-02
3.540330498911819177e+02 3.520798980216423985e-02 -1.591575907637138992e-02 -3.428946347232433856e-02 -7.387440960735668083e-02
3.535744387427014317e+02 3.525352826990070521e-02 -1.592231105160544363e-02 -3.430357927505681137e-02 -7.390482118244116883e-02
3.531164200015630854e+02 3.529912563767820949e-02 -1.592883937477953399e-02 -3.431764412097081107e-02 -7.393512297438822878e-02
3.526589929025296897e+02 3.534478198167879254e-02 -1.593534408054579632e-02 -3.433165808472209146e-02 -7.396531514403885399e-02
3.522021566813520508e+02 3.539049737818308200e-02 -1.594182520355636942e-02 -3.434562124096643410e-02 -7.399539785223399613e-02
3.517459105747682884e+02 3.543627190357034884e-02 -1.594828277846338863e-02 -3.435953366435959971e-02 -7.402537125981464849e-02
3.512902538205025849e+02 3.548210563431864611e-02 -1.595471683991899273e-02 -3.437339542955734212e-02 -7.405523552762174888e-02
3.508351856572635370e+02 3.552799864700496857e-02 -1.596112742257532052e-02 -3.438720661121545674e-02 -7.408499081649630447e-02
3.503807053247435306e+02 3.557395101830531509e-02 -1.596751456108450387e-02 -3.440096728398968351e-02 -7.411463728727928080e-02
3.499268120636169215e+02 3.561996282499488298e-02 -1.597387829009868157e-02 -3.441467752253578316e-02 -7.414417510081161566e-02
3.494735051155386145e+02 3.566603414394818594e-02 -1.598021864426999242e-02 -3.442833740150955113e-02 -7.417360441793431625e-02
3.490207837231436088e+02 3.571216505213913733e-02 -1.598653565825056827e-02 -3.444194699556671346e-02 -7.420292539948833421e-02
3.485686471300444964e+02 3.575835562664125833e-02 -1.599282936669255487e-02 -3.445550637936307947e-02 -7.423213820631469062e-02
3.481170945808319743e+02 3.580460594462767793e-02 -1.599909980357285683e-02 -3.446901562609965691e-02 -7.426124299612017754e-02
3.476661253210716609e+02 3.585091608337141050e-02 -1.600534700348308498e-02 -3.448247481030181777e-02 -7.429023992946481858e-02
3.472157385973040391e+02 3.589728612024539051e-02 -1.601157100189804644e-02 -3.449588400839771751e-02 -7.431912917100814975e-02
3.467659336570425808e+02 3.594371613272265981e-02 -1.601777183297826979e-02 -3.450924329398397106e-02 -7.434791087930922582e-02
3.463167097487734623e+02 3.599020619837638851e-02 -1.602394953088427318e-02 -3.452255274065720025e-02 -7.437658521292714320e-02
3.458680661219528929e+02 3.603675639488015947e-02 -1.603010412977657478e-02 -3.453581242201401308e-02 -7.440515233042103993e-02
3.454200020270070013e+02 3.608336680000797519e-02 -1.603623566381570317e-02 -3.454902241165102444e-02 -7.443361239034995691e-02
3.449725167153299594e+02 3.613003749163445910e-02 -1.604234416716217651e-02 -3.456218278316484233e-02 -7.446196555127304606e-02
3.445256094392829027e+02 3.617676854773495265e-02 -1.604842967397652337e-02 -3.457529361015209551e-02 -7.449021197174938991e-02
3.440792794521931910e+02 3.622356004638561250e-02 -1.605449221841926191e-02 -3.458835496620939198e-02 -7.451835181033808486e-02
3.436335260083521348e+02 3.627041206576363253e-02 -1.606053183465091030e-02 -3.460136692493333277e-02 -7.454638522559821345e-02
3.431883483630145975e+02 3.631732468414729936e-02 -1.606654855683199712e-02 -3.461432955992054666e-02 -7.457431237608888597e-02
3.427437457723973466e+02 3.636429797991615198e-02 -1.607254241912303705e-02 -3.462724294476764164e-02 -7.460213342036919881e-02
3.422997174936779174e+02 3.641133203155110659e-02 -1.607851345568456561e-02 -3.464010715307124649e-02 -7.462984851699827615e-02
3.418562627849936462e+02 3.645842691763456073e-02 -1.608446170067708708e-02 -3.465292225842794144e-02 -7.465745782453517276e-02
3.414133809054397375e+02 3.650558271685059447e-02 -1.609038718738073012e-02 -3.466568833253758780e-02 -7.468496149745250390e-02
3.409710711150688098e+02 3.655279950798502597e-02 -1.609628995050092770e-02 -3.467840545017078502e-02 -7.471235969683867606e-02
3.405293326748890763e+02 3.660007736992559879e-02 -1.610217002454810212e-02 -3.469107368567798250e-02 -7.473965258287687541e-02
3.400881648468633784e+02 3.664741638166208598e-02 -1.610802744321171778e-02 -3.470369311164091253e-02 -7.476684031193971125e-02
3.396475668939081629e+02 3.669481662228640112e-02 -1.611386224018122523e-02 -3.471626380064131434e-02 -7.479392304039976513e-02
3.392075380798916058e+02 3.674227817099279259e-02 -1.611967444914609235e-02 -3.472878582526094104e-02 -7.482090092462972963e-02
3.387680776696330440e+02 3.678980110707791296e-02 -1.612546410379577660e-02 -3.474125925808152493e-02 -7.484777412100217242e-02
3.383291849289012134e+02 3.683738550994101330e-02 -1.613123123781973894e-02 -3.475368417168480523e-02 -7.487454278588973056e-02
3.378908591244137938e+02 3.688503145908397785e-02 -1.613697588490743337e-02 -3.476606063865252810e-02 -7.490120707566502722e-02
3.374530995238351352e+02 3.693273903411158771e-02 -1.614269807874832430e-02 -3.477838873156642585e-02 -7.492776714670067173e-02
3.370159053957758601e+02 3.698050831473154165e-02 -1.614839785303187267e-02 -3.479066852300825158e-02 -7.495422315536930113e-02
3.365792760097913288e+02 3.702833938075465042e-02 -1.615407524144753248e-02 -3.480290008555973758e-02 -7.498057525804351087e-02
3.361432106363801608e+02 3.707623231209497550e-02 -1.615973027768477163e-02 -3.481508349180263001e-02 -7.500682361109595186e-02
3.357077085469838380e+02 3.712418718876987767e-02 -1.616536299543304411e-02 -3.482721881431866812e-02 -7.503296837089921956e-02
3.352727690139847141e+02 3.717220409090025990e-02 -1.617097342838180740e-02 -3.483930612568958418e-02 -7.505900969382593713e-02
3.348383913107047647e+02 3.722028309871065754e-02 -1.617656160900432169e-02 -3.485134549587689395e-02 -7.508494773060361838e-02
3.344045747114049050e+02 3.726842429252935629e-02 -1.618212757208786420e-02 -3.486333699982751416e-02 -7.511078264270049099e-02
3.339713184912835118e+02 3.731662775278854483e-02 -1.618767135130871199e-02 -3.487528071009479008e-02 -7.513651458642800485e-02
3.335386219264752299e+02 3.736489356002442586e-02 -1.619319297986393860e-02 -3.488717669819963590e-02 -7.516214371587329190e-02
3.331064842940497215e+02 3.741322179487738264e-02 -1.619869249095061067e-02 -3.489902503566297276e-02 -7.518767018512351186e-02
3.326749048720105293e+02 3.746161253809210390e-02 -1.620416991776579482e-02 -3.491082579400572178e-02 -7.521309414826581052e-02
3.322438829392936555e+02 3.751006587051771562e-02 -1.620962529350656808e-02 -3.492257904474879715e-02 -7.523841575938733373e-02
3.318134177757665952e+02 3.755858187310791990e-02 -1.621505865136999708e-02 -3.493428485941312694e-02 -7.526363517257524116e-02
3.313835086622273707e+02 3.760716062692108508e-02 -1.622047002455314496e-02 -3.494594330951961841e-02 -7.528875254191666477e-02
3.309541548804026547e+02 3.765580221312046783e-02 -1.622585944625309223e-02 -3.495755446658919269e-02 -7.531376802149877814e-02
3.305253557129470323e+02 3.770450671297428946e-02 -1.623122694966690205e-02 -3.496911840214276396e-02 -7.533868176540868544e-02
3.300971104434416930e+02 3.775327420785588861e-02 -1.623657256799165144e-02 -3.498063518770127417e-02 -7.536349392773360190e-02
3.296694183563935212e+02 3.780210477924382528e-02 -1.624189633442439662e-02 -3.499210489478560976e-02 -7.538820466256060393e-02
3.292422787372333914e+02 3.785099850872207516e-02 -1.624719828216222156e-02 -3.500352759491671267e-02 -7.541281412397687900e-02
3.288156908723151446e+02 3.789995547798012676e-02 -1.625247844440218942e-02 -3.501490335961549710e-02 -7.543732246606957292e-02
3.283896540489146219e+02 3.794897576881312712e-02 -1.625773685294756854e-02 -3.502623225740002233e-02 -7.546172983645638155e-02
3.279641675552282436e+02 3.799805946312202753e-02 -1.626297354257054406e-02 -3.503751436318468943e-02 -7.548603639653547748e-02
3.275392306803719862e+02 3.804720664291368071e-02 -1.626818854609982795e-02 -3.504874974769681822e-02 -7.551024229868426307e-02
3.271148427143801314e+02 3.809641739030103502e-02 -1.627338189624872103e-02 -3.505993848141508024e-02 -7.553434769474440258e-02
3.266910029482038453e+02 3.814569178750323863e-02 -1.627855362573052064e-02 -3.507108063481812615e-02 -7.555835273655758799e-02
3.262677106737104396e+02 3.819502991684578519e-02 -1.628370376725851720e-02 -3.508217627838462055e-02 -7.558225757596548355e-02
3.258449651836815519e+02 3.824443186076065954e-02 -1.628883235354601500e-02 -3.509322548259322799e-02 -7.560606236480973963e-02
3.254227657718130331e+02 3.829389770178642793e-02 -1.629393941730630443e-02 -3.510422831792259224e-02 -7.562976725493203434e-02
3.250011117327125589e+02 3.834342752256843928e-02 -1.629902499125267940e-02 -3.511518485485138480e-02 -7.565337239817404580e-02
3.245800023618991190e+02 3.839302140585895001e-02 -1.630408910809843723e-02 -3.512609516385827024e-02 -7.567687794637742438e-02
3.241594369558017661e+02 3.844267943451722125e-02 -1.630913180055687528e-02 -3.513695931542189232e-02 -7.570028405138387595e-02
3.237394148117582517e+02 3.849240169150972002e-02 -1.631415310134129437e-02 -3.514777738002092256e-02 -7.572359086503502312e-02
3.233199352280143444e+02 3.854218825991016784e-02 -1.631915304316498144e-02 -3.515854942813401857e-02 -7.574679853917257177e-02
3.229009975037218965e+02 3.859203922289978356e-02 -1.632413165874123731e-02 -3.516927553023983105e-02 -7.576990722563815839e-02
3.224826009389381625e+02 3.864195466376736665e-02 -1.632908898057758643e-02 -3.517995575637371253e-02 -7.579291707531837785e-02
3.220647448346246051e+02 3.869193466590944291e-02 -1.633402504035664018e-02 -3.519059017479377743e-02 -7.581582823527088788e-02
3.216474284926458154e+02 3.874197931283036855e-02 -1.633893987221230262e-02 -3.520117885903929766e-02 -7.583864086393121706e-02
3.212306512157680345e+02 3.879208868814254529e-02 -1.634383350836969562e-02 -3.521172187853717495e-02 -7.586135511087513383e-02
3.208144123076579604e+02 3.884226287556651752e-02 -1.634870598105393411e-02 -3.522221930271433876e-02 -7.588397112567839276e-02
3.203987110728821790e+02 3.889250195893109718e-02 -1.635355732249015384e-02 -3.523267120099771860e-02 -7.590648905791677614e-02
3.199835468169052319e+02 3.894280602217354420e-02 -1.635838756490346282e-02 -3.524307764281421618e-02 -7.592890905716605243e-02
3.195689188460891046e+02 3.899317514933964973e-02 -1.636319674051899334e-02 -3.525343869759076099e-02 -7.595123127300196231e-02
3.191548264676916347e+02 3.904360942458393741e-02 -1.636798488156185338e-02 -3.526375443475426863e-02 -7.597345585500027421e-02
3.187412689898654889e+02 3.909410893216977434e-02 -1.637275202025717524e-02 -3.527402492373166165e-02 -7.599558295273677044e-02
3.183282457216571402e+02 3.914467375646950992e-02 -1.637749818883008079e-02 -3.528425023394986260e-02 -7.601761271578720558e-02
3.179157559730053322e+02 3.919530398196464233e-02 -1.638222341950568497e-02 -3.529443043483579401e-02 -7.603954529372733417e-02
3.175037990547406253e+02 3.924599969324588794e-02 -1.638692774450911313e-02 -3.530456559581636455e-02 -7.606138083613292467e-02
3.170923742785834634e+02 3.929676097501341725e-02 -1.639161119606548714e-02 -3.531465578631849678e-02 -7.608311949257975937e-02
3.166814809571433784e+02 3.934758791207695200e-02 -1.639627380639992540e-02 -3.532470107576912016e-02 -7.610476141264357897e-02
3.162711184039180807e+02 3.939848058935589009e-02 -1.640091560722972686e-02 -3.533470153250105328e-02 -7.612630674354303739e-02
3.158612859332915832e+02 3.944943909187949987e-02 -1.640553663040788396e-02 -3.534465722513951969e-02 -7.614775563312663198e-02
3.154519828605342582e+02 3.950046350478695484e-02 -1.641013690912321299e-02 -3.535456822518763531e-02 -7.616910823544320586e-02
3.150432085018004500e+02 3.955155391332761117e-02 -1.641471647511158136e-02 -3.536443460101827002e-02 -7.619036469779762177e-02
3.146349621741279066e+02 3.960271040286108407e-02 -1.641927536010887034e-02 -3.537425642100430062e-02 -7.621152516749477024e-02
3.142272431954365288e+02 3.965393305885739350e-02 -1.642381359585095429e-02 -3.538403375351859004e-02 -7.623258979183951400e-02
3.138200508845277454e+02 3.970522196689705435e-02 -1.642833121407370409e-02 -3.539376666693400120e-02 -7.625355871813677133e-02
3.134133845610824096e+02 3.975657721267134015e-02 -1.643282824651300100e-02 -3.540345522962341784e-02 -7.627443209369139110e-02
3.130072435456604012e+02 3.980799888198232467e-02 -1.643730472490471245e-02 -3.541309950995969597e-02 -7.629521006580827769e-02
3.126016271596991487e+02 3.985948706074306930e-02 -1.644176068098471277e-02 -3.542269957631571237e-02 -7.631589278179227998e-02
3.121965347255126062e+02 3.991104183497776875e-02 -1.644619614648888672e-02 -3.543225549706433691e-02 -7.633648038894831622e-02
3.117919655662904006e+02 3.996266329082183433e-02 -1.645061115315309477e-02 -3.544176734057843253e-02 -7.635697303458123530e-02
3.113879190060961264e+02 4.001435151452213679e-02 -1.645500573271322167e-02 -3.545123517523086909e-02 -7.637737086599594161e-02
3.109843943698666067e+02 4.006610659243707573e-02 -1.645937991690513483e-02 -3.546065906939452339e-02 -7.639767403049729788e-02
3.105813909834105857e+02 4.011792861103676694e-02 -1.646373373746471552e-02 -3.547003909144225836e-02 -7.641788267539019464e-02
3.101789081734077058e+02 4.016981765690316036e-02 -1.646806722533579806e-02 -3.547937530804055190e-02 -7.643799694430319924e-02
3.097769452674077684e+02 4.022177381673015112e-02 -1.647238041249766624e-02 -3.548866778808668077e-02 -7.645801698567100679e-02
3.093755015938285737e+02 4.027379717732382930e-02 -1.647667333122871530e-02 -3.549791660112234376e-02 -7.647794294931667403e-02
3.089745764819558076e+02 4.032588782560252161e-02 -1.648094601277522511e-02 -3.550712181446560173e-02 -7.649777498027252043e-02
3.085741692619415062e+02 4.037804584859699258e-02 -1.648519848838346166e-02 -3.551628349543449470e-02 -7.651751322357092100e-02
3.081742792648026921e+02 4.043027133345059032e-02 -1.648943078929969441e-02 -3.552540171134708352e-02 -7.653715782424420910e-02
3.077749058224212035e+02 4.048256436741930198e-02 -1.649364294677019283e-02 -3.553447652952140823e-02 -7.655670892732470423e-02
3.073760482675413073e+02 4.053492503787205214e-02 -1.649783499204123330e-02 -3.554350801727551579e-02 -7.657616667784475362e-02
3.069777059337693004e+02 4.058735343229074449e-02 -1.650200695635908182e-02 -3.555249624192746705e-02 -7.659553122083670451e-02
3.065798781555723167e+02 4.063984963827043523e-02 -1.650615887097001480e-02 -3.556144127079531592e-02 -7.661480270133293191e-02
3.061825642682774173e+02 4.069241374351945106e-02 -1.651029076712029822e-02 -3.557034317119708855e-02 -7.663398126436571367e-02
3.057857636080701127e+02 4.074504583585958351e-02 -1.651440267605620502e-02 -3.557920201045085967e-02 -7.665306705496746642e-02
3.053894755119932256e+02 4.079774600322622069e-02 -1.651849462902400464e-02 -3.558801785587466932e-02 -7.667206021817046802e-02
3.049936993179460956e+02 4.085051433366847923e-02 -1.652256665726997351e-02 -3.559679077478656445e-02 -7.669096089900710733e-02
3.045984343646831576e+02 4.090335091534937767e-02 -1.652661879204037759e-02 -3.560552083450461286e-02 -7.670976924250970386e-02
3.042036799918134307e+02 4.095625583654591284e-02 -1.653065106352311769e-02 -3.561420810006665078e-02 -7.672848538879808999e-02
3.038094355397985851e+02 4.100922918564930963e-02 -1.653466350378300989e-02 -3.562285264055424505e-02 -7.674710948670394883e-02
3.034157003499523739e+02 4.106227105116510429e-02 -1.653865614421864971e-02 -3.563145452361361765e-02 -7.676564168196665927e-02
3.030224737644393826e+02 4.111538152171331090e-02 -1.654262901558700358e-02 -3.564001381550863101e-02 -7.678408211734738531e-02
3.026297551262738352e+02 4.116856068602857410e-02 -1.654658214864503096e-02 -3.564853058250315454e-02 -7.680243093560730483e-02
3.022375437793190258e+02 4.122180863296026621e-02 -1.655051557414969482e-02 -3.565700489086105762e-02 -7.682068827950760959e-02
3.018458390682853860e+02 4.127512545147273004e-02 -1.655442932285795810e-02 -3.566543680684620271e-02 -7.683885429180943583e-02
3.014546403387299165e+02 4.132851123064535531e-02 -1.655832342552678374e-02 -3.567382639672247308e-02 -7.685692911527400306e-02
3.010639469370550501e+02 4.138196605967274511e-02 -1.656219791291313470e-02 -3.568217372675371729e-02 -7.687491289266247529e-02
3.006737582105073443e+02 4.143549002786488938e-02 -1.656605281577397740e-02 -3.569047886320381863e-02 -7.689280576673601653e-02
3.002840735071769132e+02 4.148908322464724130e-02 -1.656988816486626784e-02 -3.569874187233663260e-02 -7.691060788025579076e-02
2.998948921759956079e+02 4.154274573956097394e-02 -1.657370399094697244e-02 -3.570696282041603553e-02 -7.692831937598300363e-02
2.995062135667365055e+02 4.159647766226303583e-02 -1.657750032477305416e-02 -3.571514177370588294e-02 -7.694594039667881913e-02
2.991180370300122036e+02 4.165027908252639383e-02 -1.658127719710147940e-02 -3.572327879847006504e-02 -7.696347108510441515e-02
2.987303619172749336e+02 4.170415009024003306e-02 -1.658503463868920419e-02 -3.573137396097243040e-02 -7.698091158402095568e-02
2.983431875808139466e+02 4.175809077540929004e-02 -1.658877267898710081e-02 -3.573942732466295347e-02 -7.699826203012727355e-02
2.979565133737554561e+02 4.181210122815588043e-02 -1.659249135010547327e-02 -3.574743895872119215e-02 -7.701552257246617461e-02
2.975703386500612169e+02 4.186618153871808634e-02 -1.659619068259179236e-02 -3.575540892895968242e-02 -7.703269335282648955e-02
2.971846627645273884e+02 4.192033179745092986e-02 -1.659987070671460618e-02 -3.576333730059003124e-02 -7.704977451170237635e-02
2.967994850727840230e+02 4.197455209482623545e-02 -1.660353145274245934e-02 -3.577122413882382473e-02 -7.706676618958793745e-02
2.964148049312930198e+02 4.202884252143290061e-02 -1.660717295094388257e-02 -3.577906950887266985e-02 -7.708366852697730309e-02
2.960306216973477831e+02 4.208320316797698607e-02 -1.661079523158743437e-02 -3.578687347594815965e-02 -7.710048166436461736e-02
2.956469347290719156e+02 4.213763412528185454e-02 -1.661439832494163854e-02 -3.579463610526188722e-02 -7.711720574224395497e-02
2.952637433854179676e+02 4.219213548428837890e-02 -1.661798226127505010e-02 -3.580235746202544561e-02 -7.713384090110948776e-02
2.948810470261670957e+02 4.224670733605497691e-02 -1.662154707085620325e-02 -3.581003761145044179e-02 -7.715038728145531821e-02
2.944988450119267895e+02 4.230134977175792343e-02 -1.662509278395363915e-02 -3.581767661874846187e-02 -7.716684502377559041e-02
2.941171367041309281e+02 4.235606288269138514e-02 -1.662861943083590241e-02 -3.582527454913110587e-02 -7.718321426856439293e-02
2.937359214650380750e+02 4.241084676026761480e-02 -1.663212704177153417e-02 -3.583283146780996686e-02 -7.719949515631588377e-02
2.933551986577303978e+02 4.246570149601712474e-02 -1.663561564702907905e-02 -3.584034743999665179e-02 -7.721568782752419313e-02
2.929749676461133276e+02 4.252062718158874932e-02 -1.663908527682040131e-02 -3.584782253078063613e-02 -7.723179242242035614e-02
2.925952277949135123e+02 4.257562390874992247e-02 -1.664253596003679309e-02 -3.585525680240633783e-02 -7.724780907510589434e-02
2.922159784696783618e+02 4.263069176938674709e-02 -1.664596772858942600e-02 -3.586265032362428995e-02 -7.726373793369933907e-02
2.918372190367747407e+02 4.268583085550419626e-02 -1.664938061226377969e-02 -3.587000315860536942e-02 -7.727957913645264187e-02
2.914589488633882297e+02 4.274104125922619651e-02 -1.665277464084533032e-02 -3.587731537152041850e-02 -7.729533282161772656e-02
2.910811673175216470e+02 4.279632307279586378e-02 -1.665614984411955407e-02 -3.588458702654031413e-02 -7.731099912744654468e-02
2.907038737679941960e+02 4.285167638857562133e-02 -1.665950625187192363e-02 -3.589181818783591243e-02 -7.732657819219099227e-02
2.903270675844404423e+02 4.290710129904735243e-02 -1.666284389388792211e-02 -3.589900891957808343e-02 -7.734207015410303476e-02
2.899507481373091196e+02 4.296259789681256686e-02 -1.666616279995301181e-02 -3.590615928593767631e-02 -7.735747515143458208e-02
2.895749147978625615e+02 4.301816627459249809e-02 -1.666946299985268276e-02 -3.591326935108556107e-02 -7.737279332243757191e-02
2.891995669381748257e+02 4.307380652522836001e-02 -1.667274452337240420e-02 -3.592033917919260771e-02 -7.738802480536394190e-02
2.888247039311312960e+02 4.312951874168143018e-02 -1.667600740029764883e-02 -3.592736883442966545e-02 -7.740316973846562976e-02
2.884503251504273749e+02 4.318530301703323027e-02 -1.667925166041389975e-02 -3.593435838096759732e-02 -7.741822825999454538e-02
2.880764299705673466e+02 4.324115944448567866e-02 -1.668247733350662967e-02 -3.594130788297727336e-02 -7.743320050820264033e-02
2.877030177668638089e+02 4.329708811736120155e-02 -1.668568444936130782e-02 -3.594821740462954968e-02 -7.744808662134182453e-02
2.873300879154361951e+02 4.335308912910296880e-02 -1.668887303739589531e-02 -3.595508700930348522e-02 -7.746288673595815022e-02
2.869576397932095233e+02 4.340916257327501887e-02 -1.669204312671649856e-02 -3.596191675970629442e-02 -7.747760098715023025e-02
2.865856727779139987e+02 4.346530854356237678e-02 -1.669519474828542321e-02 -3.596870672254423584e-02 -7.749222951863232733e-02
2.862141862480834220e+02 4.352152713377127613e-02 -1.669832793140279062e-02 -3.597545696094251594e-02 -7.750677246640355622e-02
2.858431795830546776e+02 4.357781843782922854e-02 -1.670144270536871867e-02 -3.598216753802631340e-02 -7.752122996646303166e-02
2.854726521629660851e+02 4.363418254978527339e-02 -1.670453909948333912e-02 -3.598883851692086244e-02 -7.753560215480991002e-02
2.851026033687567178e+02 4.369061956381008888e-02 -1.670761714304676293e-02 -3.599546996075134175e-02 -7.754988916744329219e-02
2.847330325821653219e+02 4.374712957419616549e-02 -1.671067686535912880e-02 -3.600206193264296473e-02 -7.756409114036232066e-02
2.843639391857294072e+02 4.380371267535791008e-02 -1.671371829572055809e-02 -3.600861449572093781e-02 -7.757820820956612407e-02
2.839953225627841107e+02 4.386036896183187483e-02 -1.671674146343116174e-02 -3.601512771311045358e-02 -7.759224051105381714e-02
2.836271820974608318e+02 4.391709852827690302e-02 -1.671974639779107846e-02 -3.602160164793672542e-02 -7.760618818082455628e-02
2.832595171746867777e+02 4.397390146947424694e-02 -1.672273312810042614e-02 -3.602803636332495285e-02 -7.762005135487742846e-02
2.828923271801834858e+02 4.403077788032777606e-02 -1.672570168365933307e-02 -3.603443192240034232e-02 -7.763383016921160396e-02
2.825256115004663684e+02 4.408772785586404647e-02 -1.672865209376791368e-02 -3.604078838828810027e-02 -7.764752475982616975e-02
2.821593695228428373e+02 4.414475149123259917e-02 -1.673158438772629972e-02 -3.604710582411341235e-02 -7.766113526272029610e-02
2.817936006354120764e+02 4.420184888170599485e-02 -1.673449859419491939e-02 -3.605338429162332353e-02 -7.767466181092387567e-02
2.814283042270633359e+02 4.425902012268004976e-02 -1.673739474242678937e-02 -3.605962385384153812e-02 -7.768810454021740641e-02
2.810634796874755352e+02 4.431626530967396754e-02 -1.674027286243007229e-02 -3.606582457541868819e-02 -7.770146358988644364e-02
2.806991264071161254e+02 4.437358453833044336e-02 -1.674313298302538069e-02 -3.607198651844689685e-02 -7.771473909370442412e-02
2.803352437772395547e+02 4.443097790441593448e-02 -1.674597513303332716e-02 -3.607810974501828027e-02 -7.772793118544474300e-02
2.799718311898867569e+02 4.448844550382075047e-02 -1.674879934127451730e-02 -3.608419431722497545e-02 -7.774103999888085093e-02
2.796088880378840145e+02 4.454598743255922672e-02 -1.675160563656956023e-02 -3.609024029715909160e-02 -7.775406566778614303e-02
2.792464137148417649e+02 4.460360378676989784e-02 -1.675439404773906155e-02 -3.609624774691273796e-02 -7.776700832593401447e-02
2.788844076151542026e+02 4.466129466271558796e-02 -1.675716460360364077e-02 -3.610221672857805847e-02 -7.777986810709794363e-02
2.785228691339972897e+02 4.471906015678368818e-02 -1.675991733298389658e-02 -3.610814730424716235e-02 -7.779264514505132566e-02
2.781617976673285284e+02 4.477690036548624686e-02 -1.676265226470044500e-02 -3.611403953601215189e-02 -7.780533957356752794e-02
2.778011926118854831e+02 4.483481538546014306e-02 -1.676536942757389168e-02 -3.611989348596517102e-02 -7.781795152642002888e-02
2.774410533651853257e+02 4.489280531346721143e-02 -1.676806885042484568e-02 -3.612570921619832898e-02 -7.783048113738220974e-02
2.770813793255232440e+02 4.495087024639447815e-02 -1.677075056207391612e-02 -3.613148678880375581e-02 -7.784292854022752117e-02
2.767221698919716459e+02 4.500901028125427888e-02 -1.677341459134171556e-02 -3.613722626587356768e-02 -7.785529386872934443e-02
2.763634244643793068e+02 4.506722551518441838e-02 -1.677606096614288680e-02 -3.614292770754803236e-02 -7.786757725245602169e-02
2.760051424433699481e+02 4.512551604544836475e-02 -1.677868971583491853e-02 -3.614859117707595187e-02 -7.787977882767291304e-02
2.756473232303420673e+02 4.518388196943532581e-02 -1.678130086955626279e-02 -3.615421673723422102e-02 -7.789189872962876127e-02
2.752899662274669481e+02 4.524232338466054049e-02 -1.678389445564679519e-02 -3.615980444907924973e-02 -7.790393708986557975e-02
2.749330708376883763e+02 4.530084038876533437e-02 -1.678647050244639477e-02 -3.616535437366744793e-02 -7.791589403992546514e-02
2.745766364647211049e+02 4.535943307951735559e-02 -1.678902903829492671e-02 -3.617086657205522554e-02 -7.792776971135041697e-02
2.742206625130502857e+02 4.541810155481069977e-02 -1.679157009153228394e-02 -3.617634110529899943e-02 -7.793956423568253189e-02
2.738651483879305601e+02 4.547684591266602794e-02 -1.679409369049831777e-02 -3.618177803445515872e-02 -7.795127774446380942e-02
2.735100934953844103e+02 4.553566625123084410e-02 -1.679659986353292458e-02 -3.618717742058012721e-02 -7.796291036923633233e-02
2.731554972422018182e+02 4.559456266877958547e-02 -1.679908863897596957e-02 -3.619253932473032870e-02 -7.797446224154214178e-02
2.728013590359390150e+02 4.565353526371378201e-02 -1.680156004516732485e-02 -3.619786380796214537e-02 -7.798593349292326504e-02
2.724476782849173446e+02 4.571258413456226466e-02 -1.680401411044687293e-02 -3.620315093133200796e-02 -7.799732425492177101e-02
2.720944543982228652e+02 4.577170937998124856e-02 -1.680645086315448594e-02 -3.620840075589631252e-02 -7.800863465907970085e-02
2.717416867857045304e+02 4.583091109875461061e-02 -1.680887033163003599e-02 -3.621361334271148286e-02 -7.801986483693909569e-02
2.713893748579738485e+02 4.589018938979395890e-02 -1.681127254421340214e-02 -3.621878875283391502e-02 -7.803101492004201056e-02
2.710375180264032906e+02 4.594954435213888938e-02 -1.681365752806014344e-02 -3.622392704476850439e-02 -7.804208503443339773e-02
2.706861157031263474e+02 4.600897608495699981e-02 -1.681602531261370756e-02 -3.622902828194921737e-02 -7.805307531677760369e-02
2.703351673010353124e+02 4.606848468754423664e-02 -1.681837592618165567e-02 -3.623409252536285985e-02 -7.806398589846673397e-02
2.699846722337811684e+02 4.612807025932495059e-02 -1.682070939662746317e-02 -3.623911983503948220e-02 -7.807481690883157077e-02
2.696346299157721091e+02 4.618773289985208391e-02 -1.682302575181461243e-02 -3.624411027100911398e-02 -7.808556847720293792e-02
2.692850397621727438e+02 4.624747270880737171e-02 -1.682532501960659274e-02 -3.624906389330181944e-02 -7.809624073291165924e-02
2.689359011889035855e+02 4.630728978600140433e-02 -1.682760722786686564e-02 -3.625398076194763508e-02 -7.810683380528853081e-02
2.685872136126390615e+02 4.636718423137395351e-02 -1.682987240445892388e-02 -3.625886093697661822e-02 -7.811734782366439034e-02
2.682389764508074563e+02 4.642715614499400012e-02 -1.683212057724624636e-02 -3.626370447841880534e-02 -7.812778291737004777e-02
2.678911891215893775e+02 4.648720562705998399e-02 -1.683435177409230502e-02 -3.626851144630423990e-02 -7.813813921573629917e-02
2.675438510439169590e+02 4.654733277789995655e-02 -1.683656602286058915e-02 -3.627328190066299307e-02 -7.814841684809401001e-02
2.671969616374733505e+02 4.660753769797166407e-02 -1.683876335141457417e-02 -3.627801590152509442e-02 -7.815861594377396249e-02
2.668505203226908975e+02 4.666782048786285303e-02 -1.684094378761773550e-02 -3.628271350892059433e-02 -7.816873663210698042e-02
2.665045265207506873e+02 4.672818124829135333e-02 -1.684310735933356590e-02 -3.628737478287954316e-02 -7.817877904242387377e-02
2.661589796535815253e+02 4.678862008010526569e-02 -1.684525409442552690e-02 -3.629199978343197741e-02 -7.818874330405546635e-02
2.658138791438589124e+02 4.684913708428314200e-02 -1.684738401934543148e-02 -3.629658856756658863e-02 -7.819862953978012898e-02
2.654692244150042484e+02 4.690973236193408252e-02 -1.684949716353665791e-02 -3.630114119871720446e-02 -7.820843788626194448e-02
2.651250148911835254e+02 4.697040601429803425e-02 -1.685159355448904994e-02 -3.630565773610890112e-02 -7.821816847109742954e-02
2.647812499973066451e+02 4.703115814274585332e-02 -1.685367321959601108e-02 -3.631013823875898355e-02 -7.822782142143556994e-02
2.644379291590262824e+02 4.709198884877954794e-02 -1.685573618625096221e-02 -3.631458276568479138e-02 -7.823739686442529595e-02
2.640950518027373164e+02 4.715289823403232689e-02 -1.685778248184729988e-02 -3.631899137590359483e-02 -7.824689492721552397e-02
2.637526173555752962e+02 4.721388640026893263e-02 -1.685981213377843457e-02 -3.632336412843273354e-02 -7.825631573695521204e-02
2.634106252454157584e+02 4.727495344938571070e-02 -1.686182516943778367e-02 -3.632770108228950551e-02 -7.826565942079330429e-02
2.630690749008734883e+02 4.733609948341078316e-02 -1.686382161621875070e-02 -3.633200229649122259e-02 -7.827492610587875876e-02
2.627279657513009852e+02 4.739732460450427759e-02 -1.686580150151475305e-02 -3.633626783005521055e-02 -7.828411591936050573e-02
2.623872972267884620e+02 4.745862891495838259e-02 -1.686776485271919077e-02 -3.634049774199876737e-02 -7.829322898838747546e-02
2.620470687581617426e+02 4.752001251719766006e-02 -1.686971169722547431e-02 -3.634469209133920492e-02 -7.830226544010862599e-02
2.617072797769822046e+02 4.758147551377912149e-02 -1.687164206242701414e-02 -3.634885093709382814e-02 -7.831122540167288759e-02
2.613679297155453014e+02 4.764301800739244308e-02 -1.687355597571721724e-02 -3.635297433827996277e-02 -7.832010900022921829e-02
2.610290180068798236e+02 4.770464010086012535e-02 -1.687545346427040543e-02 -3.635706235344288162e-02 -7.832891636190958407e-02
2.606905440847473301e+02 4.776634189713759721e-02 -1.687733455449174844e-02 -3.636111503947082879e-02 -7.833764760927598714e-02
2.603525073836403294e+02 4.782812349931352819e-02 -1.687919927514404742e-02 -3.636513245833136038e-02 -7.834630287583352337e-02
2.600149073387819953e+02 4.788998501060989788e-02 -1.688104765315244851e-02 -3.636911466803295634e-02 -7.835488228655759779e-02
2.596777433861250302e+02 4.795192653438219016e-02 -1.688287971544210828e-02 -3.637306172658408970e-02 -7.836338596642376808e-02
2.593410149623507550e+02 4.801394817411958754e-02 -1.688469548893816938e-02 -3.637697369199325431e-02 -7.837181404040746702e-02
2.590047215048682574e+02 4.807605003344508215e-02 -1.688649500056578837e-02 -3.638085062226890237e-02 -7.838016663348415514e-02
2.586688624518131974e+02 4.813823221611573250e-02 -1.688827827725011485e-02 -3.638469257541954160e-02 -7.838844387062937624e-02
2.583334372420471823e+02 4.820049482602278834e-02 -1.689004534591629844e-02 -3.638849960945363810e-02 -7.839664587681857699e-02
2.579984453151562320e+02 4.826283796719190583e-02 -1.689179623348949222e-02 -3.639227178237967181e-02 -7.840477277702720404e-02
2.576638861114510064e+02 4.832526174378320993e-02 -1.689353096689484926e-02 -3.639600915220612271e-02 -7.841282469623081508e-02
2.573297590719645314e+02 4.838776626009160670e-02 -1.689524957305751224e-02 -3.639971177694147075e-02 -7.842080175940480125e-02
2.569960636384521422e+02 4.845035162054690120e-02 -1.689695207890263770e-02 -3.640337971459419592e-02 -7.842870409152470634e-02
2.566627992533901192e+02 4.851301792971394328e-02 -1.689863851135537873e-02 -3.640701302317277122e-02 -7.843653181756597703e-02
2.563299653599750059e+02 4.857576529229286344e-02 -1.690030889734088146e-02 -3.641061176068568356e-02 -7.844428506250411548e-02
2.559975614021228125e+02 4.863859381311915614e-02 -1.690196326327085552e-02 -3.641417598403523526e-02 -7.845196394893140523e-02
2.556655868244674821e+02 4.870150359716395039e-02 -1.690360163573902119e-02 -3.641770575051583858e-02 -7.845956860028494018e-02
2.553340410723606055e+02 4.876449474953415547e-02 -1.690522404260112743e-02 -3.642120112014089750e-02 -7.846709914585965617e-02
2.550029235918700579e+02 4.882756737547259973e-02 -1.690683051031650549e-02 -3.642466214991532669e-02 -7.847455570846892381e-02
2.546722338297793442e+02 4.889072158035827342e-02 -1.690842106534451092e-02 -3.642808889684407553e-02 -7.848193841092615530e-02
2.543419712335867473e+02 4.895395746970639811e-02 -1.690999573414448537e-02 -3.643148141793204481e-02 -7.848924737604474899e-02
2.540121352515039916e+02 4.901727514916872502e-02 -1.691155454317576357e-02 -3.643483977018416309e-02 -7.849648272663807547e-02
2.536827253324556182e+02 4.908067472453364610e-02 -1.691309751889769064e-02 -3.643816401060536586e-02 -7.850364458551950531e-02
2.533537409260781033e+02 4.914415630172638133e-02 -1.691462468776961173e-02 -3.644145419620056781e-02 -7.851073307550246461e-02
2.530251814827186365e+02 4.920771998680916609e-02 -1.691613607625086849e-02 -3.644471038397470442e-02 -7.851774831940031008e-02
2.526970464534349219e+02 4.927136588598135525e-02 -1.691763171080080258e-02 -3.644793263093269037e-02 -7.852469044002644005e-02
2.523693352899931597e+02 4.933509410557974928e-02 -1.691911161787875567e-02 -3.645112099407945422e-02 -7.853155956019426676e-02
2.520420474448680750e+02 4.939890475207862897e-02 -1.692057582394407636e-02 -3.645427553041993146e-02 -7.853835580271714689e-02
2.517151823712414114e+02 4.946279793209005377e-02 -1.692202435545609590e-02 -3.645739629695903677e-02 -7.854507929040847880e-02
2.513887395230016466e+02 4.952677375236386875e-02 -1.692345723887415943e-02 -3.646048335070168483e-02 -7.855173014608163307e-02
2.510627183547423726e+02 4.959083231978808626e-02 -1.692487449988627421e-02 -3.646353674699101544e-02 -7.855830848896978857e-02
2.507371183217617840e+02 4.965497374138893444e-02 -1.692627616522654477e-02 -3.646655654342390029e-02 -7.856481444316164298e-02
2.504119388800616548e+02 4.971919812433107239e-02 -1.692766226186154591e-02 -3.646954279809808824e-02 -7.857124813382497519e-02
2.500871794863464572e+02 4.978350557591779135e-02 -1.692903281579055327e-02 -3.647249556702730072e-02 -7.857760968163772508e-02
2.497628395980226799e+02 4.984789620359110496e-02 -1.693038785301283558e-02 -3.647541490622527305e-02 -7.858389920727779088e-02
2.494389186731974917e+02 4.991237011493204756e-02 -1.693172739952766154e-02 -3.647830087170572666e-02 -7.859011683142311244e-02
2.491154161706780030e+02 4.997692741766080610e-02 -1.693305148133429291e-02 -3.648115351948237606e-02 -7.859626267475156025e-02
2.487923315499705552e+02 5.004156821963685886e-02 -1.693436012443200189e-02 -3.648397290556894962e-02 -7.860233685794108804e-02
2.484696642712794699e+02 5.010629262885923918e-02 -1.693565335482005718e-02 -3.648675908597917572e-02 -7.860833950166956630e-02
2.481474137955067363e+02 5.017110075346659093e-02 -1.693693119849772402e-02 -3.648951211672678274e-02 -7.861427072661493487e-02
2.478255795842503062e+02 5.023599270173749465e-02 -1.693819368146427459e-02 -3.649223205382549906e-02 -7.862013065345509200e-02
2.475041610998037811e+02 5.030096858209055777e-02 -1.693944082971897760e-02 -3.649491895328903224e-02 -7.862591940286797754e-02
2.471831578051553322e+02 5.036602850308461582e-02 -1.694067266926109483e-02 -3.649757287113113147e-02 -7.863163709553147585e-02
2.468625691639867057e+02 5.043117257341893367e-02 -1.694188922608990192e-02 -3.650019386336550431e-02 -7.863728385212351291e-02
2.465423946406727396e+02 5.049640090193331654e-02 -1.694309052620466063e-02 -3.650278198600587914e-02 -7.864285979332200083e-02
2.462226337002798573e+02 5.056171359760839451e-02 -1.694427659462328928e-02 -3.650533729295172419e-02 -7.864836503524980094e-02
2.459032858085655278e+02 5.062711076956575434e-02 -1.694544745812476272e-02 -3.650785984189659078e-02 -7.865379970220394423e-02
2.455843504319773558e+02 5.069259252706811297e-02 -1.694660314282361163e-02 -3.651034968910252948e-02 -7.865916391539727603e-02
2.452658270376523149e+02 5.075815897951947014e-02 -1.694774367426496800e-02 -3.651280688960486381e-02 -7.866445779339986677e-02
2.449477150934154395e+02 5.082381023646538598e-02 -1.694886907799398115e-02 -3.651523149843893812e-02 -7.866968145478177299e-02
2.446300140677793706e+02 5.088954640759308506e-02 -1.694997937955580042e-02 -3.651762357064011755e-02 -7.867483501811305124e-02
2.443127234299431905e+02 5.095536760273166460e-02 -1.695107460449557166e-02 -3.651998316124374644e-02 -7.867991860196378584e-02
2.439958426497915980e+02 5.102127393185230259e-02 -1.695215477835843726e-02 -3.652231032528517607e-02 -7.868493232490403333e-02
2.436793711978943691e+02 5.108726550506833414e-02 -1.695321992668955002e-02 -3.652460511779974384e-02 -7.868987630550385026e-02
2.433633085455048786e+02 5.115334243263559844e-02 -1.695427007503404887e-02 -3.652686759382282183e-02 -7.869475066233332095e-02
2.430476541645595319e+02 5.121950482495251505e-02 -1.695530524893708313e-02 -3.652909780838972664e-02 -7.869955551396248805e-02
2.427324075276769122e+02 5.128575279256029212e-02 -1.695632547394379866e-02 -3.653129581653583730e-02 -7.870429097896143589e-02
2.424175681081567575e+02 5.135208644614313450e-02 -1.695733077559934132e-02 -3.653346167329648425e-02 -7.870895717590020713e-02
2.421031353799794203e+02 5.141850589652834091e-02 -1.695832117944886044e-02 -3.653559543370703266e-02 -7.871355422334891383e-02
2.417891088178045038e+02 5.148501125468662315e-02 -1.695929671103750189e-02 -3.653769715280281299e-02 -7.871808223987757092e-02
2.414754878969702077e+02 5.155160263173220320e-02 -1.696025739473378674e-02 -3.653976688308424592e-02 -7.872254133859488134e-02
2.411622720934925610e+02 5.161828013892302142e-02 -1.696120325729154332e-02 -3.654180468219068306e-02 -7.872693164368112229e-02
2.408494608840642854e+02 5.168504388766093777e-02 -1.696213432403544108e-02 -3.654381060468247372e-02 -7.873125327268294671e-02
2.405370537460544256e+02 5.175189398949183589e-02 -1.696305062005954920e-02 -3.654578470462314932e-02 -7.873550634207672483e-02
2.402250501575067574e+02 5.181883055610594230e-02 -1.696395217045795073e-02 -3.654772703607626905e-02 -7.873969096833886849e-02
2.399134495971395040e+02 5.188585369933791658e-02 -1.696483900032471487e-02 -3.654963765310538515e-02 -7.874380726794576180e-02
2.396022515443440284e+02 5.195296353116710814e-02 -1.696571113475392467e-02 -3.655151660977404293e-02 -7.874785535737378883e-02
2.392914554791846058e+02 5.202016016371759782e-02 -1.696656859883964932e-02 -3.655336396014578770e-02 -7.875183535309931981e-02
2.389810608823967186e+02 5.208744370925860040e-02 -1.696741141767597189e-02 -3.655517975828417865e-02 -7.875574737159875272e-02
2.386710672353867437e+02 5.215481428020449228e-02 -1.696823961635696848e-02 -3.655696405825275414e-02 -7.875959152934848551e-02
2.383614740202310145e+02 5.222227198911504747e-02 -1.696905321997671176e-02 -3.655871691411506641e-02 -7.876336794282487452e-02
2.380522807196746840e+02 5.228981694869566654e-02 -1.696985225362928132e-02 -3.656043837993466772e-02 -7.876707672850433162e-02
2.377434868171314690e+02 5.235744927179743213e-02 -1.697063674240876022e-02 -3.656212850977511031e-02 -7.877071800286322700e-02
2.374350917966820020e+02 5.242516907141747673e-02 -1.697140671140921417e-02 -3.656378735769993948e-02 -7.877429188237797253e-02
2.371270951430734613e+02 5.249297646069905898e-02 -1.697216218565548648e-02 -3.656541497762353515e-02 -7.877779848320355660e-02
2.368194963417186329e+02 5.256087155293177188e-02 -1.697290318899515732e-02 -3.656701142092394496e-02 -7.878123791603063031e-02
2.365122948786948598e+02 5.262885446155177172e-02 -1.697362974802721358e-02 -3.656857674490697485e-02 -7.878461030432079570e-02
2.362054902407437282e+02 5.269692530014185444e-02 -1.697434188739725680e-02 -3.657011100266992221e-02 -7.878791576246875483e-02
2.358990819152694769e+02 5.276508418243179566e-02 -1.697503963175086075e-02 -3.657161424731009830e-02 -7.879115440486915423e-02
2.355930693903385418e+02 5.283333122229846163e-02 -1.697572300573360615e-02 -3.657308653192479359e-02 -7.879432634591665430e-02
2.352874521546787321e+02 5.290166653376598971e-02 -1.697639203399109106e-02 -3.657452790961132627e-02 -7.879743170000595709e-02
2.349822296976780933e+02 5.297009023100603120e-02 -1.697704674116888926e-02 -3.657593843346699375e-02 -7.880047058153170914e-02
2.346774015093846231e+02 5.303860242833784155e-02 -1.697768715191258493e-02 -3.657731815658907953e-02 -7.880344310488858472e-02
2.343729670805047647e+02 5.310720324022859262e-02 -1.697831329086776919e-02 -3.657866713207491571e-02 -7.880634938447127202e-02
2.340689259024027820e+02 5.317589278129351144e-02 -1.697892518268003317e-02 -3.657998541302179274e-02 -7.880918953467444532e-02
2.337652774671000770e+02 5.324467116629606755e-02 -1.697952285199494718e-02 -3.658127305252701494e-02 -7.881196366989273727e-02
2.334620212672744231e+02 5.331353851014811185e-02 -1.698010632345810234e-02 -3.658253010368787972e-02 -7.881467190452084992e-02
2.331591567962585714e+02 5.338249492791018874e-02 -1.698067562171508629e-02 -3.658375661960169833e-02 -7.881731435295345756e-02
2.328566835480399391e+02 5.345154053479164724e-02 -1.698123077141147977e-02 -3.658495265336577512e-02 -7.881989112958522059e-02
2.325546010172595857e+02 5.352067544615083522e-02 -1.698177179685536956e-02 -3.658611825735027384e-02 -7.882240234724428862e-02
2.322529086992112184e+02 5.358989977749534228e-02 -1.698229872213186109e-02 -3.658725348344501332e-02 -7.882484811772380584e-02
2.319516060898408227e+02 5.365921364448207609e-02 -1.698281157289049589e-02 -3.658835838691022052e-02 -7.882722856007838563e-02
2.316506926857450992e+02 5.372861716291763012e-02 -1.698331037333570409e-02 -3.658943301989277946e-02 -7.882954378665506245e-02
2.313501679841712928e+02 5.379811044875833226e-02 -1.698379514767192622e-02 -3.659047743453957419e-02 -7.883179390980089851e-02
2.310500314830159709e+02 5.386769361811050150e-02 -1.698426592010359934e-02 -3.659149168299747484e-02 -7.883397904186292826e-02
2.307502826808241707e+02 5.393736678723064920e-02 -1.698472271483516052e-02 -3.659247581741337935e-02 -7.883609929518820003e-02
2.304509210767890011e+02 5.400713007252559705e-02 -1.698516555607104683e-02 -3.659342988993415091e-02 -7.883815478212374828e-02
2.301519461707501932e+02 5.407698359055278930e-02 -1.698559446801569880e-02 -3.659435395270668051e-02 -7.884014561501664908e-02
2.298533574631936460e+02 5.414692745802040380e-02 -1.698600947487355003e-02 -3.659524805787783830e-02 -7.884207190621393690e-02
2.295551544552505732e+02 5.421696179178756014e-02 -1.698641060084904453e-02 -3.659611225759451525e-02 -7.884393376806264619e-02
2.292573366486963380e+02 5.428708670886457643e-02 -1.698679787014661241e-02 -3.659694660400357458e-02 -7.884573131290983916e-02
2.289599035459503398e+02 5.435730232641301785e-02 -1.698717130697069422e-02 -3.659775114925191419e-02 -7.884746465310256414e-02
2.286628546500743653e+02 5.442760876174606438e-02 -1.698753093552573049e-02 -3.659852594548641119e-02 -7.884913390098786945e-02
2.283661894647721624e+02 5.449800613232861496e-02 -1.698787678001615134e-02 -3.659927104485392879e-02 -7.885073916891277568e-02
2.280699074943885307e+02 5.456849455577751640e-02 -1.698820886404213415e-02 -3.659998649819951738e-02 -7.885228056641958860e-02
2.277740082439088667e+02 5.463907414986166056e-02 -1.698852721179639619e-02 -3.660067235764478261e-02 -7.885375820580096951e-02
2.274784912189576005e+02 5.470974503250235904e-02 -1.698883184812064601e-02 -3.660132867670959356e-02 -7.885517220236193392e-02
2.271833559257979118e+02 5.478050732177340565e-02 -1.698912279678170198e-02 -3.660195550659799124e-02 -7.885652266641823838e-02
2.268886018713307919e+02 5.485136113590130535e-02 -1.698940008154638595e-02 -3.660255289851403748e-02 -7.885780970828572267e-02
2.265942285630940489e+02 5.492230659326551717e-02 -1.698966372618150589e-02 -3.660312090366178717e-02 -7.885903343828014334e-02
2.263002355092619382e+02 5.499334381239853742e-02 -1.698991375445387322e-02 -3.660365957324526048e-02 -7.886019396671725690e-02
2.260066222186436846e+02 5.506447291198624666e-02 -1.699015019013031327e-02 -3.660416895846854701e-02 -7.886129140391288928e-02
2.257133882006831982e+02 5.513569401086799993e-02 -1.699037305697762706e-02 -3.660464911053566001e-02 -7.886232586018276924e-02
2.254205329654579657e+02 5.520700722803687649e-02 -1.699058237876264338e-02 -3.660510008065067517e-02 -7.886329744584272272e-02
2.251280560236783117e+02 5.527841268263988111e-02 -1.699077817925216671e-02 -3.660552192001763350e-02 -7.886420627120852012e-02
2.248359568866868017e+02 5.534991049397804813e-02 -1.699096048221301891e-02 -3.660591467984058295e-02 -7.886505244659593183e-02
2.245442350664570199e+02 5.542150078150679532e-02 -1.699112931141200794e-02 -3.660627841132357840e-02 -7.886583608232074216e-02
2.242528900755930010e+02 5.549318366483601411e-02 -1.699128469061595217e-02 -3.660661316567066781e-02 -7.886655728869874926e-02
2.239619214273283774e+02 5.556495926373031247e-02 -1.699142664359166305e-02 -3.660691899408589217e-02 -7.886721617604570966e-02
2.236713286355254127e+02 5.563682769810922302e-02 -1.699155519326615849e-02 -3.660719594596401755e-02 -7.886781285077941461e-02
2.233811112146747462e+02 5.570878908804730023e-02 -1.699167036391868724e-02 -3.660744407361309766e-02 -7.886834742559413469e-02
2.230912686798937443e+02 5.578084355377449510e-02 -1.699177217959009153e-02 -3.660766342882756236e-02 -7.886882001207762283e-02
2.228018005469263301e+02 5.585299121567623148e-02 -1.699186066361348460e-02 -3.660785406187707508e-02 -7.886923071853256528e-02
2.225127063321417893e+02 5.592523219429365589e-02 -1.699193583932197965e-02 -3.660801602303129926e-02 -7.886957965326167608e-02
2.222239855525344581e+02 5.599756661032377625e-02 -1.699199773004868991e-02 -3.660814936255991914e-02 -7.886986692456768311e-02
2.219356377257222448e+02 5.606999458461976726e-02 -1.699204635912672859e-02 -3.660825413073259121e-02 -7.887009264075328652e-02
2.216476623699463175e+02 5.614251623819109527e-02 -1.699208174988920891e-02 -3.660833037781897892e-02 -7.887025691012122808e-02
2.213600590040701945e+02 5.621513169220374029e-02 -1.699210392566923716e-02 -3.660837815408875262e-02 -7.887035984097419405e-02
2.210728271475787210e+02 5.628784106798042502e-02 -1.699211290979993350e-02 -3.660839750981158269e-02 -7.887040154161489847e-02
2.207859663205777849e+02 5.636064448700071894e-02 -1.699210872561440419e-02 -3.660838849525713257e-02 -7.887038212034606921e-02
2.204994760437928392e+02 5.643354207090139907e-02 -1.699209139644576594e-02 -3.660835116069507261e-02 -7.887030168547043418e-02
2.202133558385685888e+02 5.650653394147652636e-02 -1.699206094562712849e-02 -3.660828555639505238e-02 -7.887016034529066577e-02
2.199276052268679393e+02 5.657962022067770935e-02 -1.699201739649160853e-02 -3.660819173262677695e-02 -7.886995820810951963e-02
2.196422237312713435e+02 5.665280103061429845e-02 -1.699196077237231234e-02 -3.660806973965986116e-02 -7.886969538222968201e-02
2.193572108749761753e+02 5.672607649355351084e-02 -1.699189109557274965e-02 -3.660791962554579837e-02 -7.886937197117488418e-02
2.190725661817953664e+02 5.679944673192079824e-02 -1.699180839039393653e-02 -3.660774144263951452e-02 -7.886898808774041314e-02
2.187882891761571216e+02 5.687291186829991629e-02 -1.699171268010725433e-02 -3.660753524107769608e-02 -7.886854383994248985e-02
2.185043793831039807e+02 5.694647202543316744e-02 -1.699160398761881061e-02 -3.660730107021004792e-02 -7.886803933410183043e-02
2.182208363282918526e+02 5.702012732622165764e-02 -1.699148233583471640e-02 -3.660703897938629575e-02 -7.886747467653919264e-02
2.179376595379897026e+02 5.709387789372535882e-02 -1.699134774766107234e-02 -3.660674901795612363e-02 -7.886684997357526483e-02
2.176548485390781877e+02 5.716772385116349053e-02 -1.699120024600398945e-02 -3.660643123526926418e-02 -7.886616533153080477e-02
2.173724028590490605e+02 5.724166532191463097e-02 -1.699103985376957185e-02 -3.660608568067542923e-02 -7.886542085672654245e-02
2.170903220260044861e+02 5.731570242951695288e-02 -1.699086659386393403e-02 -3.660571240352432365e-02 -7.886461665548320787e-02
2.168086055686564180e+02 5.738983529766834152e-02 -1.699068048919317314e-02 -3.660531145316566620e-02 -7.886375283412153103e-02
2.165272530163253464e+02 5.746406405022674857e-02 -1.699048156266340023e-02 -3.660488287894916176e-02 -7.886282949896224193e-02
2.162462638989398158e+02 5.753838881121030313e-02 -1.699026983718072981e-02 -3.660442673022452909e-02 -7.886184675632607055e-02
2.159656377470356290e+02 5.761280970479753377e-02 -1.699004533565125902e-02 -3.660394305634147305e-02 -7.886080471253376079e-02
2.156853740917547952e+02 5.768732685532762527e-02 -1.698980808098110237e-02 -3.660343190664970547e-02 -7.885970347390601487e-02
2.154054724648454169e+02 5.776194038730049496e-02 -1.698955809607636050e-02 -3.660289333049895205e-02 -7.885854314676360444e-02
2.151259323986601260e+02 5.783665042537715351e-02 -1.698929540260469412e-02 -3.660232737457075336e-02 -7.885732383167885773e-02
2.148467534261556295e+02 5.791145709437985761e-02 -1.698902002486148144e-02 -3.660173409120790616e-02 -7.885604564142092987e-02
2.145679350808919992e+02 5.798636051929229041e-02 -1.698873198539884583e-02 -3.660111352899751008e-02 -7.885470868066753181e-02
2.142894768970318466e+02 5.806136082525980430e-02 -1.698843130670077070e-02 -3.660046573637981693e-02 -7.885331305378003031e-02
2.140113784093395850e+02 5.813645813758956671e-02 -1.698811801125122561e-02 -3.659979076179508545e-02 -7.885185886511979214e-02
2.137336391531804907e+02 5.821165258175087925e-02 -1.698779212153418011e-02 -3.659908865368356745e-02 -7.885034621904818408e-02
2.134562586645200497e+02 5.828694428337529571e-02 -1.698745366003361068e-02 -3.659835946048550087e-02 -7.884877521992653127e-02
2.131792364799231336e+02 5.836233336825688567e-02 -1.698710264923350075e-02 -3.659760323064115833e-02 -7.884714597211625597e-02
2.129025721365532036e+02 5.843781996235242887e-02 -1.698673911161781638e-02 -3.659682001259079859e-02 -7.884545857997869722e-02
2.126262651721719124e+02 5.851340419178154700e-02 -1.698636306967053408e-02 -3.659600985477466650e-02 -7.884371314787520790e-02
2.123503151251376266e+02 5.858908618282705760e-02 -1.698597454587562339e-02 -3.659517280563300695e-02 -7.884190978016716866e-02
2.120747215344051710e+02 5.866486606193511283e-02 -1.698557356271706426e-02 -3.659430891360609256e-02 -7.884004858121593240e-02
2.117994839395248334e+02 5.874074395571540069e-02 -1.698516014267883317e-02 -3.659341822713416820e-02 -7.883812965538289363e-02
2.115246018806419670e+02 5.881671999094132547e-02 -1.698473430824489622e-02 -3.659250079465749261e-02 -7.883615310702936363e-02
2.112500748984956260e+02 5.889279429455031301e-02 -1.698429608169464353e-02 -3.659155666417553826e-02 -7.883411903956713540e-02
2.109759025344182533e+02 5.896896699364396338e-02 -1.698384548469161065e-02 -3.659058588236097087e-02 -7.883202755354937197e-02
2.107020843303347704e+02 5.904523821548825907e-02 -1.698338254088115409e-02 -3.658958850015618658e-02 -7.882987875872816963e-02
2.104286198287616401e+02 5.912160808751382168e-02 -1.698290727233003894e-02 -3.658856456510258676e-02 -7.882767275752834701e-02
2.101555085728066956e+02 5.919807673731601605e-02 -1.698241970110502680e-02 -3.658751412474156584e-02 -7.882540965237475050e-02
2.098827501061674923e+02 5.927464429265532492e-02 -1.698191984927289663e-02 -3.658643722661454600e-02 -7.882308954569226811e-02
2.096103439731312790e+02 5.935131088145743222e-02 -1.698140773890040311e-02 -3.658533391826292169e-02 -7.882071253990573234e-02
2.093382897185739182e+02 5.942807663181350064e-02 -1.698088339205432173e-02 -3.658420424722810815e-02 -7.881827873744001733e-02
2.090665868879590050e+02 5.950494167198038670e-02 -1.698034683080141063e-02 -3.658304826105151369e-02 -7.881578824071994172e-02
2.087952350273376112e+02 5.958190613038076566e-02 -1.697979807720844184e-02 -3.658186600727453969e-02 -7.881324115217042126e-02
2.085242336833469494e+02 5.965897013560347850e-02 -1.697923715334217348e-02 -3.658065753343858750e-02 -7.881063757421624683e-02
2.082535824032098901e+02 5.973613381640367759e-02 -1.697866408126938106e-02 -3.657942288708507933e-02 -7.880797760928232032e-02
2.079832807347342509e+02 5.981339730170302793e-02 -1.697807888305682619e-02 -3.657816211575539572e-02 -7.880526135979347424e-02
2.077133282263117735e+02 5.989076072058999167e-02 -1.697748158077127742e-02 -3.657687526699097968e-02 -7.880248892817458273e-02
2.074437244269179530e+02 5.996822420231989748e-02 -1.697687219647949636e-02 -3.657556238833320483e-02 -7.879966041685046441e-02
2.071744688861104748e+02 6.004578787631534992e-02 -1.697625075179471504e-02 -3.657422352634637913e-02 -7.879677592614088566e-02
2.069055611540291295e+02 6.012345187216631276e-02 -1.697561726852883646e-02 -3.657285872802282234e-02 -7.879383555728770860e-02
2.066370007813945904e+02 6.020121631963039344e-02 -1.697497176951601183e-02 -3.657146804255720363e-02 -7.879083941627766652e-02
2.063687873195081863e+02 6.027908134863295408e-02 -1.697431427641082208e-02 -3.657005151660293329e-02 -7.878778760362244171e-02
2.061009203202506512e+02 6.035704708926747236e-02 -1.697364481086785504e-02 -3.656860919681338001e-02 -7.878468021983373037e-02
2.058333993360816123e+02 6.043511367179567328e-02 -1.697296339454169509e-02 -3.656714112984194714e-02 -7.878151736542317318e-02
2.055662239200387660e+02 6.051328122664776515e-02 -1.697227004908693354e-02 -3.656564736234202417e-02 -7.877829914090250796e-02
2.052993936257371104e+02 6.059154988442267548e-02 -1.697156479615814784e-02 -3.656412794096700752e-02 -7.877502564678337538e-02
2.050329080073685759e+02 6.066991977588817586e-02 -1.697084765740992582e-02 -3.656258291237027280e-02 -7.877169698357748551e-02
2.047667666197006326e+02 6.074839103198124979e-02 -1.697011865449686227e-02 -3.656101232320523031e-02 -7.876831325179653454e-02
2.045009690180759492e+02 6.082696378380821750e-02 -1.696937780907353116e-02 -3.655941622012525566e-02 -7.876487455195217702e-02
2.042355147584116537e+02 6.090563816264496499e-02 -1.696862514279452033e-02 -3.655779464978373833e-02 -7.876138098455609526e-02
2.039704033971983392e+02 6.098441429993720769e-02 -1.696786067731442457e-02 -3.655614765883408862e-02 -7.875783265011998546e-02
2.037056344914998363e+02 6.106329232730058759e-02 -1.696708443428782132e-02 -3.655447529392967521e-02 -7.875422964915552992e-02
2.034412075989517916e+02 6.114227237652106878e-02 -1.696629643536929841e-02 -3.655277760172390145e-02 -7.875057208217441096e-02
2.031771222777614980e+02 6.122135457955502069e-02 -1.696549670153395251e-02 -3.655105462740624450e-02 -7.874686004653441707e-02
2.029133780867067856e+02 6.130053906852951651e-02 -1.696468525469227787e-02 -3.654930641818142367e-02 -7.874309364393503041e-02
2.026499745851353964e+02 6.137982597574252741e-02 -1.696386211690851728e-02 -3.654753302158540718e-02 -7.873927297678939841e-02
2.023869113329645870e+02 6.145921543366307527e-02 -1.696302730943019532e-02 -3.654573448339461933e-02 -7.873539814371979806e-02
2.021241878906797069e+02 6.153870757493159344e-02 -1.696218085350482963e-02 -3.654391084938542200e-02 -7.873146924334847863e-02
2.018618038193340851e+02 6.161830253236004473e-02 -1.696132277037994129e-02 -3.654206216533423951e-02 -7.872748637429768936e-02
2.015997586805478363e+02 6.169800043893220592e-02 -1.696045308130306184e-02 -3.654018847701746842e-02 -7.872344963518973504e-02
2.013380520365077473e+02 6.177780142780376488e-02 -1.695957180752170196e-02 -3.653828983021149140e-02 -7.871935912464680940e-02
2.010766834499657136e+02 6.185770563230272995e-02 -1.695867897028338275e-02 -3.653636627069270504e-02 -7.871521494129120333e-02
2.008156524842386830e+02 6.193771318592952019e-02 -1.695777459083563227e-02 -3.653441784423752670e-02 -7.871101718374517997e-02
2.005549587032075749e+02 6.201782422235723596e-02 -1.695685869042597160e-02 -3.653244459662233212e-02 -7.870676595063100245e-02
2.002946016713167126e+02 6.209803887543188100e-02 -1.695593129030191840e-02 -3.653044657362353176e-02 -7.870246134057089227e-02
2.000345809535731121e+02 6.217835727917252198e-02 -1.695499241171100069e-02 -3.652842382101752217e-02 -7.869810345218715419e-02
1.997748961155456016e+02 6.225877956777162159e-02 -1.695404207590072571e-02 -3.652637638458069297e-02 -7.869369238410202361e-02
1.995155467233641673e+02 6.233930587559519815e-02 -1.695308030411863537e-02 -3.652430431008946154e-02 -7.868922823493777752e-02
1.992565323437193001e+02 6.241993633718306150e-02 -1.695210711672880469e-02 -3.652220764141690668e-02 -7.868471109921612583e-02
1.989978525438611427e+02 6.250067108724904896e-02 -1.695112253569276695e-02 -3.652008642587772219e-02 -7.868014107887347230e-02
1.987395068915989214e+02 6.258151026068119183e-02 -1.695012658234442901e-02 -3.651794070943441273e-02 -7.867551827293303712e-02
1.984814949553001782e+02 6.266245399254201376e-02 -1.694911927752943900e-02 -3.651577053699756048e-02 -7.867084277815172833e-02
1.982238163038898904e+02 6.274350241806875284e-02 -1.694810064209344158e-02 -3.651357595347775459e-02 -7.866611469128648171e-02
1.979664705068498733e+02 6.282465567267354889e-02 -1.694707069688208834e-02 -3.651135700378558419e-02 -7.866133410909423307e-02
1.977094571342180984e+02 6.290591389194369332e-02 -1.694602946274102045e-02 -3.650911373283161759e-02 -7.865650112833187657e-02
1.974527757565880961e+02 6.298727721164179560e-02 -1.694497696051589300e-02 -3.650684618552646477e-02 -7.865161584575636189e-02
1.971964259451078476e+02 6.306874576770611640e-02 -1.694391321105234716e-02 -3.650455440678070096e-02 -7.864667835812461094e-02
1.969404072714793870e+02 6.315031969625074793e-02 -1.694283823519603452e-02 -3.650223844150490837e-02 -7.864168876219353177e-02
1.966847193079579199e+02 6.323199913356583601e-02 -1.694175205379260321e-02 -3.649989833460969002e-02 -7.863664715472008793e-02
1.964293616273514260e+02 6.331378421611771889e-02 -1.694065468768769095e-02 -3.649753413100560728e-02 -7.863155363246115970e-02
1.961743338030194650e+02 6.339567508054934353e-02 -1.693954615772695627e-02 -3.649514587560325624e-02 -7.862640829217368288e-02
1.959196354088728356e+02 6.347767186368034886e-02 -1.693842648475604035e-02 -3.649273361331323295e-02 -7.862121123061459327e-02
1.956652660193726376e+02 6.355977470250735728e-02 -1.693729568962059825e-02 -3.649029738904611270e-02 -7.861596254454081278e-02
1.954112252095296469e+02 6.364198373420418275e-02 -1.693615379210882191e-02 -3.648783724543428614e-02 -7.861066232580102286e-02
1.951575125549037750e+02 6.372429909612202514e-02 -1.693500081417111461e-02 -3.648535322976843853e-02 -7.860531067627994639e-02
1.949041276316031315e+02 6.380672092578976162e-02 -1.693383677644816690e-02 -3.648284538651760944e-02 -7.859990769178319681e-02
1.946510700162833132e+02 6.388924936091415485e-02 -1.693266169939039098e-02 -3.648031375974088164e-02 -7.859445346723321901e-02
1.943983392861467792e+02 6.397188453938010277e-02 -1.693147560344819905e-02 -3.647775839349732402e-02 -7.858894809755234689e-02
1.941459350189420832e+02 6.405462659925081903e-02 -1.693027850907200330e-02 -3.647517933184600547e-02 -7.858339167766301148e-02
1.938938567929635326e+02 6.413747567876804112e-02 -1.692907043671222286e-02 -3.647257661884602264e-02 -7.857778430248765766e-02
1.936421041870497959e+02 6.422043191635239123e-02 -1.692785140681925954e-02 -3.646995029855643056e-02 -7.857212606694863322e-02
1.933906767805837603e+02 6.430349545060348726e-02 -1.692662143984352552e-02 -3.646730041503632586e-02 -7.856641706596836916e-02
1.931395741534915373e+02 6.438666642030023424e-02 -1.692538055623543994e-02 -3.646462701234477050e-02 -7.856065739446924101e-02
1.928887958862418941e+02 6.446994496440103251e-02 -1.692412877644540806e-02 -3.646193013454084725e-02 -7.855484714737370755e-02
1.926383415598456565e+02 6.455333122204397200e-02 -1.692286612092384554e-02 -3.645920982568363194e-02 -7.854898641960411654e-02
1.923882107558548000e+02 6.463682533254713758e-02 -1.692159261012116458e-02 -3.645646612983220736e-02 -7.854307530608291288e-02
1.921384030563617387e+02 6.472042743540881715e-02 -1.692030826448777739e-02 -3.645369909104563544e-02 -7.853711390173245821e-02
1.918889180439987001e+02 6.480413767030775152e-02 -1.691901310440037040e-02 -3.645090875322418850e-02 -7.853110230113302670e-02
1.916397553019372992e+02 6.488795617710324537e-02 -1.691770714926917746e-02 -3.644809515818592249e-02 -7.852504059437888373e-02
1.913909144138873444e+02 6.497188309583559751e-02 -1.691639042081601388e-02 -3.644525835272906245e-02 -7.851892888229376755e-02
1.911423949640963542e+02 6.505591856672622575e-02 -1.691506293910018111e-02 -3.644239838007010124e-02 -7.851276725798474188e-02
1.908941965373491314e+02 6.514006273017784732e-02 -1.691372472418100487e-02 -3.643951528342551094e-02 -7.850655581455892595e-02
1.906463187189664836e+02 6.522431572677489520e-02 -1.691237579611779354e-02 -3.643660910601177055e-02 -7.850029464512336963e-02
1.903987610948053089e+02 6.530867769728347649e-02 -1.691101617496985898e-02 -3.643367989104535909e-02 -7.849398384278517826e-02
1.901515232512571458e+02 6.539314878265188591e-02 -1.690964588079652345e-02 -3.643072768174276943e-02 -7.848762350065144333e-02
1.899046047752479183e+02 6.547772912401068901e-02 -1.690826493365709185e-02 -3.642775252132048058e-02 -7.848121371182925632e-02
1.896580052542370538e+02 6.556241886267299979e-02 -1.690687335361087951e-02 -3.642475445299496462e-02 -7.847475456942568095e-02
1.894117242762169155e+02 6.564721814013473045e-02 -1.690547116071720174e-02 -3.642173351998270747e-02 -7.846824616654780871e-02
1.891657614297122905e+02 6.573212709807470244e-02 -1.690405837503536693e-02 -3.641868976550018816e-02 -7.846168859630271719e-02
1.889201163037791389e+02 6.581714587835510444e-02 -1.690263501662469733e-02 -3.641562323276389262e-02 -7.845508195179753952e-02
1.886747884880045092e+02 6.590227462302154782e-02 -1.690120110554449787e-02 -3.641253396499028600e-02 -7.844842632613928390e-02
1.884297775725054294e+02 6.598751347430341363e-02 -1.689975666185408731e-02 -3.640942200539586809e-02 -7.844172181243508346e-02
1.881850831479283954e+02 6.607286257461401913e-02 -1.689830170529648887e-02 -3.640628739651568385e-02 -7.843496850232394013e-02
1.879407048054489167e+02 6.615832206655083980e-02 -1.689683625545060353e-02 -3.640313018053121380e-02 -7.842816648668307633e-02
1.876966421367703504e+02 6.624389209289585634e-02 -1.689536033326230133e-02 -3.639995040256895076e-02 -7.842131586273456967e-02
1.874528947341235039e+02 6.632957279661569339e-02 -1.689387395840475509e-02 -3.639674810501346280e-02 -7.841441672179322309e-02
1.872094621902659810e+02 6.641536432086191100e-02 -1.689237715055114455e-02 -3.639352333024932495e-02 -7.840746915517383953e-02
1.869663440984814997e+02 6.650126680897115727e-02 -1.689086992937463561e-02 -3.639027612066111222e-02 -7.840047325419118029e-02
1.867235400525790112e+02 6.658728040446555696e-02 -1.688935231454841493e-02 -3.638700651863338575e-02 -7.839342911016004833e-02
1.864810496468922452e+02 6.667340525105282245e-02 -1.688782432574564493e-02 -3.638371456655072750e-02 -7.838633681439523271e-02
1.862388724762788854e+02 6.675964149262655911e-02 -1.688628598263950883e-02 -3.638040030679768472e-02 -7.837919645821152248e-02
1.859970081361199163e+02 6.684598927326650120e-02 -1.688473730490317945e-02 -3.637706378175886018e-02 -7.837200813292370671e-02
1.857554562223191681e+02 6.693244873723867838e-02 -1.688317831220983306e-02 -3.637370503381880810e-02 -7.836477192984658835e-02
1.855142163313023786e+02 6.701902002899574884e-02 -1.688160902423263901e-02 -3.637032410536209653e-02 -7.835748794029492870e-02
1.852732880600165117e+02 6.710570329317722127e-02 -1.688002946064478052e-02 -3.636692103877330051e-02 -7.835015625558353070e-02
1.850326710059292736e+02 6.719249867460967696e-02 -1.687843964111942346e-02 -3.636349587643698117e-02 -7.834277696702718341e-02
1.847923647670281184e+02 6.727940631830704732e-02 -1.687683958532975106e-02 -3.636004866073772046e-02 -7.833535016594067590e-02
1.845523689418202480e+02 6.736642636947072493e-02 -1.687522931242179877e-02 -3.635657943292441158e-02 -7.832787594119207386e-02
1.843126831293310772e+02 6.745355897349000762e-02 -1.687360884209058998e-02 -3.635308823542868911e-02 -7.832035438419751583e-02
1.840733069291041204e+02 6.754080427594220948e-02 -1.687197819453265663e-02 -3.634957511176266365e-02 -7.831278558870105599e-02
1.838342399412001953e+02 6.762816242259292454e-02 -1.687033738904177363e-02 -3.634604010349350156e-02 -7.830516964425643378e-02
1.835954817661966274e+02 6.771563355939634599e-02 -1.686868644491168814e-02 -3.634248325218834841e-02 -7.829750664041731922e-02
1.833570320051869089e+02 6.780321783249532164e-02 -1.686702538143616467e-02 -3.633890459941432893e-02 -7.828979666673741011e-02
1.831188902597796471e+02 6.789091538822182581e-02 -1.686535421790896425e-02 -3.633530418673862339e-02 -7.828203981277043200e-02
1.828810561320981094e+02 6.797872637309707033e-02 -1.686367297362384443e-02 -3.633168205572833570e-02 -7.827423616807002715e-02
1.826435292247794280e+02 6.806665093383179599e-02 -1.686198166787456626e-02 -3.632803824795064612e-02 -7.826638582218996276e-02
1.824063091409742867e+02 6.815468921732643903e-02 -1.686028031995488730e-02 -3.632437280497267940e-02 -7.825848886468388110e-02
1.821693954843457277e+02 6.824284137067150591e-02 -1.685856894915856857e-02 -3.632068576836157414e-02 -7.825054538510552160e-02
1.819327878590688954e+02 6.833110754114772589e-02 -1.685684757477937112e-02 -3.631697717968449673e-02 -7.824255547300856817e-02
1.816964858698302123e+02 6.841948787622631478e-02 -1.685511621611105251e-02 -3.631324708050859273e-02 -7.823451921794673247e-02
1.814604891218265266e+02 6.850798252356930795e-02 -1.685337489244737030e-02 -3.630949551240097994e-02 -7.822643670947367067e-02
1.812247972207651969e+02 6.859659163102956037e-02 -1.685162362308209247e-02 -3.630572251692883862e-02 -7.821830803714314995e-02
1.809894097728623876e+02 6.868531534665131555e-02 -1.684986242657016825e-02 -3.630192813406758756e-02 -7.821013328707961121e-02
1.807543263848431536e+02 6.877415381867024724e-02 -1.684809132267156562e-02 -3.629811240638877723e-02 -7.820191255100067407e-02
1.805195466639405595e+02 6.886310719551375081e-02 -1.684631033090086896e-02 -3.629427537593533232e-02 -7.819364591948506360e-02
1.802850702178949405e+02 6.895217562580123472e-02 -1.684451947017633761e-02 -3.629041708346537887e-02 -7.818533348034351071e-02
1.800508966549534762e+02 6.904135925834424536e-02 -1.684271875941621699e-02 -3.628653756973706374e-02 -7.817697532138677408e-02
1.798170255838692810e+02 6.913065824214689736e-02 -1.684090821753876296e-02 -3.628263687550852684e-02 -7.816857153042559847e-02
1.795834566139008359e+02 6.922007272640601228e-02 -1.683908786346222791e-02 -3.627871504153789423e-02 -7.816012219527072868e-02
1.793501893548114197e+02 6.930960286051134067e-02 -1.683725771610485381e-02 -3.627477210858330581e-02 -7.815162740373289563e-02
1.791172234168683133e+02 6.939924879404593683e-02 -1.683541779438490690e-02 -3.627080811740290150e-02 -7.814308724362285796e-02
1.788845584108424305e+02 6.948901067678620036e-02 -1.683356811722063265e-02 -3.626682310875483511e-02 -7.813450180275137436e-02
1.786521939480072376e+02 6.957888865870237582e-02 -1.683170870353028342e-02 -3.626281712339721880e-02 -7.812587116892917571e-02
1.784201296401384980e+02 6.966888288995860823e-02 -1.682983957223210467e-02 -3.625879020208820636e-02 -7.811719542996699295e-02
1.781883650995132484e+02 6.975899352091334549e-02 -1.682796074224435570e-02 -3.625474238558592383e-02 -7.810847467367559860e-02
1.779568999389097428e+02 6.984922070211938006e-02 -1.682607223248528891e-02 -3.625067371464852500e-02 -7.809970898786575133e-02
1.777257337716060306e+02 6.993956458432434853e-02 -1.682417406187314626e-02 -3.624658423003412899e-02 -7.809089846034814042e-02
1.774948662113799287e+02 7.003002531847082879e-02 -1.682226624841798648e-02 -3.624247397054421865e-02 -7.808204317471804934e-02
1.772642968725080834e+02 7.012060305569661756e-02 -1.682034881189542128e-02 -3.623834297878407440e-02 -7.807314322276574792e-02
1.770340253697653168e+02 7.021129794733504959e-02 -1.681842177115723189e-02 -3.623419129536861738e-02 -7.806419869199344996e-02
1.768040513184243139e+02 7.030211014491508092e-02 -1.681648514475268114e-02 -3.623001896026101232e-02 -7.805520966849920084e-02
1.765743743342544860e+02 7.039303980016176077e-02 -1.681453895123103184e-02 -3.622582601342445863e-02 -7.804617623838107365e-02
1.763449940335216866e+02 7.048408706499634246e-02 -1.681258320914155030e-02 -3.622161249482212797e-02 -7.803709848773711377e-02
1.761159100329873581e+02 7.057525209153660273e-02 -1.681061793703350626e-02 -3.621737844441719895e-02 -7.802797650266539431e-02
1.758871219499080212e+02 7.066653503209706366e-02 -1.680864315345615562e-02 -3.621312390217285015e-02 -7.801881036926396062e-02
1.756586294020347623e+02 7.075793603918917318e-02 -1.680665887695876465e-02 -3.620884890805226020e-02 -7.800960017363088583e-02
1.754304320076122394e+02 7.084945526552174910e-02 -1.680466512609060312e-02 -3.620455350201861461e-02 -7.800034600186421530e-02
1.752025293853782841e+02 7.094109286400107628e-02 -1.680266191940093384e-02 -3.620023772403507811e-02 -7.799104794006202213e-02
1.749749211545632761e+02 7.103284898773121192e-02 -1.680064927543901618e-02 -3.619590161406484319e-02 -7.798170607432235168e-02
1.747476069348893191e+02 7.112472379001427703e-02 -1.679862721275411988e-02 -3.619154521207108149e-02 -7.797232049074326321e-02
1.745205863465700133e+02 7.121671742435056740e-02 -1.679659574989551124e-02 -3.618716855801698551e-02 -7.796289127542285757e-02
1.742938590103092338e+02 7.130883004443903939e-02 -1.679455490541244961e-02 -3.618277169186571302e-02 -7.795341851445912462e-02
1.740674245473009876e+02 7.140106180417739312e-02 -1.679250469677150484e-02 -3.617835465124786404e-02 -7.794390228892474071e-02
1.738412825792284480e+02 7.149341285766241949e-02 -1.679044514373931318e-02 -3.617391747874935254e-02 -7.793434269056830066e-02
1.736154327282638121e+02 7.158588335919011114e-02 -1.678837626454621895e-02 -3.616946021364626784e-02 -7.792473980400753397e-02
1.733898746170669085e+02 7.167847346325616209e-02 -1.678629807737719998e-02 -3.616498289511695108e-02 -7.791509371364965797e-02
1.731646078687853105e+02 7.177118332455600935e-02 -1.678421060041723756e-02 -3.616048556233977113e-02 -7.790540450390187610e-02
1.729396321070531712e+02 7.186401309798522152e-02 -1.678211385185130952e-02 -3.615596825449306218e-02 -7.789567225917137794e-02
1.727149469559908823e+02 7.195696293863972082e-02 -1.678000784986441105e-02 -3.615143101075520699e-02 -7.788589706386542244e-02
1.724905520402044772e+02 7.205003300181594961e-02 -1.677789261264151649e-02 -3.614687387030456056e-02 -7.787607900239119918e-02
1.722664469847848352e+02 7.214322344301127288e-02 -1.677576815836761409e-02 -3.614229687231947097e-02 -7.786621815915591160e-02
1.720426314153070848e+02 7.223653441792418639e-02 -1.677363450522767821e-02 -3.613770005597830015e-02 -7.785631461856679092e-02
1.718191049578300351e+02 7.232996608245455261e-02 -1.677149167140670055e-02 -3.613308346045940311e-02 -7.784636846503104057e-02
1.715958672388954085e+02 7.242351859270391989e-02 -1.676933967508965895e-02 -3.612844712494115568e-02 -7.783637978295589177e-02
1.713729178855276984e+02 7.251719210497561963e-02 -1.676717853446153469e-02 -3.612379108860188509e-02 -7.782634865674852021e-02
1.711502565252328338e+02 7.261098677577526583e-02 -1.676500826770731256e-02 -3.611911539061996718e-02 -7.781627517081617096e-02
1.709278827859980083e+02 7.270490276181085232e-02 -1.676282889282241714e-02 -3.611442006976536834e-02 -7.780615940868618186e-02
1.707057962962910267e+02 7.279894021999308573e-02 -1.676064042730840073e-02 -3.610970516374403111e-02 -7.779600145159358549e-02
1.704839966850594521e+02 7.289309930743562149e-02 -1.675844289033658757e-02 -3.610497071385933288e-02 -7.778580138852375647e-02
1.702624835817304643e+02 7.298738018145525808e-02 -1.675623629973293713e-02 -3.610021675851612932e-02 -7.777555930221750902e-02
1.700412566162096368e+02 7.308178299957233948e-02 -1.675402067332342274e-02 -3.609544333611931777e-02 -7.776527527541564344e-02
1.698203154188806820e+02 7.317630791951096336e-02 -1.675179602893401426e-02 -3.609065048507378859e-02 -7.775494939085898782e-02
1.695996596206047684e+02 7.327095509919920313e-02 -1.674956238439067116e-02 -3.608583824378441135e-02 -7.774458173128835636e-02
1.693792888527200375e+02 7.336572469676934383e-02 -1.674731975751937718e-02 -3.608100665065609725e-02 -7.773417237944459102e-02
1.691592027470406663e+02 7.346061687055827072e-02 -1.674506816614609178e-02 -3.607615574409370890e-02 -7.772372141806849211e-02
1.689394009358564404e+02 7.355563177910766359e-02 -1.674280762809677789e-02 -3.607128556250213669e-02 -7.771322892990084608e-02
1.687198830519322144e+02 7.365076958116423267e-02 -1.674053816119741925e-02 -3.606639614428627794e-02 -7.770269499768252264e-02
1.685006487285071159e+02 7.374603043568005167e-02 -1.673825978327397185e-02 -3.606148752785099526e-02 -7.769211970415430824e-02
1.682816975992942332e+02 7.384141450181271049e-02 -1.673597251215240556e-02 -3.605655975160118598e-02 -7.768150313205698931e-02
1.680630292984796199e+02 7.393692193892571762e-02 -1.673367636565869024e-02 -3.605161285394174048e-02 -7.767084536413143558e-02
1.678446434607219260e+02 7.403255290658869447e-02 -1.673137136161880270e-02 -3.604664687327754219e-02 -7.766014648311846125e-02
1.676265397211516870e+02 7.412830756457763903e-02 -1.672905751746069092e-02 -3.604166184715597993e-02 -7.764940656991145551e-02
1.674087177153707273e+02 7.422418607287525893e-02 -1.672673485081931435e-02 -3.603665781357041215e-02 -7.763862570636462235e-02
1.671911770794517906e+02 7.432018859167105473e-02 -1.672440338015666189e-02 -3.603163481229600812e-02 -7.762780397817097000e-02
1.669739174499375167e+02 7.441631528136186113e-02 -1.672206312294542002e-02 -3.602659288097651014e-02 -7.761694146643148551e-02
1.667569384638400436e+02 7.451256630255190250e-02 -1.671971409665827524e-02 -3.602153205725568130e-02 -7.760603825224721142e-02
1.665402397586404959e+02 7.460894181605312592e-02 -1.671735631876791403e-02 -3.601645237877729860e-02 -7.759509441671916252e-02
1.663238209722881038e+02 7.470544198288556204e-02 -1.671498980674702289e-02 -3.601135388318511127e-02 -7.758411004094838137e-02
1.661076817432001462e+02 7.480206696427732505e-02 -1.671261457806828485e-02 -3.600623660812288240e-02 -7.757308520603588275e-02
1.658918217102605297e+02 7.489881692166523719e-02 -1.671023065020438986e-02 -3.600110059123437511e-02 -7.756201999308269535e-02
1.656762405128199021e+02 7.499569201669485652e-02 -1.670783804062802441e-02 -3.599594587016335251e-02 -7.755091448318983394e-02
1.654609377906946293e+02 7.509269241122085159e-02 -1.670543676681187154e-02 -3.599077248255356382e-02 -7.753976875745832720e-02
1.652459131841665112e+02 7.518981826730714024e-02 -1.670302684622862119e-02 -3.598558046604878602e-02 -7.752858289698921768e-02
1.650311663339819006e+02 7.528706974722734757e-02 -1.670060829635095639e-02 -3.598036985829277529e-02 -7.751735698288352017e-02
1.648166968813511630e+02 7.538444701346497245e-02 -1.669818113465156711e-02 -3.597514069692928779e-02 -7.750609109624224946e-02
1.646025044679482505e+02 7.548195022871365123e-02 -1.669574537860313637e-02 -3.596989301960210050e-02 -7.749478531816646198e-02
1.643885887359098206e+02 7.557957955587749077e-02 -1.669330104509327700e-02 -3.596462686269445708e-02 -7.748343972704148375e-02
1.641749493278350371e+02 7.567733515807120726e-02 -1.669084815183261711e-02 -3.595934226436273834e-02 -7.747205440507275165e-02
1.639615858867845475e+02 7.577521719862057026e-02 -1.668838671662115775e-02 -3.595403926295590719e-02 -7.746062943488057906e-02
1.637484980562800558e+02 7.587322584106259704e-02 -1.668591675658350967e-02 -3.594871789536780576e-02 -7.744916489595037035e-02
1.635356854803038686e+02 7.597136124914580235e-02 -1.668343828884429059e-02 -3.594337819849230398e-02 -7.743766086776752988e-02
1.633231478032980704e+02 7.606962358683051761e-02 -1.668095133052811124e-02 -3.593802020922326479e-02 -7.742611742981748979e-02
1.631108846701641255e+02 7.616801301828908521e-02 -1.667845589875958587e-02 -3.593264396445454423e-02 -7.741453466158566832e-02
1.628988957262621682e+02 7.626652970790623320e-02 -1.667595201066333216e-02 -3.592724950108002607e-02 -7.740291264255748371e-02
1.626871806174103483e+02 7.636517382027933898e-02 -1.667343968336397128e-02 -3.592183685599355941e-02 -7.739125145221838198e-02
1.624757389898844622e+02 7.646394552021859581e-02 -1.667091893398610011e-02 -3.591640606608900027e-02 -7.737955117005372585e-02
1.622645704904170145e+02 7.656284497274747081e-02 -1.666838977965435023e-02 -3.591095716826023937e-02 -7.736781187554898909e-02
1.620536747661971901e+02 7.666187234310273269e-02 -1.666585223749332892e-02 -3.590549019940111192e-02 -7.735603364818957606e-02
1.618430514648696033e+02 7.676102779673497911e-02 -1.666330632462765388e-02 -3.590000519640550170e-02 -7.734421656746090501e-02
1.616327002345341270e+02 7.686031149930877548e-02 -1.666075205818193933e-02 -3.589450219616727167e-02 -7.733236071284839419e-02
1.614226207237451263e+02 7.695972361670298800e-02 -1.665818945528079256e-02 -3.588898123558026398e-02 -7.732046616383744797e-02
1.612128125815111730e+02 7.705926431501093632e-02 -1.665561853228709685e-02 -3.588344234989724463e-02 -7.730853299637784060e-02
1.610032754572939950e+02 7.715893376054085151e-02 -1.665303930694771520e-02 -3.587788557735267087e-02 -7.729656129284319388e-02
1.607940090010081917e+02 7.725873211981605648e-02 -1.665045179644458750e-02 -3.587231095496391797e-02 -7.728455113298501877e-02
1.605850128630206086e+02 7.735865955957525741e-02 -1.664785601755933500e-02 -3.586671851888587059e-02 -7.727250259469670146e-02
1.603762866941496554e+02 7.745871624677283518e-02 -1.664525198707356504e-02 -3.586110830527342724e-02 -7.726041575587155874e-02
1.601678301456649365e+02 7.755890234857903964e-02 -1.664263972176889539e-02 -3.585548035028147951e-02 -7.724829069440296292e-02
1.599596428692864265e+02 7.765921803238041987e-02 -1.664001923842693340e-02 -3.584983469006490509e-02 -7.723612748818427243e-02
1.597517245171839306e+02 7.775966346578000454e-02 -1.663739055382930723e-02 -3.584417136077863025e-02 -7.722392621510883182e-02
1.595440747419767149e+02 7.786023881659759338e-02 -1.663475368475762078e-02 -3.583849039857751190e-02 -7.721168695306998564e-02
1.593366931967325684e+02 7.796094425287007634e-02 -1.663210864799348487e-02 -3.583279183961645548e-02 -7.719940977996109233e-02
1.591295795349677178e+02 7.806177994285158628e-02 -1.662945546031852767e-02 -3.582707572005035951e-02 -7.718709477367552418e-02
1.589227334106456624e+02 7.816274605501399853e-02 -1.662679413851435306e-02 -3.582134207603410864e-02 -7.717474201210661189e-02
1.587161544781770601e+02 7.826384275804704194e-02 -1.662412469936257534e-02 -3.581559094372258750e-02 -7.716235157314771387e-02
1.585098423924189603e+02 7.836507022085860419e-02 -1.662144715964481226e-02 -3.580982235927070156e-02 -7.714992353469218855e-02
1.583037968086740932e+02 7.846642861257513424e-02 -1.661876153614267118e-02 -3.580403635883332158e-02 -7.713745797463336662e-02
1.580980173826907276e+02 7.856791810254169783e-02 -1.661606784471395329e-02 -3.579823297657504927e-02 -7.712495496657661986e-02
1.578925037706616479e+02 7.866953886032246324e-02 -1.661336610310880715e-02 -3.579241225073741955e-02 -7.711241459291087730e-02
1.576872556292237277e+02 7.877129105570093714e-02 -1.661065632792212837e-02 -3.578657421707305553e-02 -7.709983693066278787e-02
1.574822726154573900e+02 7.887317485868022837e-02 -1.660793853559780486e-02 -3.578071891100922941e-02 -7.708722205615813061e-02
1.572775543868861519e+02 7.897519043948324213e-02 -1.660521274257972801e-02 -3.577484636797324119e-02 -7.707457004572268455e-02
1.570731006014757440e+02 7.907733796855315189e-02 -1.660247896531178574e-02 -3.576895662339236309e-02 -7.706188097568220097e-02
1.568689109176338548e+02 7.917961761655352426e-02 -1.659973722023786250e-02 -3.576304971269388122e-02 -7.704915492236247276e-02
1.566649849942093056e+02 7.928202955436870758e-02 -1.659698752380185313e-02 -3.575712567130508168e-02 -7.703639196208926510e-02
1.564613224904915683e+02 7.938457395310408171e-02 -1.659422989244764210e-02 -3.575118453465324364e-02 -7.702359217118834311e-02
1.562579230662105090e+02 7.948725098408623846e-02 -1.659146434261911385e-02 -3.574522633816566014e-02 -7.701075562598547197e-02
1.560547863815352514e+02 7.959006081886346728e-02 -1.658869089076017017e-02 -3.573925111726961729e-02 -7.699788240280641682e-02
1.558519120970739493e+02 7.969300362920590797e-02 -1.658590955331469205e-02 -3.573325890739239424e-02 -7.698497257797698445e-02
1.556492998738732183e+02 7.979607958710586979e-02 -1.658312034672656740e-02 -3.572724974396127712e-02 -7.697202622782289838e-02
1.554469493734173682e+02 7.989928886477816461e-02 -1.658032328743968761e-02 -3.572122366240353813e-02 -7.695904342866995151e-02
1.552448602576282894e+02 8.000263163466023175e-02 -1.657751839182376730e-02 -3.571518069798668149e-02 -7.694602425649965660e-02
1.550430321888643164e+02 8.010610806941263762e-02 -1.657470567547238149e-02 -3.570912088430604203e-02 -7.693296878369093594e-02
1.548414648299200280e+02 8.020971834191925609e-02 -1.657188515588605554e-02 -3.570304425906534879e-02 -7.691987709147407593e-02
1.546401578440255093e+02 8.031346262528755997e-02 -1.656905684917620372e-02 -3.569695085697559278e-02 -7.690674925463159006e-02
1.544391108948459248e+02 8.041734109284896792e-02 -1.656622077145422992e-02 -3.569084071274774422e-02 -7.689358534794601963e-02
1.542383236464809499e+02 8.052135391815896936e-02 -1.656337693883153800e-02 -3.568471386109277332e-02 -7.688038544619986425e-02
1.540377957634641177e+02 8.062550127499763797e-02 -1.656052536741953532e-02 -3.567857033672164335e-02 -7.686714962417566521e-02
1.538375269107622216e+02 8.072978333736979817e-02 -1.655766607332962229e-02 -3.567241017434533840e-02 -7.685387795665590827e-02
1.536375167537748609e+02 8.083420027950534437e-02 -1.655479907267320971e-02 -3.566623340867482173e-02 -7.684057051842316244e-02
1.534377649583339576e+02 8.093875227585944909e-02 -1.655192438156170842e-02 -3.566004007442107049e-02 -7.682722738425991349e-02
1.532382711907030171e+02 8.104343950111299322e-02 -1.654904201610651188e-02 -3.565383020629505489e-02 -7.681384862894867493e-02
1.530390351175766455e+02 8.114826213017278800e-02 -1.654615199241903784e-02 -3.564760383900773821e-02 -7.680043432727201580e-02
1.528400564060799240e+02 8.125322033817186651e-02 -1.654325432661067977e-02 -3.564136100727009759e-02 -7.678698455401242184e-02
1.526413347237679830e+02 8.135831430046980284e-02 -1.654034903479285196e-02 -3.563510174579309631e-02 -7.677349938395239271e-02
1.524428697386255180e+02 8.146354419265289248e-02 -1.653743613307696175e-02 -3.562882608928773231e-02 -7.675997889187449741e-02
1.522446611190659098e+02 8.156891019053462422e-02 -1.653451563729746443e-02 -3.562253407186829340e-02 -7.674642315127579162e-02
1.520467085339309392e+02 8.167441247015587436e-02 -1.653158756318569289e-02 -3.561622572742690479e-02 -7.673283223517458895e-02
1.518490116524901339e+02 8.178005120778519821e-02 -1.652865192758028179e-02 -3.560990109224131811e-02 -7.671920622172896664e-02
1.516515701444402282e+02 8.188582657991917702e-02 -1.652570874626536207e-02 -3.560356020031740093e-02 -7.670554518420233392e-02
1.514543836799047654e+02 8.199173876328255672e-02 -1.652275803502505427e-02 -3.559720308566101388e-02 -7.669184919585810001e-02
1.512574519294332447e+02 8.209778793482880310e-02 -1.651979980964347894e-02 -3.559082978227801758e-02 -7.667811832995967414e-02
1.510607745640007238e+02 8.220397427174018501e-02 -1.651683408590476007e-02 -3.558444032417426572e-02 -7.666435265977045166e-02
1.508643512550073638e+02 8.231029795142816297e-02 -1.651386087959301474e-02 -3.557803474535561894e-02 -7.665055225855382792e-02
1.506681816742777187e+02 8.241675915153366672e-02 -1.651088020649236696e-02 -3.557161307982794479e-02 -7.663671719957321216e-02
1.504722654940604230e+02 8.252335804992733115e-02 -1.650789208238694419e-02 -3.556517536159709697e-02 -7.662284755609202747e-02
1.502766023870272534e+02 8.263009482470991263e-02 -1.650489652306086352e-02 -3.555872162466894998e-02 -7.660894340137366920e-02
1.500811920262729586e+02 8.273696965421252492e-02 -1.650189354429824895e-02 -3.555225190304933669e-02 -7.659500480868154659e-02
1.498860340853144919e+02 8.284398271699690286e-02 -1.649888316188321755e-02 -3.554576623074413161e-02 -7.658103185127904111e-02
1.496911282380905277e+02 8.295113419185581871e-02 -1.649586539159989679e-02 -3.553926464175920230e-02 -7.656702460242956199e-02
1.494964741589610639e+02 8.305842425781313765e-02 -1.649284024923241415e-02 -3.553274717010040940e-02 -7.655298313539654620e-02
1.493020715227066262e+02 8.316585309412441451e-02 -1.648980775010535499e-02 -3.552621384878357907e-02 -7.653890752131047026e-02
1.491079200045278412e+02 8.327342088027700484e-02 -1.648676791004093783e-02 -3.551966471189665908e-02 -7.652479783361150478e-02
1.489140192800448403e+02 8.338112779599048119e-02 -1.648372074525471936e-02 -3.551309979437497488e-02 -7.651065414756559602e-02
1.487203690252969750e+02 8.348897402121673028e-02 -1.648066627120868544e-02 -3.550651912953040057e-02 -7.649647653494097421e-02
1.485269689167418505e+02 8.359695973614049425e-02 -1.647760450336483579e-02 -3.549992275067478942e-02 -7.648226506750585574e-02
1.483338186312550988e+02 8.370508512117956490e-02 -1.647453545718515974e-02 -3.549331069111998777e-02 -7.646801981702842921e-02
1.481409178461297529e+02 8.381335035698506131e-02 -1.647145914813165357e-02 -3.548668298417785583e-02 -7.645374085527693875e-02
1.479482662390756502e+02 8.392175562444179060e-02 -1.646837559166631354e-02 -3.548003966316025382e-02 -7.643942825401958685e-02
1.477558634882190347e+02 8.403030110466844227e-02 -1.646528480325112551e-02 -3.547338076137902113e-02 -7.642508208502458988e-02
1.475637092721018462e+02 8.413898697901804613e-02 -1.646218679834808921e-02 -3.546670631214603187e-02 -7.641070242006017810e-02
1.473718032696812656e+02 8.424781342907818049e-02 -1.645908159241919050e-02 -3.546001634877311848e-02 -7.639628933089454010e-02
1.471801451603292605e+02 8.435678063667126358e-02 -1.645596920092643259e-02 -3.545331090457216200e-02 -7.638184288929593391e-02
1.469887346238317889e+02 8.446588878385494215e-02 -1.645284963933180480e-02 -3.544659001285500183e-02 -7.636736316703252037e-02
1.467975713403887426e+02 8.457513805292223019e-02 -1.644972292309729994e-02 -3.543985370693349818e-02 -7.635285023587257136e-02
1.466066549906128103e+02 8.468452862640203638e-02 -1.644658906768491080e-02 -3.543310202011951127e-02 -7.633830416758428938e-02
1.464159852555294208e+02 8.479406068705930277e-02 -1.644344808793019030e-02 -3.542633498437525175e-02 -7.632372503102816119e-02
1.462255618165759472e+02 8.490373441789536568e-02 -1.644029999970552519e-02 -3.541955263389675451e-02 -7.630911289987732382e-02
1.460353843556012521e+02 8.501355000214828872e-02 -1.643714481864105154e-02 -3.541275500235811086e-02 -7.629446784668043879e-02
1.458454525548653749e+02 8.512350762329304321e-02 -1.643398255988169285e-02 -3.540594212238808852e-02 -7.627978994173399696e-02
1.456557660970385371e+02 8.523360746504202168e-02 -1.643081323857237611e-02 -3.539911402661544138e-02 -7.626507925533454468e-02
1.454663246652009718e+02 8.534384971134517661e-02 -1.642763686985802135e-02 -3.539227074766890940e-02 -7.625033585777857281e-02
1.452771279428422133e+02 8.545423454639043681e-02 -1.642445346888356597e-02 -3.538541231817725341e-02 -7.623555981936261383e-02
1.450881756138609262e+02 8.556476215460379064e-02 -1.642126305079392654e-02 -3.537853877076923420e-02 -7.622075121038320022e-02
1.448994673625636267e+02 8.567543272065006321e-02 -1.641806563073403002e-02 -3.537165013807359176e-02 -7.620591010113680897e-02
1.447110028736650236e+02 8.578624642943266654e-02 -1.641486122384881036e-02 -3.536474645271909384e-02 -7.619103656192001417e-02
1.445227818322870803e+02 8.589720346609419632e-02 -1.641164984528318063e-02 -3.535782774733448042e-02 -7.617613066302929281e-02
1.443348039239581055e+02 8.600830401601693154e-02 -1.640843151018207824e-02 -3.535089405454851924e-02 -7.616119247476120513e-02
1.441470688346131794e+02 8.611954826482261238e-02 -1.640520623369042669e-02 -3.534394540698995724e-02 -7.614622206741224197e-02
1.439595762505925052e+02 8.623093639837338398e-02 -1.640197403095314602e-02 -3.533698183728754827e-02 -7.613121951127890807e-02
1.437723258586418922e+02 8.634246860277156044e-02 -1.639873491711517015e-02 -3.533000337807004620e-02 -7.611618487665774979e-02
1.435853173459117329e+02 8.645414506436013835e-02 -1.639548890654033211e-02 -3.532301006028339824e-02 -7.610111823021978306e-02
1.433985503999562638e+02 8.656596596972337965e-02 -1.639223601511880304e-02 -3.531600191816196277e-02 -7.608601964572066223e-02
1.432120247087336793e+02 8.667793150568658955e-02 -1.638897625792791121e-02 -3.530897898418881853e-02 -7.607088919314312914e-02
1.430257399606048523e+02 8.679004185931700477e-02 -1.638570964980053460e-02 -3.530194129032045852e-02 -7.605572694133531930e-02
1.428396958443335620e+02 8.690229721792355755e-02 -1.638243620556957894e-02 -3.529488886851339657e-02 -7.604053295914545152e-02
1.426538920490856412e+02 8.701469776905750020e-02 -1.637915594006792916e-02 -3.528782175072413263e-02 -7.602530731542170295e-02
1.424683282644280382e+02 8.712724370051286304e-02 -1.637586886812847711e-02 -3.528073996890914582e-02 -7.601005007901226462e-02
1.422830041803291863e+02 8.723993520032628790e-02 -1.637257500458412160e-02 -3.527364355502495691e-02 -7.599476131876534146e-02
1.420979194871575828e+02 8.735277245677788849e-02 -1.636927436426774754e-02 -3.526653254102804502e-02 -7.597944110352908287e-02
1.419130738756819596e+02 8.746575565839113942e-02 -1.636596696201225373e-02 -3.525940695887491705e-02 -7.596408950215172151e-02
1.417284670370705726e+02 8.757888499393327864e-02 -1.636265281265052857e-02 -3.525226684052207293e-02 -7.594870658348142067e-02
1.415440986628901499e+02 8.769216065241600133e-02 -1.635933193101546390e-02 -3.524511221792599874e-02 -7.593329241636634364e-02
1.413599684451064320e+02 8.780558282309511298e-02 -1.635600433193995853e-02 -3.523794312304320830e-02 -7.591784706965475082e-02
1.411760760760825235e+02 8.791915169547152853e-02 -1.635267003025689739e-02 -3.523075958783018768e-02 -7.590237061219475001e-02
1.409924212485792907e+02 8.803286745929103652e-02 -1.634932904079917579e-02 -3.522356164424344377e-02 -7.588686311283455999e-02
1.408090036557544238e+02 8.814673030454485414e-02 -1.634598137747686822e-02 -3.521634932225131687e-02 -7.587132463613904809e-02
1.406258229911616695e+02 8.826074042147015464e-02 -1.634262705616783620e-02 -3.520912265606162411e-02 -7.585575525580669221e-02
1.404428789487509732e+02 8.837489800054994238e-02 -1.633926609142495601e-02 -3.520188167702759802e-02 -7.584015503938598690e-02
1.402601712228676263e+02 8.848920323251358022e-02 -1.633589849777419833e-02 -3.519462641644446887e-02 -7.582452405430048503e-02
1.400776995082513565e+02 8.860365630833737238e-02 -1.633252428974151307e-02 -3.518735690560746004e-02 -7.580886236797367006e-02
1.398954635000367261e+02 8.871825741924431463e-02 -1.632914348185286052e-02 -3.518007317581181570e-02 -7.579317004782912259e-02
1.397134628937515970e+02 8.883300675670505187e-02 -1.632575608863420097e-02 -3.517277525835275920e-02 -7.577744716129032609e-02
1.395316973853174716e+02 8.894790451243764218e-02 -1.632236212461149472e-02 -3.516546318452552777e-02 -7.576169377578086117e-02
1.393501666710486688e+02 8.906295087840811198e-02 -1.631896160431070553e-02 -3.515813698562534478e-02 -7.574590995872423904e-02
1.391688704476514999e+02 8.917814604683099722e-02 -1.631555454225778329e-02 -3.515079669294744052e-02 -7.573009577754397093e-02
1.389878084122244104e+02 8.929349021016917687e-02 -1.631214095297869870e-02 -3.514344233778705223e-02 -7.571425129966362355e-02
1.388069802622567011e+02 8.940898356113474721e-02 -1.630872085099940166e-02 -3.513607395143941020e-02 -7.569837659250670814e-02
1.386263856956288123e+02 8.952462629268881367e-02 -1.630529425084585593e-02 -3.512869156519974473e-02 -7.568247172349676366e-02
1.384460244106114146e+02 8.964041859804207368e-02 -1.630186116704402527e-02 -3.512129521036329305e-02 -7.566653676005731521e-02
1.382658961058645559e+02 8.975636067065538570e-02 -1.629842161395151853e-02 -3.511388491786258947e-02 -7.565057176883052681e-02
1.380860004804380594e+02 8.987245270423949162e-02 -1.629497560554902039e-02 -3.510646071781810956e-02 -7.563457681470896199e-02
1.379063372337700173e+02 8.998869489275598821e-02 -1.629152315716721200e-02 -3.509902264325879401e-02 -7.561855196885132468e-02
1.377269060656870749e+02 9.010508743041713287e-02 -1.628806428303011811e-02 -3.509157072482938650e-02 -7.560249729727971935e-02
1.375477066764037488e+02 9.022163051168635706e-02 -1.628459899736176691e-02 -3.508410499317461684e-02 -7.558641286601622267e-02
1.373687387665212896e+02 9.033832433127887696e-02 -1.628112731438617969e-02 -3.507662547893922178e-02 -7.557029874108289746e-02
1.371900020370282505e+02 9.045516908416140200e-02 -1.627764924832739157e-02 -3.506913221276794501e-02 -7.555415498850186207e-02
1.370114961892989811e+02 9.057216496555317575e-02 -1.627416481340942384e-02 -3.506162522530552328e-02 -7.553798167429516541e-02
1.368332209250938547e+02 9.068931217092567054e-02 -1.627067402385630815e-02 -3.505410454719667945e-02 -7.552177886448492583e-02
1.366551759465585292e+02 9.080661089600319813e-02 -1.626717689389206578e-02 -3.504657020908617110e-02 -7.550554662509320614e-02
1.364773609562231513e+02 9.092406133676343705e-02 -1.626367343774072494e-02 -3.503902224161872109e-02 -7.548928502214209690e-02
1.362997756570024137e+02 9.104166368943727994e-02 -1.626016366962632076e-02 -3.503146067543907310e-02 -7.547299412165370258e-02
1.361224197521944177e+02 9.115941815050968011e-02 -1.625664760377286758e-02 -3.502388554119195696e-02 -7.545667398965007211e-02
1.359452929454808725e+02 9.127732491671955439e-02 -1.625312525440439707e-02 -3.501629686952211634e-02 -7.544032469215329606e-02
1.357683949409262425e+02 9.139538418506021333e-02 -1.624959663574494090e-02 -3.500869469107429494e-02 -7.542394629518549276e-02
1.355917254429768661e+02 9.151359615278006898e-02 -1.624606176167384466e-02 -3.500107903575062213e-02 -7.540753886316885202e-02
1.354152841564614107e+02 9.163196101738228794e-02 -1.624252064627437764e-02 -3.499344993389260500e-02 -7.539110246147215366e-02
1.352390707865892807e+02 9.175047897662584606e-02 -1.623897330429148814e-02 -3.498580741726726312e-02 -7.537463715853537360e-02
1.350630850389510726e+02 9.186915022852522317e-02 -1.623541974965212950e-02 -3.497815151587930355e-02 -7.535814301900169154e-02
1.348873266195177223e+02 9.198797497135104140e-02 -1.623185999628326201e-02 -3.497048225973346108e-02 -7.534162010751434269e-02
1.347117952346394816e+02 9.210695340363062034e-02 -1.622829405811183553e-02 -3.496279967883442891e-02 -7.532506848871649285e-02
1.345364905910465723e+02 9.222608572414769945e-02 -1.622472194906481383e-02 -3.495510380318694182e-02 -7.530848822725137726e-02
1.343614123958474238e+02 9.234537213194349281e-02 -1.622114368306914328e-02 -3.494739466279571383e-02 -7.529187938776218947e-02
1.341865603565292702e+02 9.246481282631636989e-02 -1.621755927405178418e-02 -3.493967228766545197e-02 -7.527524203489212307e-02
1.340119341809571551e+02 9.258440800682249394e-02 -1.621396873593969681e-02 -3.493193670780088411e-02 -7.525857623328437163e-02
1.338375335773730797e+02 9.270415787327639101e-02 -1.621037208265982410e-02 -3.492418795320671732e-02 -7.524188204758215648e-02
1.336633582543963144e+02 9.282406262575079725e-02 -1.620676932813912979e-02 -3.491642605388766557e-02 -7.522515954242865732e-02
1.334894079210226039e+02 9.294412246457717242e-02 -1.620316048630457417e-02 -3.490865103984845674e-02 -7.520840878246710937e-02
1.333156822866231153e+02 9.306433759034637987e-02 -1.619954557108310364e-02 -3.490086294109379789e-02 -7.519162983234066455e-02
1.331421810609448926e+02 9.318470820390840903e-02 -1.619592459640168194e-02 -3.489306178762840993e-02 -7.517482275669258585e-02
1.329689039541096065e+02 9.330523450637330518e-02 -1.619229757568313444e-02 -3.488524760837091038e-02 -7.515798761782607751e-02
1.327958506766135827e+02 9.342591669911103069e-02 -1.618866452307418310e-02 -3.487742043379947476e-02 -7.514112448140446154e-02
1.326230209393271480e+02 9.354675498375200626e-02 -1.618502545276766930e-02 -3.486958029449166441e-02 -7.512423341330502768e-02
1.324504144534937211e+02 9.366774956218766601e-02 -1.618138037839842933e-02 -3.486172721982282174e-02 -7.510731447681505413e-02
1.322780309307302957e+02 9.378890063657024934e-02 -1.617772931360128563e-02 -3.485386123916831003e-02 -7.509036773522184682e-02
1.321058700830257919e+02 9.391020840931380009e-02 -1.617407227201108494e-02 -3.484598238190347863e-02 -7.507339325181269785e-02
1.319339316227416248e+02 9.403167308309391681e-02 -1.617040926726264968e-02 -3.483809067740370469e-02 -7.505639108987491315e-02
1.317622152626106526e+02 9.415329486084833555e-02 -1.616674031299082659e-02 -3.483018615504434451e-02 -7.503936131269577092e-02
1.315907207157365519e+02 9.427507394577752664e-02 -1.616306542283043809e-02 -3.482226884420074747e-02 -7.502230398356254937e-02
1.314194476955940445e+02 9.439701054134444491e-02 -1.615938461041632399e-02 -3.481433877424827683e-02 -7.500521916576256831e-02
1.312483959160274480e+02 9.451910485127555661e-02 -1.615569788938331017e-02 -3.480639597456228890e-02 -7.498810692258310595e-02
1.310775650912511026e+02 9.464135707956057575e-02 -1.615200527336624337e-02 -3.479844047451814693e-02 -7.497096731731145436e-02
1.309069549358485460e+02 9.476376743045303308e-02 -1.614830677599994602e-02 -3.479047230349120723e-02 -7.495380041323490561e-02
1.307365651647715765e+02 9.488633610847092836e-02 -1.614460241091925791e-02 -3.478249149085682612e-02 -7.493660627364076565e-02
1.305663954933407638e+02 9.500906331839642505e-02 -1.614089219175901188e-02 -3.477449806599038074e-02 -7.491938496181631268e-02
1.303964456372438576e+02 9.513194926527693274e-02 -1.613717613150539645e-02 -3.476649205686973415e-02 -7.490213653803809435e-02
1.302267153125362427e+02 9.525499415442474638e-02 -1.613345424433378084e-02 -3.475847349403483194e-02 -7.488486106810236798e-02
1.300572042356400857e+02 9.537819819141779565e-02 -1.612972654391630484e-02 -3.475044240694136199e-02 -7.486755861546953716e-02
1.298879121233435114e+02 9.550156158210011681e-02 -1.612599304360048252e-02 -3.474239882434571741e-02 -7.485022924209333572e-02
1.297188386928010289e+02 9.562508453258163066e-02 -1.612225375673385572e-02 -3.473434277500427741e-02 -7.483287300992752522e-02
1.295499836615318543e+02 9.574876724923923887e-02 -1.611850869666394542e-02 -3.472627428767340735e-02 -7.481548998092582559e-02
1.293813467474206504e+02 9.587260993871647707e-02 -1.611475787673829346e-02 -3.471819339110951419e-02 -7.479808021704201226e-02
1.292129276687163895e+02 9.599661280792415319e-02 -1.611100131030442084e-02 -3.471010011406897022e-02 -7.478064378022983294e-02
1.290447261440316140e+02 9.612077606404098584e-02 -1.610723901070986244e-02 -3.470199448530816161e-02 -7.476318073244302143e-02
1.288767418923429489e+02 9.624509991451328517e-02 -1.610347099130214621e-02 -3.469387653358346757e-02 -7.474569113563533929e-02
1.287089746329894240e+02 9.636958456705603526e-02 -1.609969726542880702e-02 -3.468574628765127427e-02 -7.472817505176052033e-02
1.285414240856730430e+02 9.649423022965261665e-02 -1.609591784643736936e-02 -3.467760377626795398e-02 -7.471063254277232613e-02
1.283740899704577885e+02 9.661903711055544464e-02 -1.609213274767536811e-02 -3.466944902818990676e-02 -7.469306367062451824e-02
1.282069720077690533e+02 9.674400541828649669e-02 -1.608834198249033468e-02 -3.466128207217350488e-02 -7.467546849727081659e-02
1.280400699183936979e+02 9.686913536163714589e-02 -1.608454556422980047e-02 -3.465310293697513450e-02 -7.465784708466499664e-02
1.278733834234788276e+02 9.699442714966917400e-02 -1.608074350545972073e-02 -3.464491164966733427e-02 -7.464019949113304131e-02
1.277069122445321625e+02 9.711988099171446620e-02 -1.607693582035478463e-02 -3.463670824078855098e-02 -7.462252578246807155e-02
1.275406561034210142e+02 9.724549709737571879e-02 -1.607312252209567791e-02 -3.462849273873568751e-02 -7.460482601984935735e-02
1.273746147223718310e+02 9.737127567652692495e-02 -1.606930362374740795e-02 -3.462026517165647105e-02 -7.458710026391932035e-02
1.272087878239700274e+02 9.749721693931333311e-02 -1.606547913837500299e-02 -3.461202556769864269e-02 -7.456934857532045158e-02
1.270431751311595008e+02 9.762332109615193265e-02 -1.606164907904349473e-02 -3.460377395500995740e-02 -7.455157101469524206e-02
1.268777763672415944e+02 9.774958835773218946e-02 -1.605781345881789404e-02 -3.459551036173814237e-02 -7.453376764268614119e-02
1.267125912558755942e+02 9.787601893501569894e-02 -1.605397229076323609e-02 -3.458723481603093869e-02 -7.451593851993558448e-02
1.265476195210772516e+02 9.800261303923726852e-02 -1.605012558794453523e-02 -3.457894734603608744e-02 -7.449808370708609073e-02
1.263828608872191950e+02 9.812937088190466783e-02 -1.604627336342681967e-02 -3.457064797990132970e-02 -7.448020326478008157e-02
1.262183150790300914e+02 9.825629267479919771e-02 -1.604241563027511419e-02 -3.456233674577440657e-02 -7.446229725366007579e-02
1.260539818215937657e+02 9.838337862997641181e-02 -1.603855240155444006e-02 -3.455401367180305910e-02 -7.444436573436849502e-02
1.258898608403497548e+02 9.851062895976571421e-02 -1.603468369032982205e-02 -3.454567878613502840e-02 -7.442640876754783030e-02
1.257259518610917013e+02 9.863804387677152508e-02 -1.603080950966628143e-02 -3.453733211691804861e-02 -7.440842641384055878e-02
1.255622546099678232e+02 9.876562359387300316e-02 -1.602692987255695603e-02 -3.452897369214497775e-02 -7.439041873355543844e-02
1.253987688134800891e+02 9.889336832422460088e-02 -1.602304479137829293e-02 -3.452060353848007690e-02 -7.437238578413886414e-02
1.252354941984833800e+02 9.902127828125678599e-02 -1.601915428006342457e-02 -3.451222168594136885e-02 -7.435432763026274261e-02
1.250724304921859442e+02 9.914935367867568072e-02 -1.601525835139962564e-02 -3.450382816207819142e-02 -7.433624433128030451e-02
1.249095774221478479e+02 9.927759473046419980e-02 -1.601135701817416046e-02 -3.449542299443986854e-02 -7.431813594654476662e-02
1.247469347162815012e+02 9.940600165088175899e-02 -1.600745029317428986e-02 -3.448700621057573107e-02 -7.430000253540937349e-02
1.245845021028507631e+02 9.953457465446487185e-02 -1.600353818918728507e-02 -3.447857783803512377e-02 -7.428184415722736966e-02
1.244222793104701452e+02 9.966331395602782972e-02 -1.599962071900041041e-02 -3.447013790436734976e-02 -7.426366087135197191e-02
1.242602660681051958e+02 9.979221977066239646e-02 -1.599569789540094059e-02 -3.446168643712177460e-02 -7.424545273713642479e-02
1.240984621050710786e+02 9.992129231373893250e-02 -1.599176973117612602e-02 -3.445322346384770140e-02 -7.422721981393393120e-02
1.239368671510329989e+02 1.000505318009060340e-01 -1.598783623911324489e-02 -3.444474901209446105e-02 -7.420896216109776344e-02
1.237754809360053372e+02 1.001799384480912686e-01 -1.598389743199956151e-02 -3.443626310941139829e-02 -7.419067983798113830e-02
1.236143031903508813e+02 1.003095124715017300e-01 -1.597995332262234017e-02 -3.442776578334783011e-02 -7.417237290393727256e-02
1.234533336447812246e+02 1.004392540876237888e-01 -1.597600392376884865e-02 -3.441925706145309433e-02 -7.415404141831942464e-02
1.232925720303552737e+02 1.005691635132242301e-01 -1.597204924822635125e-02 -3.441073697127652181e-02 -7.413568544048079745e-02
1.231320180784797458e+02 1.006992409653498788e-01 -1.596808930854162756e-02 -3.440220553984931623e-02 -7.411730502865840342e-02
1.229716715209082878e+02 1.008294866613283353e-01 -1.596412411720426680e-02 -3.439366279407948812e-02 -7.409890024082377291e-02
1.228115320897406946e+02 1.009599008187685443e-01 -1.596015368759568648e-02 -3.438510876279643469e-02 -7.408047113908794445e-02
1.226515995174233211e+02 1.010904836555605452e-01 -1.595617803223006032e-02 -3.437654347296111718e-02 -7.406201778153656545e-02
1.224918735367476330e+02 1.012212353898765543e-01 -1.595219716362155857e-02 -3.436796695153450376e-02 -7.404354022625526943e-02
1.223323538808506186e+02 1.013521562401707432e-01 -1.594821109428435496e-02 -3.435937922547756262e-02 -7.402503853132968992e-02
1.221730402832139646e+02 1.014832464251797933e-01 -1.594421983673262669e-02 -3.435078032175125501e-02 -7.400651275484550207e-02
1.220139324776633458e+02 1.016145061639235764e-01 -1.594022340348053013e-02 -3.434217026731654909e-02 -7.398796295488831165e-02
1.218550301983686381e+02 1.017459356757049183e-01 -1.593622180704225288e-02 -3.433354908913442000e-02 -7.396938918954376607e-02
1.216963331798427248e+02 1.018775351801106122e-01 -1.593221505993195827e-02 -3.432491681416581508e-02 -7.395079151689752661e-02
1.215378411569416954e+02 1.020093048970112520e-01 -1.592820317466382349e-02 -3.431627346937171641e-02 -7.393216999503519904e-02
1.213795538648642349e+02 1.021412450465617461e-01 -1.592418616375201185e-02 -3.430761908171307828e-02 -7.391352468204245851e-02
1.212214710391506571e+02 1.022733558492020661e-01 -1.592016403971070401e-02 -3.429895367815086887e-02 -7.389485563600491080e-02
1.210635924156832459e+02 1.024056375256570534e-01 -1.591613681505407024e-02 -3.429027728564606331e-02 -7.387616291500821719e-02
1.209059177306854878e+02 1.025380902969369873e-01 -1.591210450229628079e-02 -3.428158993115962977e-02 -7.385744657713803896e-02
1.207484467207212333e+02 1.026707143843383074e-01 -1.590806711355920167e-02 -3.427289164080731670e-02 -7.383870667865904958e-02
1.205911791226950811e+02 1.028035100094433218e-01 -1.590402466140678969e-02 -3.426418244165737453e-02 -7.381994327788800325e-02
1.204341146738510560e+02 1.029364773941212757e-01 -1.589997715870173495e-02 -3.425546236142160139e-02 -7.380115643452819785e-02
1.202772531117729073e+02 1.030696167605281155e-01 -1.589592461768978698e-02 -3.424673142648268498e-02 -7.378234620541940236e-02
1.201205941743833563e+02 1.032029283311071549e-01 -1.589186705061670923e-02 -3.423798966322331300e-02 -7.376351264740134417e-02
1.199641375999433279e+02 1.033364123285896580e-01 -1.588780446972824084e-02 -3.422923709802613151e-02 -7.374465581731377839e-02
1.198078831270523068e+02 1.034700689759946307e-01 -1.588373688727014177e-02 -3.422047375727384211e-02 -7.372577577199647403e-02
1.196518304946469868e+02 1.036038984966298759e-01 -1.587966431548815810e-02 -3.421169966734909085e-02 -7.370687256828913070e-02
1.194959794420016124e+02 1.037379011140917850e-01 -1.587558676662804980e-02 -3.420291485463457237e-02 -7.368794626303154516e-02
1.193403297087272250e+02 1.038720770522659209e-01 -1.587150425293556988e-02 -3.419411934551296051e-02 -7.366899691306345865e-02
1.191848810347708962e+02 1.040064265353277118e-01 -1.586741678665646443e-02 -3.418531316636692907e-02 -7.365002457522459856e-02
1.190296331604160542e+02 1.041409497877421597e-01 -1.586332438003649342e-02 -3.417649634357914495e-02 -7.363102930635473387e-02
1.188745858262811623e+02 1.042756470342649927e-01 -1.585922704532140293e-02 -3.416766890353228198e-02 -7.361201116329360583e-02
1.187197387733201026e+02 1.044105184999423175e-01 -1.585512479475694944e-02 -3.415883087260902090e-02 -7.359297020288095570e-02
1.185650917428213234e+02 1.045455644101113551e-01 -1.585101764058888946e-02 -3.414998227719204943e-02 -7.357390648195656635e-02
1.184106444764071995e+02 1.046807849904010240e-01 -1.584690559453271613e-02 -3.414112314252160801e-02 -7.355482005489892561e-02
1.182563967160342457e+02 1.048161804667317454e-01 -1.584278866919247575e-02 -3.413225349575232243e-02 -7.353571098021083330e-02
1.181023482039918662e+02 1.049517510653164981e-01 -1.583866687694326231e-02 -3.412337336354551859e-02 -7.351657931533242540e-02
1.179484986829027378e+02 1.050874970126605551e-01 -1.583454022976700862e-02 -3.411448277171547083e-02 -7.349742511587885330e-02
1.177948478957219578e+02 1.052234185355621771e-01 -1.583040873964563708e-02 -3.410558174607646043e-02 -7.347824843746532386e-02
1.176413955857363618e+02 1.053595158611132371e-01 -1.582627241856107356e-02 -3.409667031244276864e-02 -7.345904933570697459e-02
1.174881414965647792e+02 1.054957892166989708e-01 -1.582213127849524392e-02 -3.408774849662866979e-02 -7.343982786621899850e-02
1.173350853721568399e+02 1.056322388299990589e-01 -1.581798533143007751e-02 -3.407881632444843822e-02 -7.342058408461656083e-02
1.171822269567932437e+02 1.057688649289874189e-01 -1.581383458934749672e-02 -3.406987382171634826e-02 -7.340131804651485459e-02
1.170295659950849512e+02 1.059056677419328296e-01 -1.580967906422943089e-02 -3.406092101424669505e-02 -7.338202980752905891e-02
1.168771022319725574e+02 1.060426474973995836e-01 -1.580551876805780590e-02 -3.405195792785373904e-02 -7.336271942327429740e-02
1.167248354127265770e+02 1.061798044242472094e-01 -1.580135371281454759e-02 -3.404298458835176150e-02 -7.334338694936581859e-02
1.165727652829460794e+02 1.063171387516316652e-01 -1.579718391048158185e-02 -3.403400102155504370e-02 -7.332403244141874610e-02
1.164208915885590727e+02 1.064546507090050054e-01 -1.579300937304083108e-02 -3.402500725327785303e-02 -7.330465595504825904e-02
1.162692140758218500e+02 1.065923405261160195e-01 -1.578883011247423154e-02 -3.401600330933449157e-02 -7.328525754586957819e-02
1.161177324913180513e+02 1.067302084330109951e-01 -1.578464614010732792e-02 -3.400698921412509401e-02 -7.326583726645120864e-02
1.159664465819591470e+02 1.068682546600333710e-01 -1.578045746855589321e-02 -3.399796499482953677e-02 -7.324639517535040667e-02
1.158153560949831018e+02 1.070064794378248751e-01 -1.577626410973523990e-02 -3.398893067711856314e-02 -7.322693132787311265e-02
1.156644607779547016e+02 1.071448829973252748e-01 -1.577206607536791802e-02 -3.397988628624766527e-02 -7.320744577843064926e-02
1.155137603787647862e+02 1.072834655697730566e-01 -1.576786337717648451e-02 -3.397083184747230755e-02 -7.318793858143424202e-02
1.153632546456295813e+02 1.074222273867060512e-01 -1.576365602688349285e-02 -3.396176738604796824e-02 -7.316840979129518585e-02
1.152129433270908407e+02 1.075611686799612943e-01 -1.575944403621149306e-02 -3.395269292723012561e-02 -7.314885946242474790e-02
1.150628261720151357e+02 1.077002896816756788e-01 -1.575522741688303863e-02 -3.394360849627424404e-02 -7.312928764923420921e-02
1.149129029295931446e+02 1.078395906242866353e-01 -1.575100618062068303e-02 -3.393451411843580179e-02 -7.310969440613480919e-02
1.147631733493399366e+02 1.079790717405318401e-01 -1.574678033914698322e-02 -3.392540981897028407e-02 -7.309007978753787049e-02
1.146136371810937078e+02 1.081187332634503812e-01 -1.574254990418448227e-02 -3.391629562313314833e-02 -7.307044384785460478e-02
1.144642941750161214e+02 1.082585754263824945e-01 -1.573831488745574061e-02 -3.390717155617988671e-02 -7.305078664149632084e-02
1.143151440815915691e+02 1.083985984629702026e-01 -1.573407530068331173e-02 -3.389803764336596359e-02 -7.303110822287427195e-02
1.141661866516264610e+02 1.085388026071580081e-01 -1.572983115558974215e-02 -3.388889390994685030e-02 -7.301140864639972528e-02
1.140174216362494661e+02 1.086791880931926302e-01 -1.572558246389759579e-02 -3.387974038117803205e-02 -7.299168796648398960e-02
1.138688487869103909e+02 1.088197551556241288e-01 -1.572132923655931644e-02 -3.387057708065586287e-02 -7.297194623396383029e-02
1.137204678553803348e+02 1.089605040293056687e-01 -1.571707148617576544e-02 -3.386140403552803657e-02 -7.295218350732721180e-02
1.135722785937510793e+02 1.091014349493941715e-01 -1.571280922422756132e-02 -3.385222127052882335e-02 -7.293239983986249397e-02
1.134242807544343634e+02 1.092425481513509822e-01 -1.570854246218243364e-02 -3.384302881036468924e-02 -7.291259528479816787e-02
1.132764740901621110e+02 1.093838438709416466e-01 -1.570427121150811886e-02 -3.383382667974212804e-02 -7.289276989536271067e-02
1.131288583539852368e+02 1.095253223442370083e-01 -1.569999548367234307e-02 -3.382461490336759191e-02 -7.287292372478458569e-02
1.129814332992740162e+02 1.096669838076129583e-01 -1.569571529014282887e-02 -3.381539350594756077e-02 -7.285305682629229784e-02
1.128341986797172467e+02 1.098088284977511431e-01 -1.569143064238731969e-02 -3.380616251218852147e-02 -7.283316925311436596e-02
1.126871542493215941e+02 1.099508566516396169e-01 -1.568714155187353465e-02 -3.379692194679693312e-02 -7.281326105847922558e-02
1.125402997624119479e+02 1.100930685065725362e-01 -1.568284803006920330e-02 -3.378767183447927563e-02 -7.279333229561536778e-02
1.123936349736300713e+02 1.102354643001514228e-01 -1.567855008844205866e-02 -3.377841219994202199e-02 -7.277338301775129747e-02
1.122471596379350274e+02 1.103780442702847753e-01 -1.567424773845982680e-02 -3.376914306789165210e-02 -7.275341327811547798e-02
1.121008735106023551e+02 1.105208086551888458e-01 -1.566994099159024420e-02 -3.375986446303463895e-02 -7.273342312993642811e-02
1.119547763472234863e+02 1.106637576933882372e-01 -1.566562985930103347e-02 -3.375057641007743470e-02 -7.271341262644258341e-02
1.118088679037058597e+02 1.108068916237157364e-01 -1.566131435291175794e-02 -3.374127893340733014e-02 -7.269338182017474892e-02
1.116631479362719119e+02 1.109502106853133968e-01 -1.565699448345719488e-02 -3.373197205679800970e-02 -7.267333076235177325e-02
1.115176162014592478e+02 1.110937151176322746e-01 -1.565267026305925194e-02 -3.372265580636533977e-02 -7.265325950923860743e-02
1.113722724561199584e+02 1.112374051604331643e-01 -1.564834170293526172e-02 -3.371333020627632904e-02 -7.263316811290149166e-02
1.112271164574199105e+02 1.113812810537872511e-01 -1.564400881430256379e-02 -3.370399528069800005e-02 -7.261305662540666617e-02
1.110821479628390733e+02 1.115253430380758332e-01 -1.563967160837849771e-02 -3.369465105379737535e-02 -7.259292509882042665e-02
1.109373667301702540e+02 1.116695913539915291e-01 -1.563533009638038568e-02 -3.368529754974145668e-02 -7.257277358520899946e-02
1.107927725175194809e+02 1.118140262425379589e-01 -1.563098428952558114e-02 -3.367593479269728740e-02 -7.255260213663870805e-02
1.106483650833052081e+02 1.119586479450304650e-01 -1.562663419903141671e-02 -3.366656280683188313e-02 -7.253241080517579265e-02
1.105041441862576335e+02 1.121034567030968349e-01 -1.562227983611522326e-02 -3.365718161631224559e-02 -7.251219964288647957e-02
1.103601095854190817e+02 1.122484527586769254e-01 -1.561792121199434384e-02 -3.364779124530541121e-02 -7.249196870183709229e-02
1.102162610401426690e+02 1.123936363540239819e-01 -1.561355833788610585e-02 -3.363839171797838867e-02 -7.247171803409384327e-02
1.100725983100926868e+02 1.125390077317042353e-01 -1.560919122500785579e-02 -3.362898305849820052e-02 -7.245144769172302823e-02
1.099291211552438767e+02 1.126845671345976935e-01 -1.560481988457692974e-02 -3.361956529103186930e-02 -7.243115772679092901e-02
1.097858293358807344e+02 1.128303148058987793e-01 -1.560044432781065860e-02 -3.361013843974641063e-02 -7.241084819136375805e-02
1.096427226125977228e+02 1.129762509891161781e-01 -1.559606456541958244e-02 -3.360070252771697741e-02 -7.239051913515547054e-02
1.094998007462984901e+02 1.131223759280735458e-01 -1.559168060849118118e-02 -3.359125757883082986e-02 -7.237017060962955273e-02
1.093570634981953447e+02 1.132686898669101605e-01 -1.558729246910492243e-02 -3.358180361911237283e-02 -7.234980267085396044e-02
1.092145106298093395e+02 1.134151930500807287e-01 -1.558290015820284515e-02 -3.357234067213553386e-02 -7.232941536961712270e-02
1.090721419029692356e+02 1.135618857223564954e-01 -1.557850368672697612e-02 -3.356286876147419190e-02 -7.230900875670744077e-02
1.089299570798117429e+02 1.137087681288250218e-01 -1.557410306561935083e-02 -3.355338791070223287e-02 -7.228858288291331591e-02
1.087879559227808244e+02 1.138558405148908520e-01 -1.556969830582200474e-02 -3.354389814339357040e-02 -7.226813779902320489e-02
1.086461381946270279e+02 1.140031031262762340e-01 -1.556528941827696119e-02 -3.353439948312207652e-02 -7.224767355582548123e-02
1.085045036584076996e+02 1.141505562090208703e-01 -1.556087641392625738e-02 -3.352489195346166490e-02 -7.222719020410857393e-02
1.083630520774859463e+02 1.142982000094830558e-01 -1.555645930371192705e-02 -3.351537557798621447e-02 -7.220668779466089815e-02
1.082217832155307633e+02 1.144460347743394557e-01 -1.555203809857599179e-02 -3.350585038026961116e-02 -7.218616637827082738e-02
1.080806968365164948e+02 1.145940607505857717e-01 -1.554761280946049748e-02 -3.349631638388576860e-02 -7.216562600572684616e-02
1.079397927047220236e+02 1.147422781855374774e-01 -1.554318344730746745e-02 -3.348677361240856576e-02 -7.214506672781731411e-02
1.077990705847311261e+02 1.148906873268295270e-01 -1.553875002305893545e-02 -3.347722208941189548e-02 -7.212448859533064638e-02
1.076585302414313219e+02 1.150392884224175766e-01 -1.553431254765693173e-02 -3.346766183846966447e-02 -7.210389165905528586e-02
1.075181714400140578e+02 1.151880817205776925e-01 -1.552987103204348830e-02 -3.345809288315573782e-02 -7.208327596977960605e-02
1.073779939459741684e+02 1.153370674699070453e-01 -1.552542548716064237e-02 -3.344851524704404305e-02 -7.206264157829206374e-02
1.072379975251090656e+02 1.154862459193246593e-01 -1.552097592395041900e-02 -3.343892895370844526e-02 -7.204198853538103242e-02
1.070981819435190943e+02 1.156356173180711211e-01 -1.551652235258347244e-02 -3.342933402506096524e-02 -7.202131688825452738e-02
1.069585469676063525e+02 1.157851819157097867e-01 -1.551206478439557529e-02 -3.341973048552377562e-02 -7.200062668952850187e-02
1.068190923640749617e+02 1.159349399621264765e-01 -1.550760323076120183e-02 -3.341011835960244758e-02 -7.197991799199864038e-02
1.066798178999304412e+02 1.160848917075302245e-01 -1.550313770233319871e-02 -3.340049767024783067e-02 -7.195919084511104291e-02
1.065407233424789410e+02 1.162350374024540278e-01 -1.549866820976440046e-02 -3.339086844041077445e-02 -7.193844529831179557e-02
1.064018084593276114e+02 1.163853772977544582e-01 -1.549419476370765721e-02 -3.338123069304214235e-02 -7.191768140104703999e-02
1.062630730183833805e+02 1.165359116446130217e-01 -1.548971737481580520e-02 -3.337158445109277005e-02 -7.189689920276287616e-02
1.061245167878532953e+02 1.166866406945357426e-01 -1.548523605374168763e-02 -3.336192973751351404e-02 -7.187609875290541794e-02
1.059861395362437975e+02 1.168375646993539962e-01 -1.548075081113815116e-02 -3.335226657525525162e-02 -7.185528010092079310e-02
1.058479410323601257e+02 1.169886839112251331e-01 -1.547626165765803030e-02 -3.334259498726880461e-02 -7.183444329625510161e-02
1.057099210453064586e+02 1.171399985826322709e-01 -1.547176860395417866e-02 -3.333291499650505030e-02 -7.181358838835448510e-02
1.055720793444849051e+02 1.172915089663855159e-01 -1.546727166067942728e-02 -3.332322662591482437e-02 -7.179271542666500194e-02
1.054344156995957320e+02 1.174432153156216296e-01 -1.546277083848662630e-02 -3.331352989844898332e-02 -7.177182446063282151e-02
1.052969298806366680e+02 1.175951178838047784e-01 -1.545826614802861716e-02 -3.330382483705839058e-02 -7.175091553970404379e-02
1.051596216579022922e+02 1.177472169247272965e-01 -1.545375759995823786e-02 -3.329411146469388877e-02 -7.172998871332475490e-02
1.050224908019842616e+02 1.178995126925093534e-01 -1.544924520492833679e-02 -3.328438980430634131e-02 -7.170904403094112423e-02
1.048855370837702168e+02 1.180520054416001885e-01 -1.544472897359174500e-02 -3.327465987884658388e-02 -7.168808154199919624e-02
1.047487602744439954e+02 1.182046954267778754e-01 -1.544020891660131782e-02 -3.326492171126547992e-02 -7.166710129594512646e-02
1.046121601454850207e+02 1.183575829031500160e-01 -1.543568504360578152e-02 -3.325517532235060247e-02 -7.164610333756435412e-02
1.044757364686676624e+02 1.185106681261544614e-01 -1.543115736617661424e-02 -3.324542073703193323e-02 -7.162508772056694339e-02
1.043394890160613073e+02 1.186639513515591604e-01 -1.542662589504742790e-02 -3.323565797843432840e-02 -7.160405449477386108e-02
1.042034175600298482e+02 1.188174328354628523e-01 -1.542209064058807678e-02 -3.322588706889897936e-02 -7.158300370831775783e-02
1.040675218732309020e+02 1.189711128342958446e-01 -1.541755161316842038e-02 -3.321610803076707058e-02 -7.156193540933121489e-02
1.039318017286161080e+02 1.191249916048197077e-01 -1.541300882315832510e-02 -3.320632088637979346e-02 -7.154084964594691065e-02
1.037962568994300625e+02 1.192790694041285099e-01 -1.540846228092764524e-02 -3.319652565807831857e-02 -7.151974646629744026e-02
1.036608871592105316e+02 1.194333464896485536e-01 -1.540391199684624374e-02 -3.318672236820384425e-02 -7.149862591851544047e-02
1.035256922817878120e+02 1.195878231191390695e-01 -1.539935798128398182e-02 -3.317691103909756883e-02 -7.147748805073354805e-02
1.033906720412840770e+02 1.197424995506930073e-01 -1.539480024461071551e-02 -3.316709169310064903e-02 -7.145633291108435814e-02
1.032558262121136465e+02 1.198973760427367447e-01 -1.539023879719631123e-02 -3.315726435255430399e-02 -7.143516054770056301e-02
1.031211545689818649e+02 1.200524528540312941e-01 -1.538567364941062499e-02 -3.314742903979969735e-02 -7.141397100871473003e-02
1.029866568868853847e+02 1.202077302436720396e-01 -1.538110481162352321e-02 -3.313758577717803439e-02 -7.139276434225950985e-02
1.028523329411114986e+02 1.203632084710895139e-01 -1.537653229420486017e-02 -3.312773458703049262e-02 -7.137154059646755311e-02
1.027181825072374863e+02 1.205188877960500921e-01 -1.537195610752449537e-02 -3.311787549169825651e-02 -7.135029981947144107e-02
1.025842053611309126e+02 1.206747684786557001e-01 -1.536737626195229696e-02 -3.310800851352252439e-02 -7.132904205940385212e-02
1.024504012789484761e+02 1.208308507793451475e-01 -1.536279276785811575e-02 -3.309813367484445989e-02 -7.130776736439738139e-02
1.023167700371363082e+02 1.209871349588937384e-01 -1.535820563561181816e-02 -3.308825099800527525e-02 -7.128647578258465178e-02
1.021833114124293331e+02 1.211436212784140765e-01 -1.535361487436492575e-02 -3.307836050272131012e-02 -7.126516735644329581e-02
1.020500251818505291e+02 1.213003099993568562e-01 -1.534902049587660681e-02 -3.306846221432694494e-02 -7.124384214055452802e-02
1.019169111227113689e+02 1.214572013835104325e-01 -1.534442251028423493e-02 -3.305855615466246622e-02 -7.122250018197184840e-02
1.017839690126105552e+02 1.216142956930022501e-01 -1.533982092768059434e-02 -3.304864234547214008e-02 -7.120114152754185299e-02
1.016511986294343473e+02 1.217715931902984411e-01 -1.533521575815849185e-02 -3.303872080850024651e-02 -7.117976622411116561e-02
1.015185997513559499e+02 1.219290941382046162e-01 -1.533060701181072558e-02 -3.302879156549105855e-02 -7.115837431852642392e-02
1.013861721568348031e+02 1.220867987998666554e-01 -1.532599469873008498e-02 -3.301885463818884231e-02 -7.113696585763421010e-02
1.012539156246169085e+02 1.222447074387703198e-01 -1.532137882900937512e-02 -3.300891004833787779e-02 -7.111554088828113407e-02
1.011218299337337214e+02 1.224028203187426111e-01 -1.531675941274138544e-02 -3.299895781768242414e-02 -7.109409945731381963e-02
1.009899148635023494e+02 1.225611377039514810e-01 -1.531213646001891408e-02 -3.298899796796675443e-02 -7.107264161157889060e-02
1.008581701935250265e+02 1.227196598589064963e-01 -1.530750998093476437e-02 -3.297903052093515558e-02 -7.105116739792295688e-02
1.007265957036883748e+02 1.228783870484597279e-01 -1.530287998558172748e-02 -3.296905549833187982e-02 -7.102967686319261453e-02
1.005951911741636877e+02 1.230373195378053480e-01 -1.529824648405260674e-02 -3.295907292190122795e-02 -7.100817005423451511e-02
1.004639563854059503e+02 1.231964575924809485e-01 -1.529360948644018815e-02 -3.294908281338744527e-02 -7.098664701789524079e-02
1.003328911181538956e+02 1.233558014783672913e-01 -1.528896900283727676e-02 -3.293908519453480482e-02 -7.096510780102140148e-02
1.002019951534295643e+02 1.235153514616890019e-01 -1.528432504333667070e-02 -3.292908008708759354e-02 -7.094355245045963487e-02
1.000712682725375799e+02 1.236751078090153749e-01 -1.527967761803116463e-02 -3.291906751279007753e-02 -7.092198101305655089e-02
9.994071025706539046e+01 1.238350707872600542e-01 -1.527502673677285511e-02 -3.290904749286795855e-02 -7.090039353454151427e-02
9.981032088888227349e+01 1.239952406636823379e-01 -1.527037240896986052e-02 -3.289902004759040488e-02 -7.087879005858316317e-02
9.968009995013946423e+01 1.241556177058869143e-01 -1.526571464579568743e-02 -3.288898520103002154e-02 -7.085717063704430330e-02
9.955004722326967226e+01 1.243162021818245561e-01 -1.526105345707210771e-02 -3.287894297434715285e-02 -7.083553531551357862e-02
9.942016249098637104e+01 1.244769943597929251e-01 -1.525638885262087067e-02 -3.286889338870212923e-02 -7.081388413957950823e-02
9.929044553628392578e+01 1.246379945084364338e-01 -1.525172084226375166e-02 -3.285883646525532276e-02 -7.079221715483069444e-02
9.916089614243709605e+01 1.247992028967468831e-01 -1.524704943582251039e-02 -3.284877222516707079e-02 -7.077053440685576735e-02
9.903151409300026842e+01 1.249606197940643926e-01 -1.524237464311890312e-02 -3.283870068959771765e-02 -7.074883594124325992e-02
9.890229917180779751e+01 1.251222454700769426e-01 -1.523769647397470346e-02 -3.282862187970761458e-02 -7.072712180358178835e-02
9.877325116297288332e+01 1.252840801948218730e-01 -1.523301493821166940e-02 -3.281853581665710590e-02 -7.070539203945992723e-02
9.864436985088795495e+01 1.254461242386853137e-01 -1.522833004565156585e-02 -3.280844252160654978e-02 -7.068364669446627890e-02
9.851565502022381793e+01 1.256083778724032818e-01 -1.522364180611615603e-02 -3.279834201571628360e-02 -7.066188581418941794e-02
9.838710645592928472e+01 1.257708413670621528e-01 -1.521895022942720312e-02 -3.278823432014665862e-02 -7.064010944421793281e-02
9.825872394323121739e+01 1.259335149940985776e-01 -1.521425532540647552e-02 -3.277811945605803301e-02 -7.061831763014043972e-02
9.813050726763361808e+01 1.260963990253007039e-01 -1.520955710387572428e-02 -3.276799744461073027e-02 -7.059651041754547163e-02
9.800245621491778536e+01 1.262594937328078981e-01 -1.520485557465672127e-02 -3.275786830696510860e-02 -7.057468785202164474e-02
9.787457057114178838e+01 1.264227993891114399e-01 -1.520015074757123490e-02 -3.274773206428153310e-02 -7.055284997915756140e-02
9.774685012263969952e+01 1.265863162670555209e-01 -1.519544263244101794e-02 -3.273758873772033423e-02 -7.053099684454178231e-02
9.761929465602207756e+01 1.267500446398366343e-01 -1.519073123859144593e-02 -3.272743834737241314e-02 -7.050912849145886396e-02
9.749190395817461763e+01 1.269139847810052124e-01 -1.518601657574738736e-02 -3.271728091418936446e-02 -7.048724496504762960e-02
9.736467781625867701e+01 1.270781369644650716e-01 -1.518129865442070098e-02 -3.270711646081830848e-02 -7.046534631409981375e-02
9.723761601771053620e+01 1.272425014644743280e-01 -1.517657748416795412e-02 -3.269694500784824098e-02 -7.044343258297308674e-02
9.711071835024073096e+01 1.274070785556462027e-01 -1.517185307454569677e-02 -3.268676657586813694e-02 -7.042150381602500786e-02
9.698398460183443603e+01 1.275718685129485774e-01 -1.516712543511049803e-02 -3.267658118546698520e-02 -7.039956005761323354e-02
9.685741456075029987e+01 1.277368716117054936e-01 -1.516239457541891135e-02 -3.266638885723375380e-02 -7.037760135209539247e-02
9.673100801552077144e+01 1.279020881275967358e-01 -1.515766050502750061e-02 -3.265618961175744545e-02 -7.035562774382907170e-02
9.660476475495144655e+01 1.280675183366586645e-01 -1.515292323349283141e-02 -3.264598346962705594e-02 -7.033363927717195541e-02
9.647868456812045679e+01 1.282331625152850485e-01 -1.514818277037145201e-02 -3.263577045143153249e-02 -7.031163599648160289e-02
9.635276724437882478e+01 1.283990209402265659e-01 -1.514343912521993150e-02 -3.262555057775990558e-02 -7.028961794611569835e-02
9.622701257334919944e+01 1.285650938885924688e-01 -1.513869230759482681e-02 -3.261532386920112242e-02 -7.026758517043181496e-02
9.610142034492632490e+01 1.287313816378499731e-01 -1.513394232705269835e-02 -3.260509034634417880e-02 -7.024553771378759526e-02
9.597599034927632999e+01 1.288978844658252021e-01 -1.512918919315011171e-02 -3.259485002977808438e-02 -7.022347562054068182e-02
9.585072237683613139e+01 1.290646026507039912e-01 -1.512443291544361690e-02 -3.258460294009178637e-02 -7.020139893504864781e-02
9.572561621831370360e+01 1.292315364710314718e-01 -1.511967350348978473e-02 -3.257434909787429445e-02 -7.017930770166919130e-02
9.560067166468702737e+01 1.293986862057135423e-01 -1.511491096684516866e-02 -3.256408852371459051e-02 -7.015720196475985770e-02
9.547588850720430287e+01 1.295660521340165350e-01 -1.511014531506633084e-02 -3.255382123820164952e-02 -7.013508176867831734e-02
9.535126653738343805e+01 1.297336345355679377e-01 -1.510537655698346651e-02 -3.254354726035955242e-02 -7.011294715441070136e-02
9.522680554701138078e+01 1.299014336903572542e-01 -1.510060470257886846e-02 -3.253326661169450573e-02 -7.009079816829068277e-02
9.510250532814433200e+01 1.300694498787356990e-01 -1.509582976175051494e-02 -3.252297931353105576e-02 -7.006863485626063648e-02
9.497836567310683620e+01 1.302376833814175294e-01 -1.509105174379548990e-02 -3.251268538589915241e-02 -7.004645726147379348e-02
9.485438637449189514e+01 1.304061344794797406e-01 -1.508627065801089288e-02 -3.250238484882879419e-02 -7.002426542708345414e-02
9.473056722516042782e+01 1.305748034543629255e-01 -1.508148651369380783e-02 -3.249207772234995184e-02 -7.000205939624289109e-02
9.460690801824071627e+01 1.307436905878719691e-01 -1.507669932014132907e-02 -3.248176402649258915e-02 -6.997983921210534919e-02
9.448340854712854764e+01 1.309127961621758540e-01 -1.507190908665055097e-02 -3.247144378128670461e-02 -6.995760491782417045e-02
9.436006860548631892e+01 1.310821204598089096e-01 -1.506711582251855745e-02 -3.246111700676225509e-02 -6.993535655655254424e-02
9.423688798724315063e+01 1.312516637636706174e-01 -1.506231953704244633e-02 -3.245078372294922520e-02 -6.991309417144381255e-02
9.411386648659438947e+01 1.314214263570263330e-01 -1.505752023951930849e-02 -3.244044394987759261e-02 -6.989081780565122026e-02
9.399100389800096877e+01 1.315914085235081465e-01 -1.505271793924622958e-02 -3.243009770757732113e-02 -6.986852750232803999e-02
9.386830001618957908e+01 1.317616105471146326e-01 -1.504791264552030224e-02 -3.241974501607838843e-02 -6.984622330462755824e-02
9.374575463615205706e+01 1.319320327122117387e-01 -1.504310436763862599e-02 -3.240938589541079301e-02 -6.982390525570306150e-02
9.362336755314480286e+01 1.321026753035335621e-01 -1.503829311489828131e-02 -3.239902036560448478e-02 -6.980157339870778077e-02
9.350113856268906432e+01 1.322735386061819340e-01 -1.503347889659636775e-02 -3.238864844668945531e-02 -6.977922777679505806e-02
9.337906746056985696e+01 1.324446229056280011e-01 -1.502866172202996925e-02 -3.237827015869567532e-02 -6.975686843311809660e-02
9.325715404283624821e+01 1.326159284877117261e-01 -1.502384160049618535e-02 -3.236788552165310862e-02 -6.973449541083021064e-02
9.313539810580076050e+01 1.327874556386428317e-01 -1.501901854035864008e-02 -3.235749455358068183e-02 -6.971210874875195806e-02
9.301379944603876027e+01 1.329592046450015497e-01 -1.501419255180547370e-02 -3.234709727642804539e-02 -6.968970849417244207e-02
9.289235786038875631e+01 1.331311757937382878e-01 -1.500936364416396128e-02 -3.233669371029020828e-02 -6.966729469038503153e-02
9.277107314595131982e+01 1.333033693721751289e-01 -1.500453182647726660e-02 -3.232628387465007885e-02 -6.964486737936442795e-02
9.264994510008936857e+01 1.334757856680053867e-01 -1.499969710778857254e-02 -3.231586778899061402e-02 -6.962242660308531894e-02
9.252897352042759849e+01 1.336484249692944937e-01 -1.499485949714106023e-02 -3.230544547279474293e-02 -6.959997240352246151e-02
9.240815820485187260e+01 1.338212875644808064e-01 -1.499001900357790039e-02 -3.229501694554539476e-02 -6.957750482265051550e-02
9.228749895150943416e+01 1.339943737423753001e-01 -1.498517563614227416e-02 -3.228458222672551253e-02 -6.955502390244423794e-02
9.216699555880798300e+01 1.341676837921629561e-01 -1.498032940387735226e-02 -3.227414133581801153e-02 -6.953252968487828867e-02
9.204664782541580337e+01 1.343412180034024850e-01 -1.497548031582631410e-02 -3.226369429230584174e-02 -6.951002221192738306e-02
9.192645555026133763e+01 1.345149766660270196e-01 -1.497062838103234254e-02 -3.225324111567193230e-02 -6.948750152556626425e-02
9.180641853253240470e+01 1.346889600703451706e-01 -1.496577360853860658e-02 -3.224278182539921239e-02 -6.946496766776961984e-02
9.168653657167666893e+01 1.348631685070404707e-01 -1.496091600738828735e-02 -3.223231644097063198e-02 -6.944242068051215133e-02
9.156680946740044647e+01 1.350376022671729292e-01 -1.495605558662455904e-02 -3.222184498186909940e-02 -6.941986060576856021e-02
9.144723701966907470e+01 1.352122616421786716e-01 -1.495119235529059586e-02 -3.221136746757755770e-02 -6.939728748551356186e-02
9.132781902870620172e+01 1.353871469238707992e-01 -1.494632632242958586e-02 -3.220088391757896379e-02 -6.937470136172189938e-02
9.120855529499340264e+01 1.355622584044401113e-01 -1.494145749708469112e-02 -3.219039435135621907e-02 -6.935210227636823266e-02
9.108944561927023642e+01 1.357375963764549387e-01 -1.493658588829910143e-02 -3.217989878839227352e-02 -6.932949027142730480e-02
9.097048980253335060e+01 1.359131611328624756e-01 -1.493171150399710302e-02 -3.216939724575950538e-02 -6.930686538368041605e-02
9.085168764603666602e+01 1.360889529669884745e-01 -1.492683435452559458e-02 -3.215888974574961784e-02 -6.928422766115359399e-02
9.073303895129089369e+01 1.362649721725380236e-01 -1.492195444868056435e-02 -3.214837630731299384e-02 -6.926157714467423565e-02
9.061454352006282420e+01 1.364412190435965455e-01 -1.491707179525685739e-02 -3.213785694939755994e-02 -6.923891387506433959e-02
9.049620115437571144e+01 1.366176938746292424e-01 -1.491218640304932050e-02 -3.212733169095122882e-02 -6.921623789314602926e-02
9.037801165650817836e+01 1.367943969604827614e-01 -1.490729828085279873e-02 -3.211680055092193398e-02 -6.919354923974131710e-02
9.025997482899447277e+01 1.369713285963847227e-01 -1.490240743746214583e-02 -3.210626354825759504e-02 -6.917084795567231270e-02
9.014209047462398416e+01 1.371484890779445243e-01 -1.489751388167221205e-02 -3.209572070190615245e-02 -6.914813408176108400e-02
9.002435839644054738e+01 1.373258787011543969e-01 -1.489261762227783205e-02 -3.208517203081551195e-02 -6.912540765882967120e-02
8.990677839774276947e+01 1.375034977623888210e-01 -1.488771866807387170e-02 -3.207461755393361397e-02 -6.910266872770018387e-02
8.978935028208300650e+01 1.376813465584061646e-01 -1.488281702785516220e-02 -3.206405729020837814e-02 -6.907991732919463446e-02
8.967207385326760516e+01 1.378594253863482111e-01 -1.487791271041655899e-02 -3.205349125858771714e-02 -6.905715350413511866e-02
8.955494891535639113e+01 1.380377345437410752e-01 -1.487300572455291410e-02 -3.204291947801958529e-02 -6.903437729334373218e-02
8.943797527266198699e+01 1.382162743284961470e-01 -1.486809607905906390e-02 -3.203234196745188139e-02 -6.901158873764248747e-02
8.932115272975008224e+01 1.383950450389096476e-01 -1.486318378272986906e-02 -3.202175874583253895e-02 -6.898878787785349409e-02
8.920448109143879378e+01 1.385740469736637115e-01 -1.485826884436017119e-02 -3.201116983210949146e-02 -6.896597475479880612e-02
8.908796016279814012e+01 1.387532804318271085e-01 -1.485335127274481706e-02 -3.200057524523065855e-02 -6.894314940930049151e-02
8.897158974915026874e+01 1.389327457128549381e-01 -1.484843107642771359e-02 -3.198997500360332980e-02 -6.892031188101585548e-02
8.885536965606841875e+01 1.391124431165901565e-01 -1.484350826366909182e-02 -3.197936912502361700e-02 -6.889746220828545098e-02
8.873929968937730450e+01 1.392923729432631319e-01 -1.483858284418151235e-02 -3.196875763041662211e-02 -6.887460043619104966e-02
8.862337965515236249e+01 1.394725354934925887e-01 -1.483365482651699020e-02 -3.195814053820708600e-02 -6.885172660442755166e-02
8.850760935971942445e+01 1.396529310682863567e-01 -1.482872421922752128e-02 -3.194751786681972877e-02 -6.882884075268981550e-02
8.839198860965468896e+01 1.398335599690412323e-01 -1.482379103086512058e-02 -3.193688963467931213e-02 -6.880594292067279683e-02
8.827651721178396826e+01 1.400144224975442275e-01 -1.481885526998178403e-02 -3.192625586021054923e-02 -6.878303314807132640e-02
8.816119497318283038e+01 1.401955189559723480e-01 -1.481391694512952661e-02 -3.191561656183819484e-02 -6.876011147458033212e-02
8.804602170117600224e+01 1.403768496468935090e-01 -1.480897606486035120e-02 -3.190497175798698987e-02 -6.873717793989471414e-02
8.793099720333692915e+01 1.405584148732672289e-01 -1.480403263772625891e-02 -3.189432146708166133e-02 -6.871423258370933096e-02
8.781612128748791690e+01 1.407402149384444356e-01 -1.479908667227926300e-02 -3.188366570754695012e-02 -6.869127544571912436e-02
8.770139376169917966e+01 1.409222501461689370e-01 -1.479413817707136633e-02 -3.187300449780760409e-02 -6.866830656561895285e-02
8.758681443428909574e+01 1.411045208005770046e-01 -1.478918716065457002e-02 -3.186233785628834331e-02 -6.864532598310371658e-02
8.747238311382365339e+01 1.412870272061982901e-01 -1.478423363158088907e-02 -3.185166580141392256e-02 -6.862233373786834345e-02
8.735809960911588234e+01 1.414697696679567129e-01 -1.477927759840232287e-02 -3.184098835160906887e-02 -6.859932986960770585e-02
8.724396372922612386e+01 1.416527484911700441e-01 -1.477431906967087948e-02 -3.183030552529853008e-02 -6.857631441801669003e-02
8.712997528346102172e+01 1.418359639815514883e-01 -1.476935805393856348e-02 -3.181961734090703320e-02 -6.855328742279019616e-02
8.701613408137376382e+01 1.420194164452092955e-01 -1.476439455975738120e-02 -3.180892381685931913e-02 -6.853024892362311049e-02
8.690243993276358481e+01 1.422031061886476211e-01 -1.475942859520290931e-02 -3.179822497055369984e-02 -6.850719895799896320e-02
8.678889264767514078e+01 1.423870335187674696e-01 -1.475446016881214704e-02 -3.178752082038256710e-02 -6.848413756554297405e-02
8.667549203639880773e+01 1.425711987428662231e-01 -1.474948928970879446e-02 -3.177681138600235711e-02 -6.846106478860361499e-02
8.656223790946965835e+01 1.427556021686393339e-01 -1.474451596620737250e-02 -3.176609668532613673e-02 -6.843798066577345962e-02
8.644913007766780311e+01 1.429402441041797145e-01 -1.473954020662239343e-02 -3.175537673626700058e-02 -6.841488523564508151e-02
8.633616835201770812e+01 1.431251248579789026e-01 -1.473456201926837995e-02 -3.174465155673804329e-02 -6.839177853681106811e-02
8.622335254378776881e+01 1.433102447389277279e-01 -1.472958141245984433e-02 -3.173392116465231783e-02 -6.836866060786395138e-02
8.611068246449046626e+01 1.434956040563160895e-01 -1.472459839451131097e-02 -3.172318557792294658e-02 -6.834553148739634654e-02
8.599815792588138663e+01 1.436812031198344553e-01 -1.471961297373728869e-02 -3.171244481446298946e-02 -6.832239121400078552e-02
8.588577873995964751e+01 1.438670422395733617e-01 -1.471462515845229670e-02 -3.170169889218553416e-02 -6.829923982626984191e-02
8.577354471896710209e+01 1.440531217260245245e-01 -1.470963495697086114e-02 -3.169094782900366836e-02 -6.827607736279611705e-02
8.566145567538792704e+01 1.442394418900816155e-01 -1.470464237760748562e-02 -3.168019164283047973e-02 -6.825290386217215677e-02
8.554951142194884994e+01 1.444260030430398745e-01 -1.469964742867669628e-02 -3.166943035157905595e-02 -6.822971936299054851e-02
8.543771177161821129e+01 1.446128054965977183e-01 -1.469465011849300715e-02 -3.165866397316246389e-02 -6.820652390384383812e-02
8.532605653760614928e+01 1.447998495628563254e-01 -1.468965045537093915e-02 -3.164789252549380510e-02 -6.818331752332461304e-02
8.521454553336408821e+01 1.449871355543205509e-01 -1.468464844762500630e-02 -3.163711602648616034e-02 -6.816010026002544686e-02
8.510317857258421270e+01 1.451746637838998155e-01 -1.467964410356972435e-02 -3.162633449405261032e-02 -6.813687215253889928e-02
8.499195546919958133e+01 1.453624345649079108e-01 -1.467463743151961424e-02 -3.161554794610623581e-02 -6.811363323945754389e-02
8.488087603738364351e+01 1.455504482110638320e-01 -1.466962843911064941e-02 -3.160475639909825218e-02 -6.809038355622444583e-02
8.476994009154958576e+01 1.457387050364927494e-01 -1.466461713510321466e-02 -3.159395987190234678e-02 -6.806712314350168991e-02
8.465914744635071543e+01 1.459272053557256199e-01 -1.465960352807518796e-02 -3.158315838299897982e-02 -6.804385204110428853e-02
8.454849791667936643e+01 1.461159494837007411e-01 -1.465458762610885243e-02 -3.157235194980090309e-02 -6.802057028654684423e-02
8.443799131766728294e+01 1.463049377357633352e-01 -1.464956943728649985e-02 -3.156154058972089615e-02 -6.799727791734405669e-02
8.432762746468499415e+01 1.464941704276664924e-01 -1.464454896969042200e-02 -3.155072432017171774e-02 -6.797397497101057007e-02
8.421740617334127421e+01 1.466836478755721429e-01 -1.463952623140289851e-02 -3.153990315856613352e-02 -6.795066148506104242e-02
8.410732725948341226e+01 1.468733703960505843e-01 -1.463450123050622637e-02 -3.152907712231689530e-02 -6.792733749701015955e-02
8.399739053919623188e+01 1.470633383060821198e-01 -1.462947397508268521e-02 -3.151824622883676874e-02 -6.790400304437252399e-02
8.388759582880243215e+01 1.472535519230565859e-01 -1.462444447321456682e-02 -3.150741049553851952e-02 -6.788065816466284930e-02
8.377794294486186288e+01 1.474440115647744354e-01 -1.461941273298416645e-02 -3.149656993983491332e-02 -6.785730289539577964e-02
8.366843170417121200e+01 1.476347175494474584e-01 -1.461437876247376200e-02 -3.148572457913870193e-02 -6.783393727408593143e-02
8.355906192376409081e+01 1.478256701956985331e-01 -1.460934256976564871e-02 -3.147487443086265796e-02 -6.781056133824805987e-02
8.344983342091009604e+01 1.480168698225632351e-01 -1.460430416294210970e-02 -3.146401951241953321e-02 -6.778717512539671197e-02
8.334074601311515096e+01 1.482083167494893383e-01 -1.459926355008543675e-02 -3.145315984122209335e-02 -6.776377867304661518e-02
8.323179951812090849e+01 1.484000112963377582e-01 -1.459422073927791816e-02 -3.144229543468311100e-02 -6.774037201871241365e-02
8.312299375390421119e+01 1.485919537833835791e-01 -1.458917573860184051e-02 -3.143142631021533101e-02 -6.771695519990876544e-02
8.301432853867734707e+01 1.487841445313155542e-01 -1.458412855613949732e-02 -3.142055248523153987e-02 -6.769352825415032859e-02
8.290580369088708323e+01 1.489765838612378546e-01 -1.457907919911335774e-02 -3.140967397529206839e-02 -6.767009121496088409e-02
8.279741902921500696e+01 1.491692720946694029e-01 -1.457402767645985669e-02 -3.139879079964988384e-02 -6.764664412381965475e-02
8.268917437257682934e+01 1.493622095535451499e-01 -1.456897399625011955e-02 -3.138790297569369475e-02 -6.762318701818949285e-02
8.258106954012203005e+01 1.495553965602167135e-01 -1.456391816633940094e-02 -3.137701052034714416e-02 -6.759971993453124661e-02
8.247310435123397099e+01 1.497488334374521834e-01 -1.455886019458297112e-02 -3.136611345053389593e-02 -6.757624290930588917e-02
8.236527862552901524e+01 1.499425205084376211e-01 -1.455380008883609515e-02 -3.135521178317758617e-02 -6.755275597897426876e-02
8.225759218285676866e+01 1.501364580967767259e-01 -1.454873785695403460e-02 -3.134430553520189261e-02 -6.752925917999734462e-02
8.215004484329952561e+01 1.503306465264917513e-01 -1.454367350679206146e-02 -3.133339472353047217e-02 -6.750575254883602050e-02
8.204263642717182847e+01 1.505250861220243930e-01 -1.453860704620543558e-02 -3.132247936508696790e-02 -6.748223612195121401e-02
8.193536675502055289e+01 1.507197772082355114e-01 -1.453353848304942894e-02 -3.131155947679505058e-02 -6.745870993580382891e-02
8.182823564762409774e+01 1.509147201104066860e-01 -1.452846782517930313e-02 -3.130063507557836328e-02 -6.743517402685476891e-02
8.172124292599262674e+01 1.511099151542397434e-01 -1.452339508045032146e-02 -3.128970617836056289e-02 -6.741162843156496554e-02
8.161438841136748579e+01 1.513053626658578399e-01 -1.451832025671775418e-02 -3.127877280206533411e-02 -6.738807318639533639e-02
8.150767192522070559e+01 1.515010629718063495e-01 -1.451324336183686288e-02 -3.126783496361629222e-02 -6.736450832780675746e-02
8.140109328925524323e+01 1.516970163990524201e-01 -1.450816440366291780e-02 -3.125689267993712189e-02 -6.734093389226018800e-02
8.129465232540404429e+01 1.518932232749866940e-01 -1.450308339005117880e-02 -3.124594596795146964e-02 -6.731734991621650399e-02
8.118834885583035543e+01 1.520896839274228085e-01 -1.449800032885691439e-02 -3.123499484458299238e-02 -6.729375643613665081e-02
8.108218270292705654e+01 1.522863986845984507e-01 -1.449291522790217140e-02 -3.122403932668378276e-02 -6.727015348832730834e-02
8.097615368931629121e+01 1.524833678751762178e-01 -1.448782809411676940e-02 -3.121307942918367592e-02 -6.724654110495389969e-02
8.087026163784950938e+01 1.526805918282434504e-01 -1.448273893647379976e-02 -3.120211517141462110e-02 -6.722291932766578937e-02
8.076450637160704105e+01 1.528780708733130655e-01 -1.447764776260661128e-02 -3.119114656982216807e-02 -6.719928819189387170e-02
8.065888771389751355e+01 1.530758053403246111e-01 -1.447255458014853544e-02 -3.118017364085182500e-02 -6.717564773306890225e-02
8.055340548825802216e+01 1.532737955596438773e-01 -1.446745939673291757e-02 -3.116919640094914512e-02 -6.715199798662177533e-02
8.044805951845341951e+01 1.534720418620644511e-01 -1.446236221999309436e-02 -3.115821486655964700e-02 -6.712833898798326038e-02
8.034284962847634404e+01 1.536705445788073832e-01 -1.445726305756240941e-02 -3.114722905412887002e-02 -6.710467077258421009e-02
8.023777564254683625e+01 1.538693040415221314e-01 -1.445216191707420633e-02 -3.113623898010235702e-02 -6.708099337585547717e-02
8.013283738511177035e+01 1.540683205822875046e-01 -1.444705880616181659e-02 -3.112524466092562656e-02 -6.705730683322784491e-02
8.002803468084506733e+01 1.542675945336112742e-01 -1.444195373245859247e-02 -3.111424611304422841e-02 -6.703361118013217990e-02
7.992336735464685660e+01 1.544671262284318947e-01 -1.443684670359786371e-02 -3.110324335290368114e-02 -6.700990645199929319e-02
7.981883523164363226e+01 1.546669160001179766e-01 -1.443173772721297390e-02 -3.109223639694952412e-02 -6.698619268425999584e-02
7.971443813718781257e+01 1.548669641824693133e-01 -1.442662681093727015e-02 -3.108122526162730020e-02 -6.696246991234516832e-02
7.961017589685721418e+01 1.550672711097178524e-01 -1.442151396240408563e-02 -3.107020996338252794e-02 -6.693873817168556617e-02
7.950604833645517999e+01 1.552678371165273352e-01 -1.441639918924676571e-02 -3.105919051866075364e-02 -6.691499749771209760e-02
7.940205528200988283e+01 1.554686625379948506e-01 -1.441128249909864531e-02 -3.104816694390749934e-02 -6.689124792585551815e-02
7.929819655977433968e+01 1.556697477096505300e-01 -1.440616389959306631e-02 -3.103713925556830094e-02 -6.686748949154669441e-02
7.919447199622607059e+01 1.558710929674584911e-01 -1.440104339810745898e-02 -3.102610746953734719e-02 -6.684372222902859595e-02
7.909088141806648764e+01 1.560726986478177813e-01 -1.439592100186496207e-02 -3.101507160137642605e-02 -6.681994617182809848e-02
7.898742465222117914e+01 1.562745650875619896e-01 -1.439079671927530682e-02 -3.100403166920373543e-02 -6.679616135897965823e-02
7.888410152583900015e+01 1.564766926239609668e-01 -1.438567055775486110e-02 -3.099298768899738654e-02 -6.677236782490707234e-02
7.878091186629227138e+01 1.566790815947203541e-01 -1.438054252472002921e-02 -3.098193967673551485e-02 -6.674856560403419348e-02
7.867785550117633875e+01 1.568817323379825823e-01 -1.437541262758719289e-02 -3.097088764839624198e-02 -6.672475473078484653e-02
7.857493225830904748e+01 1.570846451923278431e-01 -1.437028087377274430e-02 -3.095983161995768604e-02 -6.670093523958285642e-02
7.847214196573089851e+01 1.572878204967737281e-01 -1.436514727069307211e-02 -3.094877160739798599e-02 -6.667710716485203415e-02
7.836948445170428101e+01 1.574912585907768392e-01 -1.436001182576455634e-02 -3.093770762669524610e-02 -6.665327054101621851e-02
7.826695954471361460e+01 1.576949598142324271e-01 -1.435487454640359609e-02 -3.092663969382760530e-02 -6.662942540249923440e-02
7.816456707346485189e+01 1.578989245074754189e-01 -1.434973544002658002e-02 -3.091556782477319909e-02 -6.660557178372492060e-02
7.806230686688503795e+01 1.581031530112812777e-01 -1.434459451404988643e-02 -3.090449203551012478e-02 -6.658170971911707425e-02
7.796017875412248088e+01 1.583076456668657261e-01 -1.433945177588991614e-02 -3.089341234201653172e-02 -6.655783924309954802e-02
7.785818256454585651e+01 1.585124028158863552e-01 -1.433430723296304742e-02 -3.088232876027052418e-02 -6.653396039009615293e-02
7.775631812774453522e+01 1.587174248004422361e-01 -1.432916089268567415e-02 -3.087124130625024804e-02 -6.651007319453072775e-02
7.765458527352797091e+01 1.589227119630749196e-01 -1.432401276247418850e-02 -3.086014999593382144e-02 -6.648617769082711126e-02
7.755298383192523204e+01 1.591282646467694351e-01 -1.431886284974496701e-02 -3.084905484529935210e-02 -6.646227391340908675e-02
7.745151363318527160e+01 1.593340831949538738e-01 -1.431371116191441396e-02 -3.083795587032498939e-02 -6.643836189670052073e-02
7.735017450777600345e+01 1.595401679515010551e-01 -1.430855770594332242e-02 -3.082685308600731713e-02 -6.641444167301059631e-02
7.724896628638455809e+01 1.597465192607281648e-01 -1.430340248929614679e-02 -3.081574650842801646e-02 -6.639051327698620997e-02
7.714788879991677106e+01 1.599531374673977546e-01 -1.429824551986092103e-02 -3.080463615458133020e-02 -6.636657674524039374e-02
7.704694187949668560e+01 1.601600229167186862e-01 -1.429308680484189104e-02 -3.079352203998834275e-02 -6.634263211121226023e-02
7.694612535646670892e+01 1.603671759543459086e-01 -1.428792635144331309e-02 -3.078240418017015589e-02 -6.631867940834104691e-02
7.684543906238711486e+01 1.605745969263814299e-01 -1.428276416686944696e-02 -3.077128259064787139e-02 -6.629471867006593577e-02
7.674488282903553227e+01 1.607822861793753999e-01 -1.427760025832453677e-02 -3.076015728694256324e-02 -6.627074992982609491e-02
7.664445648840720082e+01 1.609902440603254992e-01 -1.427243463301284404e-02 -3.074902828457534709e-02 -6.624677322106070632e-02
7.654415987271404731e+01 1.611984709166789653e-01 -1.426726729813861810e-02 -3.073789559906730043e-02 -6.622278857720895195e-02
7.644399281438499827e+01 1.614069670963318437e-01 -1.426209826090611005e-02 -3.072675924593952154e-02 -6.619879603171002769e-02
7.634395514606541155e+01 1.616157329476302362e-01 -1.425692752851958137e-02 -3.071561924071311220e-02 -6.617479561800311549e-02
7.624404670061663580e+01 1.618247688193712175e-01 -1.425175510818327620e-02 -3.070447559890914987e-02 -6.615078736952736960e-02
7.614426731111615254e+01 1.620340750608023905e-01 -1.424658100710145779e-02 -3.069332833604875022e-02 -6.612677131972201361e-02
7.604461681085683722e+01 1.622436520216237466e-01 -1.424140523247837027e-02 -3.068217746765298376e-02 -6.610274750202620175e-02
7.594509503334710132e+01 1.624535000519870265e-01 -1.423622779151827514e-02 -3.067102300924295921e-02 -6.607871594987912989e-02
7.584570181231039498e+01 1.626636195024969700e-01 -1.423104869142542347e-02 -3.065986497633977140e-02 -6.605467669671999387e-02
7.574643698168479489e+01 1.628740107242121482e-01 -1.422586793940406290e-02 -3.064870338446450126e-02 -6.603062977598793404e-02
7.564730037562308951e+01 1.630846740686446861e-01 -1.422068554265846010e-02 -3.063753824913826446e-02 -6.600657522112217401e-02
7.554829182849212543e+01 1.632956098877618722e-01 -1.421550150775937292e-02 -3.062636958451733435e-02 -6.598251306262151172e-02
7.544941117487283577e+01 1.635068185339858260e-01 -1.421031584236600274e-02 -3.061519740710296617e-02 -6.595844333603680110e-02
7.535065824955982805e+01 1.637183003601945241e-01 -1.420512855388171396e-02 -3.060402173284520674e-02 -6.593436607573140151e-02
7.525203288756095787e+01 1.639300557197227726e-01 -1.419993964930344604e-02 -3.059284257681852554e-02 -6.591028131418222302e-02
7.515353492409744263e+01 1.641420849663617620e-01 -1.419474913562814716e-02 -3.058165995409737117e-02 -6.588618908386624506e-02
7.505516419460307986e+01 1.643543884543609557e-01 -1.418955701985275333e-02 -3.057047387975619923e-02 -6.586208941726034993e-02
7.495692053472450311e+01 1.645669665384274505e-01 -1.418436330897420924e-02 -3.055928436886947222e-02 -6.583798234684148931e-02
7.485880378032055660e+01 1.647798195737272542e-01 -1.417916800998946653e-02 -3.054809143651165265e-02 -6.581386790508662876e-02
7.476081376746198259e+01 1.649929479158860901e-01 -1.417397112989545772e-02 -3.053689509775718916e-02 -6.578974612447265058e-02
7.466295033243149248e+01 1.652063519209891473e-01 -1.416877267568913620e-02 -3.052569536768054079e-02 -6.576561703747653420e-02
7.456521331172308464e+01 1.654200319455826629e-01 -1.416357265436743278e-02 -3.051449226135616311e-02 -6.574148067657518968e-02
7.446760254204207286e+01 1.656339883466736995e-01 -1.415837107292730254e-02 -3.050328579385851863e-02 -6.571733707424552706e-02
7.437011786030478788e+01 1.658482214817310341e-01 -1.415316793836568499e-02 -3.049207598026206292e-02 -6.569318626296453967e-02
7.427275910363796640e+01 1.660627317086862120e-01 -1.414796325767951612e-02 -3.048086283564124810e-02 -6.566902827520910979e-02
7.417552610937903523e+01 1.662775193859331868e-01 -1.414275703786575106e-02 -3.046964637507053666e-02 -6.564486314345620299e-02
7.407841871507525866e+01 1.664925848723300406e-01 -1.413754928592132233e-02 -3.045842661362438419e-02 -6.562069090018271544e-02
7.398143675848393741e+01 1.667079285271985678e-01 -1.413234000884318158e-02 -3.044720356637724626e-02 -6.559651157786562659e-02
7.388458007757198232e+01 1.669235507103252747e-01 -1.412712921362827001e-02 -3.043597724840359231e-02 -6.557232520898184647e-02
7.378784851051536009e+01 1.671394517819625170e-01 -1.412191690648162586e-02 -3.042474767307176003e-02 -6.554813182233262814e-02
7.369124189569939176e+01 1.673556321028280003e-01 -1.411670309521379299e-02 -3.041351485720905634e-02 -6.552393145417127751e-02
7.359476007171784318e+01 1.675720920341065567e-01 -1.411148778677858220e-02 -3.040227881579702154e-02 -6.549972413677455918e-02
7.349840287737322342e+01 1.677888319374497561e-01 -1.410627098797042137e-02 -3.039103956347381091e-02 -6.547550990167941287e-02
7.340217015167625902e+01 1.680058521749769052e-01 -1.410105270558374355e-02 -3.037979711487755891e-02 -6.545128878042275056e-02
7.330606173384538238e+01 1.682231531092761856e-01 -1.409583294641295580e-02 -3.036855148464641038e-02 -6.542706080454148421e-02
7.321007746330698751e+01 1.684407351034042377e-01 -1.409061171725249813e-02 -3.035730268741851368e-02 -6.540282600557256742e-02
7.311421717969481904e+01 1.686585985208873539e-01 -1.408538902489678973e-02 -3.034605073783201018e-02 -6.537858441505292606e-02
7.301848072284963109e+01 1.688767437257223947e-01 -1.408016487614025154e-02 -3.033479565052503782e-02 -6.535433606451944433e-02
7.292286793281930102e+01 1.690951710823764553e-01 -1.407493927777731663e-02 -3.032353744013575533e-02 -6.533008098550908971e-02
7.282737864985806198e+01 1.693138809557886426e-01 -1.406971223660239724e-02 -3.031227612130228330e-02 -6.530581920955874642e-02
7.273201271442670190e+01 1.695328737113696027e-01 -1.406448375940992472e-02 -3.030101170866278046e-02 -6.528155076820536806e-02
7.263676996719206613e+01 1.697521497150026870e-01 -1.405925385299432694e-02 -3.028974421685539861e-02 -6.525727569298589437e-02
7.254165024902664527e+01 1.699717093330448126e-01 -1.405402252415002134e-02 -3.027847366051825834e-02 -6.523299401543720955e-02
7.244665340100874573e+01 1.701915529323262399e-01 -1.404878977967143582e-02 -3.026720005428952531e-02 -6.520870576709626720e-02
7.235177926442169394e+01 1.704116808801522664e-01 -1.404355562635299301e-02 -3.025592341280732359e-02 -6.518441097949996543e-02
7.225702768075403526e+01 1.706320935443027820e-01 -1.403832007098911906e-02 -3.024464375070981190e-02 -6.516010968418523008e-02
7.216239849169903664e+01 1.708527912930334347e-01 -1.403308312031432102e-02 -3.023336108250604046e-02 -6.513580191241090389e-02
7.206789153915430290e+01 1.710737744950766026e-01 -1.402784478036412860e-02 -3.022207542119916684e-02 -6.511148769219142485e-02
7.197350666522193308e+01 1.712950435196409493e-01 -1.402260505888747351e-02 -3.021078678348375346e-02 -6.508716705949414705e-02
7.187924371220769615e+01 1.715165987364133116e-01 -1.401736396248088809e-02 -3.019949518357160911e-02 -6.506284004493745332e-02
7.178510252262127267e+01 1.717384405155582272e-01 -1.401212149774091163e-02 -3.018820063567453568e-02 -6.503850667913976813e-02
7.169108293917575736e+01 1.719605692277190456e-01 -1.400687767126408689e-02 -3.017690315400435933e-02 -6.501416699271954369e-02
7.159718480478728964e+01 1.721829852440188713e-01 -1.400163248964694448e-02 -3.016560275277286110e-02 -6.498982101629513508e-02
7.150340796257509624e+01 1.724056889360603140e-01 -1.399638595948602716e-02 -3.015429944619188452e-02 -6.496546878048502227e-02
7.140975225586083752e+01 1.726286806759272097e-01 -1.399113808737786728e-02 -3.014299324847321757e-02 -6.494111031590756034e-02
7.131621752816876381e+01 1.728519608361841486e-01 -1.398588887991900759e-02 -3.013168417382867253e-02 -6.491674565318118761e-02
7.122280362322523217e+01 1.730755297898776135e-01 -1.398063834370598217e-02 -3.012037223647006517e-02 -6.489237482292434245e-02
7.112951038495829437e+01 1.732993879105370616e-01 -1.397538648533533032e-02 -3.010905745060919389e-02 -6.486799785575539379e-02
7.103633765749783890e+01 1.735235355721745087e-01 -1.397013331140359305e-02 -3.009773983045789178e-02 -6.484361478229282161e-02
7.094328528517485211e+01 1.737479731492862500e-01 -1.396487882850730097e-02 -3.008641939022793990e-02 -6.481922563315498098e-02
7.085035311252157442e+01 1.739727010168525823e-01 -1.395962304324299512e-02 -3.007509614413116095e-02 -6.479483043896031025e-02
7.075754098427113092e+01 1.741977195503387199e-01 -1.395436596220721651e-02 -3.006377010637937067e-02 -6.477042923032724775e-02
7.066484874535696292e+01 1.744230291256960719e-01 -1.394910759199649401e-02 -3.005244129118436053e-02 -6.474602203787416244e-02
7.057227624091306950e+01 1.746486301193616031e-01 -1.394384793920737907e-02 -3.004110971275796710e-02 -6.472160889221952040e-02
7.047982331627331121e+01 1.748745229082598052e-01 -1.393858701018031894e-02 -3.002977538476027733e-02 -6.469718982279309971e-02
7.038748981697143847e+01 1.751007078698022523e-01 -1.393332481120705159e-02 -3.001843832074641352e-02 -6.467276485879851211e-02
7.029527558874079318e+01 1.753271853818886838e-01 -1.392806134953774970e-02 -3.000709853633641913e-02 -6.464833403388814403e-02
7.020318047751378288e+01 1.755539558229080033e-01 -1.392279663157548579e-02 -2.999575604532528361e-02 -6.462389737778237442e-02
7.011120432942207970e+01 1.757810195717379731e-01 -1.391753066372333758e-02 -2.998441086150802071e-02 -6.459945492020167934e-02
7.001934699079585300e+01 1.760083770077470189e-01 -1.391226345238437238e-02 -2.997306299867962334e-02 -6.457500669086646550e-02
6.992760830816398254e+01 1.762360285107937574e-01 -1.390699500396166445e-02 -2.996171247063510179e-02 -6.455055271949716733e-02
6.983598812825358948e+01 1.764639744612281347e-01 -1.390172532485829671e-02 -2.995035929116946632e-02 -6.452609303581423317e-02
6.974448629798956745e+01 1.766922152398925083e-01 -1.389645442147732605e-02 -2.993900347407770293e-02 -6.450162766953808358e-02
6.965310266449478149e+01 1.769207512281213701e-01 -1.389118230022184063e-02 -2.992764503315482535e-02 -6.447715665038916688e-02
6.956183707508954228e+01 1.771495828077423729e-01 -1.388590896749490600e-02 -2.991628398219584040e-02 -6.445268000808790365e-02
6.947068937729119398e+01 1.773787103610775795e-01 -1.388063442969959642e-02 -2.990492033499574098e-02 -6.442819777235472833e-02
6.937965941881429899e+01 1.776081342709428801e-01 -1.387535869323899135e-02 -2.989355410534954433e-02 -6.440370997291008925e-02
6.928874704756989900e+01 1.778378549206499626e-01 -1.387008176451615116e-02 -2.988218530705223294e-02 -6.437921663947439310e-02
6.919795211166568549e+01 1.780678726940057854e-01 -1.386480364993415877e-02 -2.987081395389882404e-02 -6.435471780176807433e-02
6.910727445940551661e+01 1.782981879753137711e-01 -1.385952435589608671e-02 -2.985944005968432444e-02 -6.433021348951162288e-02
6.901671393928909026e+01 1.785288011493748050e-01 -1.385424388880500575e-02 -2.984806363820373051e-02 -6.430570373242538995e-02
6.892627040001194416e+01 1.787597126014869586e-01 -1.384896225506399535e-02 -2.983668470325205255e-02 -6.428118856022987937e-02
6.883594369046491579e+01 1.789909227174471817e-01 -1.384367946064675101e-02 -2.982530326769923870e-02 -6.425666800065253648e-02
6.874573365973418504e+01 1.792224318835509977e-01 -1.383839551205505100e-02 -2.981391934555293124e-02 -6.423214208387190149e-02
6.865564015710084789e+01 1.794542404865935581e-01 -1.383311041607457499e-02 -2.980253295143244982e-02 -6.420761084138436325e-02
6.856566303204053270e+01 1.796863489138708081e-01 -1.382782417891954482e-02 -2.979114409872591837e-02 -6.418307430203375186e-02
6.847580213422358497e+01 1.799187575531788763e-01 -1.382253680680419622e-02 -2.977975280082149900e-02 -6.415853249466398067e-02
6.838605731351420047e+01 1.801514667928162672e-01 -1.381724830594274235e-02 -2.976835907110731913e-02 -6.413398544811890756e-02
6.829642841997078051e+01 1.803844770215831395e-01 -1.381195868254941200e-02 -2.975696292297152351e-02 -6.410943319124241813e-02
6.820691530384537771e+01 1.806177886287825551e-01 -1.380666794283843743e-02 -2.974556436980227425e-02 -6.408487575287839799e-02
6.811751781558329810e+01 1.808514020042215620e-01 -1.380137609302403527e-02 -2.973416342498768142e-02 -6.406031316187070501e-02
6.802823580582328589e+01 1.810853175382107771e-01 -1.379608313932043605e-02 -2.972276010191591752e-02 -6.403574544706326643e-02
6.793906912539675602e+01 1.813195356215663023e-01 -1.379078908794186160e-02 -2.971135441397510998e-02 -6.401117263729989848e-02
6.785001762532805003e+01 1.815540566456091964e-01 -1.378549394510253899e-02 -2.969994637455339662e-02 -6.398659476142451452e-02
6.776108115683386757e+01 1.817888810021667245e-01 -1.378019771701669699e-02 -2.968853599703893953e-02 -6.396201184828100017e-02
6.767225957132296799e+01 1.820240090835733848e-01 -1.377490040989855745e-02 -2.967712329481986266e-02 -6.393742392671322716e-02
6.758355272039628403e+01 1.822594412826704646e-01 -1.376960202996234568e-02 -2.966570828128432466e-02 -6.391283102556506723e-02
6.749496045584621129e+01 1.824951779928080109e-01 -1.376430258342228700e-02 -2.965429096982044946e-02 -6.388823317368040600e-02
6.740648262965673609e+01 1.827312196078444417e-01 -1.375900207649260673e-02 -2.964287137381638876e-02 -6.386363039990310131e-02
6.731811909400308025e+01 1.829675665221474345e-01 -1.375370051538753191e-02 -2.963144950666029773e-02 -6.383902273307708042e-02
6.722986970125123207e+01 1.832042191305953693e-01 -1.374839790573245332e-02 -2.962002538047169356e-02 -6.381441019931305414e-02
6.714173430395808850e+01 1.834411778285766903e-01 -1.374309425419745906e-02 -2.960859900962086247e-02 -6.378979282957085439e-02
6.705371275487082983e+01 1.836784430119917932e-01 -1.373778956714238886e-02 -2.959717040780965661e-02 -6.376517065337022894e-02
6.696580490692696230e+01 1.839160150772527758e-01 -1.373248385059685876e-02 -2.958573958802848680e-02 -6.374054369869817938e-02
6.687801061325400553e+01 1.841538944212844087e-01 -1.372717711059047788e-02 -2.957430656326776389e-02 -6.371591199354167956e-02
6.679032972716898087e+01 1.843920814415253573e-01 -1.372186935315285010e-02 -2.956287134651786053e-02 -6.369127556588766170e-02
6.670276210217868140e+01 1.846305765359275985e-01 -1.371656058431358800e-02 -2.955143395076919796e-02 -6.366663444372311353e-02
6.661530759197883356e+01 1.848693801029586414e-01 -1.371125081010229375e-02 -2.953999438901214886e-02 -6.364198865503498115e-02
6.652796605045436706e+01 1.851084925416007221e-01 -1.370594003654858339e-02 -2.952855267423713098e-02 -6.361733822781022452e-02
6.644073733167896023e+01 1.853479142513522193e-01 -1.370062826968206603e-02 -2.951710881943454129e-02 -6.359268319003583136e-02
6.635362128991455677e+01 1.855876456322287371e-01 -1.369531551553234035e-02 -2.950566283759476285e-02 -6.356802356969874779e-02
6.626661777961160738e+01 1.858276870847626883e-01 -1.369000178012902240e-02 -2.949421474170820651e-02 -6.354335939478593376e-02
6.617972665540852972e+01 1.860680390100045989e-01 -1.368468706950172128e-02 -2.948276454476526920e-02 -6.351869069328437700e-02
6.609294777213133898e+01 1.863087018095242187e-01 -1.367937138968004264e-02 -2.947131225975633748e-02 -6.349401749318099586e-02
6.600628098479383254e+01 1.865496758854099935e-01 -1.367405474669359904e-02 -2.945985789967182911e-02 -6.346933982246281969e-02
6.591972614859683688e+01 1.867909616402711193e-01 -1.366873714657199090e-02 -2.944840147750211676e-02 -6.344465770911673907e-02
6.583328311892840645e+01 1.870325594772370426e-01 -1.366341859534483082e-02 -2.943694300623761473e-02 -6.341997118112975562e-02
6.574695175136341163e+01 1.872744697999585983e-01 -1.365809909904173308e-02 -2.942548249886872344e-02 -6.339528026648885706e-02
6.566073190166305551e+01 1.875166930126092590e-01 -1.365277866296524256e-02 -2.941401996681943659e-02 -6.337058498980627230e-02
6.557462342577515813e+01 1.877592295198845240e-01 -1.364745729391477619e-02 -2.940255542473864739e-02 -6.334588538264208923e-02
6.548862617983336065e+01 1.880020797270040289e-01 -1.364213499785239120e-02 -2.939108888547122336e-02 -6.332118147266972696e-02
6.540274002015731014e+01 1.882452440397110460e-01 -1.363681178062745893e-02 -2.937962036161925750e-02 -6.329647328703960629e-02
6.531696480325224741e+01 1.884887228642735946e-01 -1.363148764808937152e-02 -2.936814986578487746e-02 -6.327176085290214802e-02
6.523130038580860912e+01 1.887325166074857452e-01 -1.362616260608749685e-02 -2.935667741057015542e-02 -6.324704419740771744e-02
6.514574662470216992e+01 1.889766256766669816e-01 -1.362083666047121146e-02 -2.934520300857720865e-02 -6.322232334770674922e-02
6.506030337699337451e+01 1.892210504796642823e-01 -1.361550981708989187e-02 -2.933372667240813012e-02 -6.319759833094960866e-02
6.497497049992746554e+01 1.894657914248517039e-01 -1.361018208179291637e-02 -2.932224841466501974e-02 -6.317286917428671655e-02
6.488974785093408570e+01 1.897108489211314364e-01 -1.360485346042966670e-02 -2.931076824794999133e-02 -6.314813590486850758e-02
6.480463528762686565e+01 1.899562233779351073e-01 -1.359952395884951246e-02 -2.929928618486512398e-02 -6.312339854984534704e-02
6.471963266780362289e+01 1.902019152052231710e-01 -1.359419358290183885e-02 -2.928780223801254537e-02 -6.309865713636766960e-02
6.463473984944560868e+01 1.904479248134870462e-01 -1.358886233843601375e-02 -2.927631641999433112e-02 -6.307391169158582667e-02
6.454995669071769271e+01 1.906942526137485883e-01 -1.358353023130141717e-02 -2.926482874341259158e-02 -6.304916224265026681e-02
6.446528304996796521e+01 1.909408990175612830e-01 -1.357819726734743430e-02 -2.925333922086943705e-02 -6.302440881671139694e-02
6.438071878572735329e+01 1.911878644370113289e-01 -1.357286345242342956e-02 -2.924184786496695360e-02 -6.299965144091958236e-02
6.429626375670967775e+01 1.914351492847174152e-01 -1.356752879237879163e-02 -2.923035468830725847e-02 -6.297489014242525773e-02
6.421191782181111307e+01 1.916827539738324426e-01 -1.356219329298269730e-02 -2.921885970331966620e-02 -6.295012494800659997e-02
6.412768084011025849e+01 1.919306789180432460e-01 -1.355685695946706043e-02 -2.920736292127600400e-02 -6.292535588194800300e-02
6.404355267086771164e+01 1.921789245315717598e-01 -1.355151979849483247e-02 -2.919586435653114681e-02 -6.290058297517610308e-02
6.395953317352574174e+01 1.924274912291761286e-01 -1.354618181573928083e-02 -2.918436402130779317e-02 -6.287580625402390544e-02
6.387562220770837484e+01 1.926763794261502627e-01 -1.354084301687369200e-02 -2.917286192782866591e-02 -6.285102574482449855e-02
6.379181963322075433e+01 1.929255895383260033e-01 -1.353550340757133860e-02 -2.916135808831646012e-02 -6.282624147391084601e-02
6.370812531004929724e+01 1.931751219820724008e-01 -1.353016299350551059e-02 -2.914985251499390556e-02 -6.280145346761600855e-02
6.362453909836128219e+01 1.934249771742970747e-01 -1.352482178034948232e-02 -2.913834522008370773e-02 -6.277666175227306078e-02
6.354106085850442298e+01 1.936751555324474627e-01 -1.351947977377653161e-02 -2.912683621580856169e-02 -6.275186635421496628e-02
6.345769045100706762e+01 1.939256574745101547e-01 -1.351413697945994495e-02 -2.911532551439120070e-02 -6.272706729977479967e-02
6.337442773657750195e+01 1.941764834190131128e-01 -1.350879340307299323e-02 -2.910381312805431636e-02 -6.270226461528556616e-02
6.329127257610413437e+01 1.944276337850250891e-01 -1.350344905028896120e-02 -2.909229906902063151e-02 -6.267745832708032649e-02
6.320822483065501274e+01 1.946791089921568740e-01 -1.349810392678113188e-02 -2.908078334951285857e-02 -6.265264846149209976e-02
6.312528436147752586e+01 1.949309094605624904e-01 -1.349275803822277790e-02 -2.906926598175369608e-02 -6.262783504485390507e-02
6.304245102999846040e+01 1.951830356109389153e-01 -1.348741139028718401e-02 -2.905774697796586342e-02 -6.260301810349878926e-02
6.295972469782356740e+01 1.954354878645272187e-01 -1.348206398864762803e-02 -2.904622635037207301e-02 -6.257819766375979920e-02
6.287710522673724256e+01 1.956882666431138673e-01 -1.347671583897739125e-02 -2.903470411119502687e-02 -6.255337375196992622e-02
6.279459247870263994e+01 1.959413723690300868e-01 -1.347136694694975149e-02 -2.902318027265745129e-02 -6.252854639446223106e-02
6.271218631586096137e+01 1.961948054651541928e-01 -1.346601731798669627e-02 -2.901165484644064110e-02 -6.250371561640334639e-02
6.262988660053167678e+01 1.964485663549108418e-01 -1.346066695754528919e-02 -2.900012784430149732e-02 -6.247888144312269132e-02
6.254769319521214044e+01 1.967026554622723078e-01 -1.345531587184358412e-02 -2.898859927963641156e-02 -6.245404390348196361e-02
6.246560596257707942e+01 1.969570732117598977e-01 -1.344996406638296858e-02 -2.897706916429776056e-02 -6.242920302301629976e-02
6.238362476547890623e+01 1.972118200284431744e-01 -1.344461154666483881e-02 -2.896553751013794531e-02 -6.240435882726094036e-02
6.230174946694692295e+01 1.974668963379422604e-01 -1.343925831819058059e-02 -2.895400432900933560e-02 -6.237951134175104967e-02
6.221997993018754869e+01 1.977223025664272271e-01 -1.343390438646159014e-02 -2.894246963276433590e-02 -6.235466059202184053e-02
6.213831601858391451e+01 1.979780391406193440e-01 -1.342854975697925675e-02 -2.893093343325533334e-02 -6.232980660360850494e-02
6.205675759569542294e+01 1.982341064877924108e-01 -1.342319443524496968e-02 -2.891939574233470464e-02 -6.230494940204624188e-02
6.197530452525798950e+01 1.984905050357720635e-01 -1.341783842676012514e-02 -2.890785657185484386e-02 -6.228008901287023641e-02
6.189395667118328248e+01 1.987472352129380782e-01 -1.341248173702610548e-02 -2.889631593366813814e-02 -6.225522546161569443e-02
6.181271389755895740e+01 1.990042974482237326e-01 -1.340712437154430690e-02 -2.888477383962696765e-02 -6.223035877381778713e-02
6.173157606864823777e+01 1.992616921711170830e-01 -1.340176633581612563e-02 -2.887323030158374382e-02 -6.220548897501176899e-02
6.165054304888948167e+01 1.995194198116622686e-01 -1.339640763534294052e-02 -2.886168533139082601e-02 -6.218061609073275570e-02
6.156961470289642335e+01 1.997774808004588731e-01 -1.339104827562615299e-02 -2.885013894090062564e-02 -6.215574014651600865e-02
6.148879089545742715e+01 2.000358755686642287e-01 -1.338568826216715059e-02 -2.883859114196550208e-02 -6.213086116789667129e-02
6.140807149153569355e+01 2.002946045479927217e-01 -1.338032760046732085e-02 -2.882704194643786674e-02 -6.210597918040997728e-02
6.132745635626886838e+01 2.005536681707171254e-01 -1.337496629602806172e-02 -2.881549136617010676e-02 -6.208109420959111863e-02
6.124694535496860226e+01 2.008130668696699317e-01 -1.336960435394447637e-02 -2.880393941213928513e-02 -6.205620627908945558e-02
6.116653835312079934e+01 2.010728010782426300e-01 -1.336424177985434496e-02 -2.879238609649164074e-02 -6.203131541507327790e-02
6.108623521638486409e+01 2.013328712303880941e-01 -1.335887857957024881e-02 -2.878083143174999664e-02 -6.200642164452219857e-02
6.100603581059390024e+01 2.015932777606198878e-01 -1.335351475842560566e-02 -2.876927542940485236e-02 -6.198152499219173467e-02
6.092594000175435554e+01 2.018540211040135424e-01 -1.334815032175383671e-02 -2.875771810094671435e-02 -6.195662548283742410e-02
6.084594765604555278e+01 2.021151016962079439e-01 -1.334278527488834930e-02 -2.874615945786606133e-02 -6.193172314121476313e-02
6.076605863981991718e+01 2.023765199734046671e-01 -1.333741962316256635e-02 -2.873459951165340670e-02 -6.190681799207931046e-02
6.068627281960230846e+01 2.026382763723701963e-01 -1.333205337190989520e-02 -2.872303827379921876e-02 -6.188191006018655543e-02
6.060659006209013455e+01 2.029003713304353973e-01 -1.332668652646375532e-02 -2.871147575579401784e-02 -6.185699937029202206e-02
6.052701023415301762e+01 2.031628052854968225e-01 -1.332131909215756443e-02 -2.869991196912829307e-02 -6.183208594715126211e-02
6.044753320283237485e+01 2.034255786760179041e-01 -1.331595107432473162e-02 -2.868834692529253008e-02 -6.180716981551974409e-02
6.036815883534160321e+01 2.036886919410284547e-01 -1.331058247829868153e-02 -2.867678063577724229e-02 -6.178225100015306143e-02
6.028888699906540438e+01 2.039521455201268874e-01 -1.330521330941281978e-02 -2.866521311207290146e-02 -6.175732952580666874e-02
6.020971756155991983e+01 2.042159398534796888e-01 -1.329984357300056930e-02 -2.865364436567002099e-02 -6.173240541723611086e-02
6.013065039055241812e+01 2.044800753818225847e-01 -1.329447327439534608e-02 -2.864207440805909693e-02 -6.170747869919694650e-02
6.005168535394084017e+01 2.047445525464619276e-01 -1.328910241893055920e-02 -2.863050325073061148e-02 -6.168254939644463725e-02
5.997282231979392719e+01 2.050093717892743639e-01 -1.328373101193962465e-02 -2.861893090517506066e-02 -6.165761753373472792e-02
5.989406115635087247e+01 2.052745335527079995e-01 -1.327835905875596537e-02 -2.860735738288296137e-02 -6.163268313582277030e-02
5.981540173202088084e+01 2.055400382797837600e-01 -1.327298656417298141e-02 -2.859578269418137572e-02 -6.160774622495775177e-02
5.973684391538335348e+01 2.058058864140949462e-01 -1.326761353397061874e-02 -2.858420685152281149e-02 -6.158280682796779537e-02
5.965838757518725544e+01 2.060720783998092054e-01 -1.326223997358177975e-02 -2.857262986661211410e-02 -6.155786497007021546e-02
5.958003258035123650e+01 2.063386146816681976e-01 -1.325686588817607571e-02 -2.856105175058687093e-02 -6.153292067526022063e-02
5.950177879996329011e+01 2.066054957049888452e-01 -1.325149128292312309e-02 -2.854947251458467977e-02 -6.150797396753303337e-02
5.942362610328033412e+01 2.068727219156645258e-01 -1.324611616299252274e-02 -2.853789216974311760e-02 -6.148302487088383450e-02
5.934557435972839556e+01 2.071402937601646566e-01 -1.324074053355389462e-02 -2.852631072719977873e-02 -6.145807340930785345e-02
5.926762343890194984e+01 2.074082116855368862e-01 -1.323536439977684304e-02 -2.851472819809224707e-02 -6.143311960680028494e-02
5.918977321056409835e+01 2.076764761394064296e-01 -1.322998776683097753e-02 -2.850314459355811000e-02 -6.140816348735632368e-02
5.911202354464616349e+01 2.079450875699775658e-01 -1.322461063988591631e-02 -2.849155992473496185e-02 -6.138320507497119910e-02
5.903437431124731916e+01 2.082140464260348045e-01 -1.321923302411126024e-02 -2.847997420276038305e-02 -6.135824439364010591e-02
5.895682538063476130e+01 2.084833531569423304e-01 -1.321385492467662924e-02 -2.846838743877197486e-02 -6.133328146735826658e-02
5.887937662324304000e+01 2.087530082126463904e-01 -1.320847634675162419e-02 -2.845679964390730385e-02 -6.130831632012084115e-02
5.880202790967425130e+01 2.090230120436745165e-01 -1.320309729550586154e-02 -2.844521082930396780e-02 -6.128334897592307290e-02
5.872477911069761092e+01 2.092933651011370799e-01 -1.319771777610895432e-02 -2.843362100609957491e-02 -6.125837945876019125e-02
5.864763009724913445e+01 2.095640678367284016e-01 -1.319233779373050509e-02 -2.842203018543168133e-02 -6.123340779262734235e-02
5.857058074043175111e+01 2.098351207027263077e-01 -1.318695735354013035e-02 -2.841043837843790221e-02 -6.120843400151979030e-02
5.849363091151469973e+01 2.101065241519943227e-01 -1.318157646070743788e-02 -2.839884559625580410e-02 -6.118345810943269514e-02
5.841678048193364248e+01 2.103782786379812253e-01 -1.317619511973536911e-02 -2.838725184858668232e-02 -6.115848013726687266e-02
5.834002932329031665e+01 2.106503846147222136e-01 -1.317081333651838430e-02 -2.837565714812978132e-02 -6.113350011238197906e-02
5.826337730735217235e+01 2.109228425368403492e-01 -1.316543111614044623e-02 -2.836406150583815899e-02 -6.110851805837571454e-02
5.818682430605250033e+01 2.111956528595459459e-01 -1.316004846361101127e-02 -2.835246493250435235e-02 -6.108353399849986848e-02
5.811037019148982097e+01 2.114688160386388183e-01 -1.315466538393950981e-02 -2.834086743892086716e-02 -6.105854795600617474e-02
5.803401483592801213e+01 2.117423325305078097e-01 -1.314928188213539129e-02 -2.832926903588022308e-02 -6.103355995414645047e-02
5.795775811179597525e+01 2.120162027921319858e-01 -1.314389796320810169e-02 -2.831766973417494671e-02 -6.100857001617246422e-02
5.788159989168722319e+01 2.122904272810821336e-01 -1.313851363216707313e-02 -2.830606954459754382e-02 -6.098357816533594988e-02
5.780554004836007209e+01 2.125650064555200114e-01 -1.313312889402176373e-02 -2.829446847794055142e-02 -6.095858442488875234e-02
5.772957845473698058e+01 2.128399407742008198e-01 -1.312774375378159865e-02 -2.828286654499645447e-02 -6.093358881808257077e-02
5.765371498390472027e+01 2.131152306964725074e-01 -1.312235821645603255e-02 -2.827126375655778998e-02 -6.090859136816920844e-02
5.757794950911399212e+01 2.133908766822771308e-01 -1.311697228705450968e-02 -2.825966012341708453e-02 -6.088359209840046860e-02
5.750228190377908533e+01 2.136668791921522426e-01 -1.311158597058646388e-02 -2.824805565636683696e-02 -6.085859103202809206e-02
5.742671204147800523e+01 2.139432386872302805e-01 -1.310619927206134461e-02 -2.823645036619957735e-02 -6.083358819230386128e-02
5.735123979595184807e+01 2.142199556292408991e-01 -1.310081219648859090e-02 -2.822484426370781840e-02 -6.080858360247953787e-02
5.727586504110495724e+01 2.144970304805103867e-01 -1.309542474887764700e-02 -2.821323735968407284e-02 -6.078357728580691122e-02
5.720058765100458942e+01 2.147744637039629700e-01 -1.309003693423796237e-02 -2.820162966492087073e-02 -6.075856926553776377e-02
5.712540749988047395e+01 2.150522557631222575e-01 -1.308464875748444924e-02 -2.819002119000708212e-02 -6.073355956448513171e-02
5.705032446212499053e+01 2.153304071221107674e-01 -1.307926022313191453e-02 -2.817841194466954788e-02 -6.070854820360486320e-02
5.697533841229276419e+01 2.156089182456513431e-01 -1.307387133687741392e-02 -2.816680194118222069e-02 -6.068353520934036821e-02
5.690044922510029579e+01 2.158877895990684859e-01 -1.306848210357413990e-02 -2.815519119000096937e-02 -6.065852060421815517e-02
5.682565677542613258e+01 2.161670216482877716e-01 -1.306309252807529020e-02 -2.814357970158169742e-02 -6.063350441076478109e-02
5.675096093831025712e+01 2.164466148598381823e-01 -1.305770261523405210e-02 -2.813196748638029099e-02 -6.060848665150675441e-02
5.667636158895420806e+01 2.167265697008515235e-01 -1.305231236990362503e-02 -2.812035455485263971e-02 -6.058346734897060437e-02
5.660185860272072489e+01 2.170068866390638396e-01 -1.304692179693720672e-02 -2.810874091745463321e-02 -6.055844652568290187e-02
5.652745185513339266e+01 2.172875661428166905e-01 -1.304153090118798271e-02 -2.809712658464216112e-02 -6.053342420417012065e-02
5.645314122187681960e+01 2.175686086810565967e-01 -1.303613968750915245e-02 -2.808551156687111999e-02 -6.050840040695885935e-02
5.637892657879596214e+01 2.178500147233374817e-01 -1.303074816075390496e-02 -2.807389587459737865e-02 -6.048337515657558477e-02
5.630480780189630963e+01 2.181317847398199505e-01 -1.302535632577544143e-02 -2.806227951827684752e-02 -6.045834847554685393e-02
5.623078476734353615e+01 2.184139192012727049e-01 -1.301996418742695436e-02 -2.805066250836541625e-02 -6.043332038639923076e-02
5.615685735146312396e+01 2.186964185790739590e-01 -1.301457175056163276e-02 -2.803904485531896057e-02 -6.040829091165918902e-02
5.608302543074049851e+01 2.189792833452108567e-01 -1.300917902003267956e-02 -2.802742656959338399e-02 -6.038326007385330652e-02
5.600928888182043153e+01 2.192625139722817751e-01 -1.300378600069327685e-02 -2.801580766164456573e-02 -6.035822789550807782e-02
5.593564758150720451e+01 2.195461109334957417e-01 -1.299839269739662753e-02 -2.800418814192839889e-02 -6.033319439915005994e-02
5.586210140676424629e+01 2.198300747026738500e-01 -1.299299911499592584e-02 -2.799256802090078350e-02 -6.030815960730579600e-02
5.578865023471372808e+01 2.201144057542506749e-01 -1.298760525810059401e-02 -2.798094730849240777e-02 -6.028312354137031759e-02
5.571529394263677659e+01 2.203991045632735790e-01 -1.298221113141931338e-02 -2.796932601484783398e-02 -6.025808622319939883e-02
5.564203240797283456e+01 2.206841716054052105e-01 -1.297681674025709560e-02 -2.795770415139635715e-02 -6.023304767741670396e-02
5.556886550831980998e+01 2.209696073569227814e-01 -1.297142208931472383e-02 -2.794608172826549414e-02 -6.020800792584135586e-02
5.549579312143371368e+01 2.212554122947195945e-01 -1.296602718329297951e-02 -2.793445875558278613e-02 -6.018296699029243579e-02
5.542281512522833964e+01 2.215415868963063195e-01 -1.296063202689263366e-02 -2.792283524347573265e-02 -6.015792489258899728e-02
5.534993139777534310e+01 2.218281316398104941e-01 -1.295523662481447465e-02 -2.791121120207187833e-02 -6.013288165455016321e-02
5.527714181730372900e+01 2.221150470039788272e-01 -1.294984098175927523e-02 -2.789958664149872619e-02 -6.010783729799499403e-02
5.520444626219991591e+01 2.224023334681766439e-01 -1.294444510242781510e-02 -2.788796157188380351e-02 -6.008279184474257101e-02
5.513184461100741629e+01 2.226899915123893570e-01 -1.293904899152088089e-02 -2.787633600335464104e-02 -6.005774531661199622e-02
5.505933674242650966e+01 2.229780216172236873e-01 -1.293365265373924017e-02 -2.786470994603874873e-02 -6.003269773542233706e-02
5.498692253531433494e+01 2.232664242639072483e-01 -1.292825609378368129e-02 -2.785308341006366081e-02 -6.000764912299269560e-02
5.491460186868432203e+01 2.235551999342909046e-01 -1.292285931635497875e-02 -2.784145640555687681e-02 -5.998259950114213229e-02
5.484237462170634814e+01 2.238443491108481065e-01 -1.291746232615391052e-02 -2.782982894264593443e-02 -5.995754889168974228e-02
5.477024067370636118e+01 2.241338722766763047e-01 -1.291206512788126495e-02 -2.781820103145836096e-02 -5.993249731645462763e-02
5.469819990416603872e+01 2.244237699154985055e-01 -1.290666772623780788e-02 -2.780657268212166980e-02 -5.990744479725584187e-02
5.462625219272293720e+01 2.247140425116624651e-01 -1.290127012592433113e-02 -2.779494390476338478e-02 -5.988239135591249401e-02
5.455439741916989504e+01 2.250046905501432715e-01 -1.289587233164160573e-02 -2.778331470951102278e-02 -5.985733701424365838e-02
5.448263546345517483e+01 2.252957145165426223e-01 -1.289047434771150441e-02 -2.777168510567577797e-02 -5.983228179230967725e-02
5.441096620568210795e+01 2.255871148970903517e-01 -1.288507617899757596e-02 -2.776005510373584853e-02 -5.980722571268515253e-02
5.433938952610876072e+01 2.258788921786457626e-01 -1.287967783044784501e-02 -2.774842471435142247e-02 -5.978216879833676833e-02
5.426790530514802668e+01 2.261710468486972936e-01 -1.287427930661413748e-02 -2.773679394732912057e-02 -5.975711107039223535e-02
5.419651342336727140e+01 2.264635793953638510e-01 -1.286888061204828279e-02 -2.772516281247556016e-02 -5.973205254997929203e-02
5.412521376148797003e+01 2.267564903073963634e-01 -1.286348175130210859e-02 -2.771353131959734470e-02 -5.970699325822561437e-02
5.405400620038591342e+01 2.270497800741770322e-01 -1.285808272892744256e-02 -2.770189947850110884e-02 -5.968193321625894082e-02
5.398289062109052594e+01 2.273434491857219131e-01 -1.285268354947611061e-02 -2.769026729899344910e-02 -5.965687244520695431e-02
5.391186690478510002e+01 2.276374981326801661e-01 -1.284728421749993868e-02 -2.767863479088098627e-02 -5.963181096619739330e-02
5.384093493280637688e+01 2.279319274063356382e-01 -1.284188473755076138e-02 -2.766700196397034808e-02 -5.960674880035797540e-02
5.377009458664426234e+01 2.282267374986081676e-01 -1.283648511418039595e-02 -2.765536882806813104e-02 -5.958168596881636969e-02
5.369934574794190496e+01 2.285219289020530842e-01 -1.283108535194068048e-02 -2.764373539298096288e-02 -5.955662249270034236e-02
5.362868829849518448e+01 2.288175021098635409e-01 -1.282568545538343568e-02 -2.763210166851544705e-02 -5.953155839313757636e-02
5.355812212025278995e+01 2.291134576158700420e-01 -1.282028542906049097e-02 -2.762046766447821128e-02 -5.950649369125577542e-02
5.348764709531591421e+01 2.294097959145418031e-01 -1.281488527752367573e-02 -2.760883339067586942e-02 -5.948142840818268495e-02
5.341726310593788440e+01 2.297065175009881943e-01 -1.280948500532481417e-02 -2.759719885691502492e-02 -5.945636256504597400e-02
5.334697003452433961e+01 2.300036228709581576e-01 -1.280408461701573741e-02 -2.758556407300230551e-02 -5.943129618297339489e-02
5.327676776363261979e+01 2.303011125208426213e-01 -1.279868411714826792e-02 -2.757392904874432157e-02 -5.940622928309261669e-02
5.320665617597190789e+01 2.305989869476740284e-01 -1.279328350977369452e-02 -2.756229379286929612e-02 -5.938116188420807656e-02
5.313663515440291008e+01 2.308972466491275854e-01 -1.278788279988136815e-02 -2.755065831612646746e-02 -5.935609400947826353e-02
5.306670458193748630e+01 2.311958921235229003e-01 -1.278248199208787891e-02 -2.753902262846198018e-02 -5.933102568033151586e-02
5.299686434173880656e+01 2.314949238698232603e-01 -1.277708109079970025e-02 -2.752738673936928893e-02 -5.930595691722086171e-02
5.292711431712080383e+01 2.317943423876381026e-01 -1.277168010042328827e-02 -2.751575065834182751e-02 -5.928088774059927374e-02
5.285745439154823799e+01 2.320941481772225146e-01 -1.276627902536512163e-02 -2.750411439487304016e-02 -5.925581817091977316e-02
5.278788444863643292e+01 2.323943417394785660e-01 -1.276087787003166336e-02 -2.749247795845638845e-02 -5.923074822863538119e-02
5.271840437215089992e+01 2.326949235759568635e-01 -1.275547663882937305e-02 -2.748084135858529578e-02 -5.920567793419907743e-02
5.264901404600748691e+01 2.329958941888558288e-01 -1.275007533616472760e-02 -2.746920460475321679e-02 -5.918060730806389003e-02
5.257971335427178872e+01 2.332972540810243633e-01 -1.274467396644418313e-02 -2.745756770645358877e-02 -5.915553637068279164e-02
5.251050218115932466e+01 2.335990037559610710e-01 -1.273927253407420961e-02 -2.744593067317985594e-02 -5.913046514250881042e-02
5.244138041103516201e+01 2.339011437178157848e-01 -1.273387104346127875e-02 -2.743429351442547987e-02 -5.910539364399497453e-02
5.237234792841359621e+01 2.342036744713910379e-01 -1.272846949901185014e-02 -2.742265623968388050e-02 -5.908032189559423580e-02
5.230340461795829299e+01 2.345065965221415083e-01 -1.272306790513239548e-02 -2.741101885844851940e-02 -5.905524991775965710e-02
5.223455036448171995e+01 2.348099103761763784e-01 -1.271766626622937782e-02 -2.739938138021283040e-02 -5.903017773094419024e-02
5.216578505294526735e+01 2.351136165402588629e-01 -1.271226458670926193e-02 -2.738774381447025424e-02 -5.900510535560086339e-02
5.209710856845893545e+01 2.354177155218076245e-01 -1.270686287097851780e-02 -2.737610617071425598e-02 -5.898003281218270472e-02
5.202852079628098636e+01 2.357222078288982725e-01 -1.270146112344361193e-02 -2.736446845843825901e-02 -5.895496012114268686e-02
5.196002162181807194e+01 2.360270939702627246e-01 -1.269605934790561663e-02 -2.735283068583143490e-02 -5.892988730012384962e-02
5.189161093062472219e+01 2.363323744552916772e-01 -1.269065754944745730e-02 -2.734119286384461764e-02 -5.890481437271902210e-02
5.182328860840340212e+01 2.366380497940341332e-01 -1.268525573237722082e-02 -2.732955500175928906e-02 -5.887974135892458383e-02
5.175505454100423464e+01 2.369441204971987625e-01 -1.267985390095964331e-02 -2.731791710876355778e-02 -5.885466827853570726e-02
5.168690861442465945e+01 2.372505870761554003e-01 -1.267445205945946264e-02 -2.730627919404551504e-02 -5.882959515134752321e-02
5.161885071480951126e+01 2.375574500429347147e-01 -1.266905021214141669e-02 -2.729464126679326599e-02 -5.880452199715520412e-02
5.155088072845070002e+01 2.378647099102295936e-01 -1.266364836327024852e-02 -2.728300333619491230e-02 -5.877944883575392937e-02
5.148299854178686275e+01 2.381723671913967277e-01 -1.265824651711069081e-02 -2.727136541143854176e-02 -5.875437568693882284e-02
5.141520404140354827e+01 2.384804224004558881e-01 -1.265284467792748314e-02 -2.725972750171226297e-02 -5.872930257050507780e-02
5.134749711403258488e+01 2.387888760520925635e-01 -1.264744284998536167e-02 -2.724808961620417413e-02 -5.870422950624781810e-02
5.127987764655227210e+01 2.390977286616573494e-01 -1.264204103754906598e-02 -2.723645176410236998e-02 -5.867915651396224397e-02
5.121234552598703971e+01 2.394069807451672804e-01 -1.263663924488333395e-02 -2.722481395459495912e-02 -5.865408361344349314e-02
5.114490063950709242e+01 2.397166328193076068e-01 -1.263123747625290519e-02 -2.721317619687003628e-02 -5.862901082448673112e-02
5.107754287442858754e+01 2.400266854014309059e-01 -1.262583573592251755e-02 -2.720153850011570659e-02 -5.860393816688713731e-02
5.101027211821303808e+01 2.403371390095598026e-01 -1.262043402815690371e-02 -2.718990087352005439e-02 -5.857886566043982168e-02
5.094308825846749755e+01 2.406479941623862473e-01 -1.261503235722081021e-02 -2.717826332627119520e-02 -5.855379332493999139e-02
5.087599118294416201e+01 2.409592513792731538e-01 -1.260963072737897143e-02 -2.716662586755722725e-02 -5.852872118018280501e-02
5.080898077954010716e+01 2.412709111802557871e-01 -1.260422914279236452e-02 -2.715498850634270184e-02 -5.850364924548179940e-02
5.074205693629739500e+01 2.415829740860411523e-01 -1.259882760733525321e-02 -2.714335125097445955e-02 -5.847857753881970794e-02
5.067521954140253371e+01 2.418954406180106598e-01 -1.259342612584856205e-02 -2.713171411188197019e-02 -5.845350608266611930e-02
5.060846848318659141e+01 2.422083112982193476e-01 -1.258802470245875410e-02 -2.712007709795541746e-02 -5.842843489617436520e-02
5.054180365012488352e+01 2.425215866493976025e-01 -1.258262334129228895e-02 -2.710844021808499898e-02 -5.840336399849779814e-02
5.047522493083666717e+01 2.428352671949524644e-01 -1.257722204647561751e-02 -2.709680348116086726e-02 -5.837829340878968043e-02
5.040873221408522653e+01 2.431493534589671546e-01 -1.257182082213519764e-02 -2.708516689607323030e-02 -5.835322314620336459e-02
5.034232538877738250e+01 2.434638459662035737e-01 -1.256641967239748719e-02 -2.707353047171224408e-02 -5.832815322989211987e-02
5.027600434396358509e+01 2.437787452421017187e-01 -1.256101860138893710e-02 -2.706189421696809927e-02 -5.830308367900928490e-02
5.020976896883760077e+01 2.440940518127812098e-01 -1.255561761323601387e-02 -2.705025814073099000e-02 -5.827801451270820526e-02
5.014361915273618564e+01 2.444097662050427888e-01 -1.255021671206516497e-02 -2.703862225189107571e-02 -5.825294575014214327e-02
5.007755478513924174e+01 2.447258889463677367e-01 -1.254481590200285171e-02 -2.702698655933855748e-02 -5.822787741046444449e-02
5.001157575566924152e+01 2.450424205649203990e-01 -1.253941518717552328e-02 -2.701535107196359128e-02 -5.820280951282839899e-02
4.994568195409138411e+01 2.453593615895476587e-01 -1.253401457170964448e-02 -2.700371579865638166e-02 -5.817774207638733847e-02
4.987987327031324014e+01 2.456767125497803794e-01 -1.252861405973167142e-02 -2.699208074830709847e-02 -5.815267512029458075e-02
4.981414959438448165e+01 2.459944739758349874e-01 -1.252321365536805328e-02 -2.698044592980592543e-02 -5.812760866370342283e-02
4.974851081649697448e+01 2.463126463986128611e-01 -1.251781336274525487e-02 -2.696881135204304281e-02 -5.810254272576721030e-02
4.968295682698425964e+01 2.466312303497028569e-01 -1.251241318598972536e-02 -2.695717702390863085e-02 -5.807747732563919851e-02
4.961748751632165977e+01 2.469502263613807813e-01 -1.250701312899308963e-02 -2.694554295378692732e-02 -5.805241248138274385e-02
4.955210277512598083e+01 2.472696349666109183e-01 -1.250161319579431475e-02 -2.693390915037962782e-02 -5.802734821174504454e-02
4.948680249415519228e+01 2.475894566990474999e-01 -1.249621339089377822e-02 -2.692227562338251126e-02 -5.800228453761503006e-02
4.942158656430854791e+01 2.479096920930341508e-01 -1.249081371828295040e-02 -2.691064238139492804e-02 -5.797722147751944999e-02
4.935645487662606712e+01 2.482303416836064702e-01 -1.248541418195327386e-02 -2.689900943301618691e-02 -5.795215904998493595e-02
4.929140732228863442e+01 2.485514060064914765e-01 -1.248001478589621203e-02 -2.688737678684563134e-02 -5.792709727353822363e-02
4.922644379261770808e+01 2.488728855981090227e-01 -1.247461553410321965e-02 -2.687574445148259092e-02 -5.790203616670601405e-02
4.916156417907499332e+01 2.491947809955735449e-01 -1.246921643056574797e-02 -2.686411243552638481e-02 -5.787697574801495964e-02
4.909676837326254883e+01 2.495170927366933966e-01 -1.246381747927525173e-02 -2.685248074757634607e-02 -5.785191603599176835e-02
4.903205626692243158e+01 2.498398213599726247e-01 -1.245841868422319088e-02 -2.684084939623181468e-02 -5.782685704916316199e-02
4.896742775193643382e+01 2.501629674046124130e-01 -1.245302004940101667e-02 -2.682921839009210982e-02 -5.780179880605580689e-02
4.890288272032614003e+01 2.504865314105105822e-01 -1.244762157880018733e-02 -2.681758773775656801e-02 -5.777674132519641098e-02
4.883842106425250051e+01 2.508105139182639221e-01 -1.244222327641215584e-02 -2.680595744782450843e-02 -5.775168462511164752e-02
4.877404267601584564e+01 2.511349154691679963e-01 -1.243682514622837347e-02 -2.679432752889526065e-02 -5.772662872432821751e-02
4.870974744805566559e+01 2.514597366052183092e-01 -1.243142719224030537e-02 -2.678269798956816813e-02 -5.770157364137284972e-02
4.864553527295021240e+01 2.517849778691122475e-01 -1.242602941843939587e-02 -2.677106883844254659e-02 -5.767651939477218270e-02
4.858140604341672741e+01 2.521106398042480268e-01 -1.242063182881710838e-02 -2.675944008411773253e-02 -5.765146600305295910e-02
4.851735965231080883e+01 2.524367229547277991e-01 -1.241523442736489416e-02 -2.674781173519305555e-02 -5.762641348474182440e-02
4.845339599262663910e+01 2.527632278653565989e-01 -1.240983721772189949e-02 -2.673618379950881349e-02 -5.760136185673023906e-02
4.838951495749657994e+01 2.530901550816442858e-01 -1.240444020406083862e-02 -2.672455628605484995e-02 -5.757631113838621029e-02
4.832571644019093782e+01 2.534175051498068765e-01 -1.239904339056781789e-02 -2.671292920384985004e-02 -5.755126134913990388e-02
4.826200033411804213e+01 2.537452786167659347e-01 -1.239364678110255712e-02 -2.670130256120933562e-02 -5.752621250690657939e-02
4.819836653282374783e+01 2.540734760301514572e-01 -1.238825037952476747e-02 -2.668967636644880778e-02 -5.750116462960142699e-02
4.813481492999155620e+01 2.544020979383008751e-01 -1.238285418969417399e-02 -2.667805062788378145e-02 -5.747611773513968542e-02
4.807134541944227379e+01 2.547311448902611075e-01 -1.237745821547049825e-02 -2.666642535382977158e-02 -5.745107184143661422e-02
4.800795789513377088e+01 2.550606174357896161e-01 -1.237206246071344967e-02 -2.665480055260228270e-02 -5.742602696640738275e-02
4.794465225116105245e+01 2.553905161253541833e-01 -1.236666692928275503e-02 -2.664317623251683323e-02 -5.740098312796725749e-02
4.788142838175573957e+01 2.557208415101355214e-01 -1.236127162503812549e-02 -2.663155240188893116e-02 -5.737594034403144250e-02
4.781828618128623276e+01 2.560515941420264396e-01 -1.235587655183928088e-02 -2.661992906903407757e-02 -5.735089863251516262e-02
4.775522554425736388e+01 2.563827745736336206e-01 -1.235048171354594451e-02 -2.660830624226780475e-02 -5.732585801133366354e-02
4.769224636531011896e+01 2.567143833582792301e-01 -1.234508711401782928e-02 -2.659668392990560334e-02 -5.730081849840215624e-02
4.762934853922174483e+01 2.570464210500000846e-01 -1.233969275711465849e-02 -2.658506214026299871e-02 -5.727578011163587945e-02
4.756653196090524460e+01 2.573788882035506487e-01 -1.233429864669614504e-02 -2.657344088165549192e-02 -5.725074286895003028e-02
4.750379652540947717e+01 2.577117853744021470e-01 -1.232890478662200875e-02 -2.656182016239859445e-02 -5.722570678825984747e-02
4.744114212791890139e+01 2.580451131187442293e-01 -1.232351118075197295e-02 -2.655019999080782817e-02 -5.720067188748058362e-02
4.737856866375322795e+01 2.583788719934866362e-01 -1.231811783294574705e-02 -2.653858037519869068e-02 -5.717563818452741503e-02
4.731607602836754722e+01 2.587130625562585884e-01 -1.231272474660540656e-02 -2.652696132290072173e-02 -5.715060569519137684e-02
4.725366411735183192e+01 2.590476853654113953e-01 -1.230733192601030437e-02 -2.651534284313351170e-02 -5.712557443933546919e-02
4.719133282643105076e+01 2.593827409800179007e-01 -1.230193937505529370e-02 -2.650372494428827885e-02 -5.710054443503801563e-02
4.712908205146489138e+01 2.597182299598739252e-01 -1.229654709747159992e-02 -2.649210763440368321e-02 -5.707551569961780147e-02
4.706691168844741213e+01 2.600541528655001544e-01 -1.229115509699042416e-02 -2.648049092151837092e-02 -5.705048825039353566e-02
4.700482163350719134e+01 2.603905102581413611e-01 -1.228576337734298661e-02 -2.646887481367100545e-02 -5.702546210468401738e-02
4.694281178290680145e+01 2.607273026997691256e-01 -1.228037194226049705e-02 -2.645725931890023294e-02 -5.700043727980799030e-02
4.688088203304298673e+01 2.610645307530811143e-01 -1.227498079547417048e-02 -2.644564444524472036e-02 -5.697541379308420501e-02
4.681903228044627951e+01 2.614021949815029111e-01 -1.226958994071522362e-02 -2.643403020074311729e-02 -5.695039166183145374e-02
4.675726242178075864e+01 2.617402959491894610e-01 -1.226419938171486451e-02 -2.642241659343408031e-02 -5.692537090336844546e-02
4.669557235384411342e+01 2.620788342210246813e-01 -1.225880912220430816e-02 -2.641080363135626941e-02 -5.690035153501398629e-02
4.663396197356732387e+01 2.624178103626232939e-01 -1.225341916591477648e-02 -2.639919132254834114e-02 -5.687533357408682683e-02
4.657243117801441912e+01 2.627572249403320459e-01 -1.224802951657747059e-02 -2.638757967504894511e-02 -5.685031703790570379e-02
4.651097986438253429e+01 2.630970785212293772e-01 -1.224264017792361589e-02 -2.637596869689674828e-02 -5.682530194378940941e-02
4.644960793000142729e+01 2.634373716731282511e-01 -1.223725115368441523e-02 -2.636435839613039331e-02 -5.680028830905666654e-02
4.638831527233364227e+01 2.637781049645750997e-01 -1.223186244759108879e-02 -2.635274878078854369e-02 -5.677527615102626740e-02
4.632710178897412590e+01 2.641192789648519335e-01 -1.222647406337485157e-02 -2.634113985890985943e-02 -5.675026548701695567e-02
4.626596737765001421e+01 2.644608942439776733e-01 -1.222108600476690815e-02 -2.632953163853298667e-02 -5.672525633434747500e-02
4.620491193622071791e+01 2.648029513727075956e-01 -1.221569827494601440e-02 -2.631792412650633267e-02 -5.670024870777230080e-02
4.614393536267741069e+01 2.651454509225361633e-01 -1.221031087827432159e-02 -2.630631733222787288e-02 -5.667524262753872999e-02
4.608303755514315014e+01 2.654883934656963040e-01 -1.220492381837639216e-02 -2.629471126350649279e-02 -5.665023811047049246e-02
4.602221841187262186e+01 2.658317795751610202e-01 -1.219953709885810041e-02 -2.628310592811081842e-02 -5.662523517330458889e-02
4.596147783125179132e+01 2.661756098246451652e-01 -1.219415072332531019e-02 -2.627150133380943761e-02 -5.660023383277795056e-02
4.590081571179805309e+01 2.665198847886047218e-01 -1.218876469538390621e-02 -2.625989748837099375e-02 -5.657523410562759897e-02
4.584023195215973345e+01 2.668646050422396332e-01 -1.218337901863975059e-02 -2.624829439956408508e-02 -5.655023600859047234e-02
4.577972645111621119e+01 2.672097711614929150e-01 -1.217799369669871935e-02 -2.623669207515733764e-02 -5.652523955840358522e-02
4.571929910757758364e+01 2.675553837230528198e-01 -1.217260873316669371e-02 -2.622509052291938092e-02 -5.650024477180391053e-02
4.565894982058443929e+01 2.679014433043540033e-01 -1.216722413164953234e-02 -2.621348975061881317e-02 -5.647525166552840037e-02
4.559867848930792178e+01 2.682479504835770800e-01 -1.216183989575312339e-02 -2.620188976602427430e-02 -5.645026025631408317e-02
4.553848501304927510e+01 2.685949058396514544e-01 -1.215645602908332380e-02 -2.619029057690435217e-02 -5.642527056089789717e-02
4.547836929123992888e+01 2.689423099522545990e-01 -1.215107253524601652e-02 -2.617869219102768666e-02 -5.640028259601682220e-02
4.541833122344122131e+01 2.692901634018137758e-01 -1.214568941784707756e-02 -2.616709461616289339e-02 -5.637529637840787283e-02
4.535837070934412907e+01 2.696384667695075898e-01 -1.214030668049236907e-02 -2.615549786007858105e-02 -5.635031192480799422e-02
4.529848764876932421e+01 2.699872206372656014e-01 -1.213492432678777572e-02 -2.614390193054338257e-02 -5.632532925195420093e-02
4.523868194166677625e+01 2.703364255877707678e-01 -1.212954236033915965e-02 -2.613230683532589971e-02 -5.630034837658342423e-02
4.517895348811577350e+01 2.706860822044591108e-01 -1.212416078464206674e-02 -2.612071258195704931e-02 -5.627536931492056055e-02
4.511930218832468142e+01 2.710361910715213263e-01 -1.211877960299511878e-02 -2.610911917754349734e-02 -5.625039208227643889e-02
4.505972794263066561e+01 2.713867527739042829e-01 -1.211339881949166468e-02 -2.609752663090410957e-02 -5.622541669765072914e-02
4.500023065149979118e+01 2.717377678973105226e-01 -1.210801843761534838e-02 -2.608593494954415323e-02 -5.620044317721303861e-02
4.494081021552651123e+01 2.720892370282012029e-01 -1.210263846084978778e-02 -2.607434414096886088e-02 -5.617547153713290525e-02
4.488146653543383024e+01 2.724411607537951530e-01 -1.209725889267861294e-02 -2.606275421268349282e-02 -5.615050179357993637e-02
4.482219951207297015e+01 2.727935396620708164e-01 -1.209187973658545912e-02 -2.605116517219330588e-02 -5.612553396272368378e-02
4.476300904642314293e+01 2.731463743417677503e-01 -1.208650099605394594e-02 -2.603957702700353954e-02 -5.610056806073372010e-02
4.470389503959157906e+01 2.734996653823862367e-01 -1.208112267456771388e-02 -2.602798978461945412e-02 -5.607560410377963878e-02
4.464485739281315091e+01 2.738534133741897247e-01 -1.207574477561038084e-02 -2.601640345254628908e-02 -5.605064210803099162e-02
4.458589600745038695e+01 2.742076189082045534e-01 -1.207036730266558208e-02 -2.600481803828930474e-02 -5.602568208965735819e-02
4.452701078499324439e+01 2.745622825762215058e-01 -1.206499025921694765e-02 -2.599323354935375793e-02 -5.600072406482831805e-02
4.446820162705881074e+01 2.749174049707974743e-01 -1.205961364874810066e-02 -2.598164999324488120e-02 -5.597576804971342995e-02
4.440946843539137490e+01 2.752729866852550722e-01 -1.205423747474267462e-02 -2.597006737746794525e-02 -5.595081406048228734e-02
4.435081111186214287e+01 2.756290283136842989e-01 -1.204886174068429960e-02 -2.595848570952819651e-02 -5.592586211330445589e-02
4.429222955846898913e+01 2.759855304509442608e-01 -1.204348645005659871e-02 -2.594690499693087446e-02 -5.590091222434950130e-02
4.423372367733647792e+01 2.763424936926626163e-01 -1.203811160634320719e-02 -2.593532524718124982e-02 -5.587596440978702395e-02
4.417529337071552220e+01 2.766999186352381845e-01 -1.203273721302774817e-02 -2.592374646778454819e-02 -5.585101868578654094e-02
4.411693854098335521e+01 2.770578058758406681e-01 -1.202736327336890315e-02 -2.591216866576139671e-02 -5.582607506747353648e-02
4.405865909064333863e+01 2.774161560124120407e-01 -1.202198979080944426e-02 -2.590059184852901500e-02 -5.580113357082793629e-02
4.400045492232467126e+01 2.777749696436683235e-01 -1.201661676914255253e-02 -2.588901602425956738e-02 -5.577619421345612893e-02
4.394232593878247428e+01 2.781342473690990302e-01 -1.201124421173265303e-02 -2.587744120020149183e-02 -5.575125701097439351e-02
4.388427204289730099e+01 2.784939897889701643e-01 -1.200587212194416213e-02 -2.586586738360319854e-02 -5.572632197899896750e-02
4.382629313767532864e+01 2.788541975043231091e-01 -1.200050050314150490e-02 -2.585429458171312547e-02 -5.570138913314612999e-02
4.376838912624798894e+01 2.792148711169768482e-01 -1.199512935868910293e-02 -2.584272280177970366e-02 -5.567645848903214623e-02
4.371055991187172651e+01 2.795760112295294642e-01 -1.198975869195137607e-02 -2.583115205105134329e-02 -5.565153006227326060e-02
4.365280539792811965e+01 2.799376184453574723e-01 -1.198438850629274764e-02 -2.581958233677648581e-02 -5.562660386848574529e-02
4.359512548792339715e+01 2.802996933686187075e-01 -1.197901880507763230e-02 -2.580801366620353796e-02 -5.560167992328583081e-02
4.353752008548855201e+01 2.806622366042517136e-01 -1.197364959167046029e-02 -2.579644604658093768e-02 -5.557675824228981015e-02
4.347998909437904302e+01 2.810252487579775749e-01 -1.196828086943565322e-02 -2.578487948515711947e-02 -5.555183884111395548e-02
4.342253241847455314e+01 2.813887304363014707e-01 -1.196291264173762053e-02 -2.577331398918049354e-02 -5.552692173537449039e-02
4.336514996177909609e+01 2.817526822465120095e-01 -1.195754491194079942e-02 -2.576174956589949785e-02 -5.550200694068769397e-02
4.330784162842048346e+01 2.821171047966844481e-01 -1.195217768340959587e-02 -2.575018622256254608e-02 -5.547709447266982452e-02
4.325060732265054497e+01 2.824819986956795814e-01 -1.194681095950844187e-02 -2.573862396641807618e-02 -5.545218434693714032e-02
4.319344694884475189e+01 2.828473645531457970e-01 -1.194144474360175553e-02 -2.572706280471451570e-02 -5.542727657910590661e-02
4.313636041150199674e+01 2.832132029795207950e-01 -1.193607903905395499e-02 -2.571550274470027139e-02 -5.540237118479237471e-02
4.307934761524467859e+01 2.835795145860308120e-01 -1.193071384890262605e-02 -2.570394379291962572e-02 -5.537746817809575950e-02
4.302240846481825542e+01 2.839462999846936175e-01 -1.192534917670600922e-02 -2.569238595703858541e-02 -5.535256757553194684e-02
4.296554286509135778e+01 2.843135597883177934e-01 -1.191998502598026061e-02 -2.568082924463247624e-02 -5.532766939342149970e-02
4.290875072105546906e+01 2.846812946105046205e-01 -1.191462139997356666e-02 -2.566927366269929761e-02 -5.530277364684114960e-02
4.285203193782471232e+01 2.850495050656497442e-01 -1.190925830193409647e-02 -2.565771921823702117e-02 -5.527788035086757951e-02
4.279538642063592135e+01 2.854181917689423975e-01 -1.190389573511003996e-02 -2.564616591824366021e-02 -5.525298952057754176e-02
4.273881407484818595e+01 2.857873553363686203e-01 -1.189853370274956620e-02 -2.563461376971718289e-02 -5.522810117104769156e-02
4.268231480594295135e+01 2.861569963847104270e-01 -1.189317220810086166e-02 -2.562306277965559209e-02 -5.520321531735479514e-02
4.262588851952378377e+01 2.865271155315474161e-01 -1.188781125441211103e-02 -2.561151295505689068e-02 -5.517833197457557015e-02
4.256953512131604356e+01 2.868977133952589909e-01 -1.188245084493148168e-02 -2.559996430291905031e-02 -5.515345115778669260e-02
4.251325451716703441e+01 2.872687905950230824e-01 -1.187709098290716872e-02 -2.558841683024008426e-02 -5.512857288206492873e-02
4.245704661304553440e+01 2.876403477508197026e-01 -1.187173167158733778e-02 -2.557687054401796070e-02 -5.510369716248694066e-02
4.240091131504189548e+01 2.880123854834298891e-01 -1.186637291422017529e-02 -2.556532545125068251e-02 -5.507882401412949464e-02
4.234484852936775923e+01 2.883849044144376483e-01 -1.186101471405386597e-02 -2.555378155893624909e-02 -5.505395345206928054e-02
4.228885816235583661e+01 2.887579051662316765e-01 -1.185565707433657891e-02 -2.554223887407263555e-02 -5.502908549138300215e-02
4.223294012045990797e+01 2.891313883620049707e-01 -1.185029999831650228e-02 -2.553069740365784129e-02 -5.500422014714739793e-02
4.217709431025463118e+01 2.895053546257564947e-01 -1.184494348924181560e-02 -2.551915715468986920e-02 -5.497935743443919943e-02
4.212132063843520058e+01 2.898798045822931213e-01 -1.183958755036069489e-02 -2.550761813416669091e-02 -5.495449736833506876e-02
4.206561901181751040e+01 2.902547388572288001e-01 -1.183423218450328253e-02 -2.549608034818566862e-02 -5.492963996197138682e-02
4.200998933733765028e+01 2.906301580769877768e-01 -1.182887739531848434e-02 -2.548454380460813198e-02 -5.490478523228488339e-02
4.195443152205205450e+01 2.910060628688035944e-01 -1.182352318606667320e-02 -2.547300851045834411e-02 -5.487993319440884893e-02
4.189894547313721773e+01 2.913824538607212022e-01 -1.181816955988268525e-02 -2.546147447249009349e-02 -5.485508386289391497e-02
4.184353109788941083e+01 2.917593316815985660e-01 -1.181281651990135143e-02 -2.544994169745717905e-02 -5.483023725229066447e-02
4.178818830372481585e+01 2.921366969611060571e-01 -1.180746406925750960e-02 -2.543841019211340315e-02 -5.480539337714974979e-02
4.173291699817907130e+01 2.925145503297293947e-01 -1.180211221108599072e-02 -2.542687996321255431e-02 -5.478055225202175388e-02
4.167771708890732896e+01 2.928928924187691463e-01 -1.179676094852163439e-02 -2.541535101750843836e-02 -5.475571389145730827e-02
4.162258848368406916e+01 2.932717238603422816e-01 -1.179141028469927674e-02 -2.540382336175485423e-02 -5.473087831000703757e-02
4.156753109040276684e+01 2.936510452873842270e-01 -1.178606022275375219e-02 -2.539229700270559040e-02 -5.470604552222154554e-02
4.151254481707603361e+01 2.940308573336479769e-01 -1.178071076581989514e-02 -2.538077194711445966e-02 -5.468121554265146372e-02
4.145762957183514885e+01 2.944111606337073139e-01 -1.177536191703254000e-02 -2.536924820173524359e-02 -5.465638838584739589e-02
4.140278526293018757e+01 2.947919558229558645e-01 -1.177001367952651943e-02 -2.535772577332174454e-02 -5.463156406635994583e-02
4.134801179872972909e+01 2.951732435376092645e-01 -1.176466605643668173e-02 -2.534620466862777879e-02 -5.460674259873977282e-02
4.129330908772060127e+01 2.955550244147067129e-01 -1.175931905089784568e-02 -2.533468489440711749e-02 -5.458192399753745289e-02
4.123867703850800126e+01 2.959372990921104174e-01 -1.175397266604485784e-02 -2.532316645741358729e-02 -5.455710827730363144e-02
4.118411555981505501e+01 2.963200682085084803e-01 -1.174862690501254740e-02 -2.531164936440095589e-02 -5.453229545258889838e-02
4.112962456048285986e+01 2.967033324034144548e-01 -1.174328177093496121e-02 -2.530013362212133257e-02 -5.450748553794020762e-02
4.107520394947031406e+01 2.970870923171689548e-01 -1.173793726644899865e-02 -2.528861923625574590e-02 -5.448267854559697004e-02
4.102085363585376854e+01 2.974713485909417643e-01 -1.173259339527094915e-02 -2.527710621481069064e-02 -5.445787449280867221e-02
4.096657352882721170e+01 2.978561018667306715e-01 -1.172725016042514175e-02 -2.526559456430189574e-02 -5.443307339361300179e-02
4.091236353770173650e+01 2.982413527873650771e-01 -1.172190756493589857e-02 -2.525408429124506235e-02 -5.440827526204761871e-02
4.085822357190572518e+01 2.986271019965049955e-01 -1.171656561182754519e-02 -2.524257540215590206e-02 -5.438348011215020372e-02
4.080415354098454372e+01 2.990133501386428860e-01 -1.171122430412441587e-02 -2.523106790355014728e-02 -5.435868795795846531e-02
4.075015335460030030e+01 2.994000978591057072e-01 -1.170588364485082404e-02 -2.521956180194347835e-02 -5.433389881351002870e-02
4.069622292253193052e+01 2.997873458040539174e-01 -1.170054363703110396e-02 -2.520805710385162768e-02 -5.430911269284260934e-02
4.064236215467477820e+01 3.001750946204848614e-01 -1.169520428368957254e-02 -2.519655381579029990e-02 -5.428432960999384632e-02
4.058857096104068063e+01 3.005633449562319370e-01 -1.168986558785056404e-02 -2.518505194427521007e-02 -5.425954957900144815e-02
4.053484925175771991e+01 3.009520974599663723e-01 -1.168452755253840056e-02 -2.517355149582206977e-02 -5.423477261390308862e-02
4.048119693706995292e+01 3.013413527811992787e-01 -1.167919018077740421e-02 -2.516205247694658712e-02 -5.420999872873640685e-02
4.042761392733754633e+01 3.017311115702807078e-01 -1.167385347559191100e-02 -2.515055489416448409e-02 -5.418522793753913214e-02
4.037410013303627920e+01 3.021213744784030930e-01 -1.166851744000623262e-02 -2.513905875399145146e-02 -5.416046025434888972e-02
4.032065546475770645e+01 3.025121421576001390e-01 -1.166318207704470332e-02 -2.512756406294322509e-02 -5.413569569320338115e-02
4.026727983320886750e+01 3.029034152607490427e-01 -1.165784738973164869e-02 -2.511607082753550962e-02 -5.411093426814030105e-02
4.021397314921203758e+01 3.032951944415721579e-01 -1.165251338109138911e-02 -2.510457905428399930e-02 -5.408617599319726771e-02
4.016073532370480592e+01 3.036874803546366075e-01 -1.164718005403531445e-02 -2.509308874946110726e-02 -5.406142088188779088e-02
4.010756626773977729e+01 3.040802736553561703e-01 -1.164184741135195281e-02 -2.508159991907452785e-02 -5.403666894715505181e-02
4.005446589248438016e+01 3.044735749999930574e-01 -1.163651545647272252e-02 -2.507011257051703496e-02 -5.401192020492628920e-02
4.000143410922090936e+01 3.048673850456573575e-01 -1.163118419231423152e-02 -2.505862671007225498e-02 -5.398717466873918791e-02
3.994847082934613525e+01 3.052617044503099786e-01 -1.162585362179306518e-02 -2.504714234402379003e-02 -5.396243235213136341e-02
3.989557596437137477e+01 3.056565338727622039e-01 -1.162052374782582276e-02 -2.503565947865526997e-02 -5.393769326864045199e-02
3.984274942592225699e+01 3.060518739726773574e-01 -1.161519457332910350e-02 -2.502417812025030386e-02 -5.391295743180410383e-02
3.978999112573846730e+01 3.064477254105727466e-01 -1.160986610121949800e-02 -2.501269827509249727e-02 -5.388822485515994132e-02
3.973730097567381847e+01 3.068440888478189965e-01 -1.160453833441360549e-02 -2.500121994946548354e-02 -5.386349555224561464e-02
3.968467888769586693e+01 3.072409649466432136e-01 -1.159921127582801310e-02 -2.498974314965285437e-02 -5.383876953659873926e-02
3.963212477388597677e+01 3.076383543701282086e-01 -1.159388492837932355e-02 -2.497826788193823616e-02 -5.381404682175695842e-02
3.957963854643910651e+01 3.080362577822143844e-01 -1.158855929498413435e-02 -2.496679415260524837e-02 -5.378932742125792921e-02
3.952722011766348942e+01 3.084346758477018446e-01 -1.158323437855903436e-02 -2.495532196793749311e-02 -5.376461134863926711e-02
3.947486939998080402e+01 3.088336092322493953e-01 -1.157791018202062629e-02 -2.494385133421859330e-02 -5.373989861743862229e-02
3.942258630592571222e+01 3.092330586023778194e-01 -1.157258670828549552e-02 -2.493238225773215452e-02 -5.371518924119361021e-02
3.937037074814595172e+01 3.096330246254692664e-01 -1.156726396027024303e-02 -2.492091474476179971e-02 -5.369048323344188106e-02
3.931822263940210860e+01 3.100335079697691398e-01 -1.156194194089146983e-02 -2.490944880159114833e-02 -5.366578060772109887e-02
3.926614189256735443e+01 3.104345093043878179e-01 -1.155662065306575954e-02 -2.489798443450379206e-02 -5.364108137756883748e-02
3.921412842062754578e+01 3.108360292993000984e-01 -1.155130009934338467e-02 -2.488652164899413100e-02 -5.361638555482242663e-02
3.916218213668078363e+01 3.112380686253485296e-01 -1.154598028265215598e-02 -2.487506045136994234e-02 -5.359169315307156511e-02
3.911030295393755551e+01 3.116406279542422997e-01 -1.154066120640282259e-02 -2.486360084897944536e-02 -5.356700418814751286e-02
3.905849078572043709e+01 3.120437079585596241e-01 -1.153534287339453776e-02 -2.485214284785325703e-02 -5.354231867304282827e-02
3.900674554546387895e+01 3.124473093117492994e-01 -1.153002528642645998e-02 -2.484068645402197004e-02 -5.351763662075003508e-02
3.895506714671427062e+01 3.128514326881301488e-01 -1.152470844829775638e-02 -2.482923167351620483e-02 -5.349295804426171252e-02
3.890345550312957101e+01 3.132560787628941856e-01 -1.151939236180757678e-02 -2.481777851236655411e-02 -5.346828295657038432e-02
3.885191052847933690e+01 3.136612482121060586e-01 -1.151407702975508832e-02 -2.480632697660363137e-02 -5.344361137066860196e-02
3.880043213664454527e+01 3.140669417127046614e-01 -1.150876245493944947e-02 -2.479487707225805360e-02 -5.341894329954893772e-02
3.874902024161728775e+01 3.144731599425054647e-01 -1.150344864015981870e-02 -2.478342880536041001e-02 -5.339427875620390146e-02
3.869767475750091990e+01 3.148799035801992940e-01 -1.149813558821535624e-02 -2.477198218194132107e-02 -5.336961775362608629e-02
3.864639559850958506e+01 3.152871733053561054e-01 -1.149282330190522054e-02 -2.476053720803138292e-02 -5.334496030480800899e-02
3.859518267896837074e+01 3.156949697984239855e-01 -1.148751178402857183e-02 -2.474909388966120907e-02 -5.332030642274223492e-02
3.854403591331301726e+01 3.161032937407309840e-01 -1.148220103738457724e-02 -2.473765223286141304e-02 -5.329565612042130862e-02
3.849295521608970461e+01 3.165121458144872779e-01 -1.147689106477238485e-02 -2.472621224366259099e-02 -5.327100941083777463e-02
3.844194050195510215e+01 3.169215267027844507e-01 -1.147158186899116528e-02 -2.471477392809535989e-02 -5.324636630698419831e-02
3.839099168567602760e+01 3.173314370895984893e-01 -1.146627345284007178e-02 -2.470333729219031244e-02 -5.322172682185311032e-02
3.834010868212947543e+01 3.177418776597893402e-01 -1.146096581911826284e-02 -2.469190234197806560e-02 -5.319709096843704826e-02
3.828929140630238948e+01 3.181528490991027969e-01 -1.145565897062490388e-02 -2.468046908348923291e-02 -5.317245875972861219e-02
3.823853977329144271e+01 3.185643520941723317e-01 -1.145035291015915162e-02 -2.466903752275441050e-02 -5.314783020872030500e-02
3.818785369830311538e+01 3.189763873325184296e-01 -1.144504764052016975e-02 -2.465760766580420843e-02 -5.312320532840469206e-02
3.813723309665327577e+01 3.193889555025520299e-01 -1.143974316445966512e-02 -2.464617951856701294e-02 -5.309858413155409129e-02
3.808667788376728680e+01 3.198020572935735273e-01 -1.143443948407136569e-02 -2.463475308555362203e-02 -5.307396662788670116e-02
3.803618797517977157e+01 3.202156933957748808e-01 -1.142913660303387056e-02 -2.462332837468933153e-02 -5.304935283447709260e-02
3.798576328653433620e+01 3.206298645002416681e-01 -1.142383452402413388e-02 -2.461190539174146555e-02 -5.302474276375056250e-02
3.793540373358367646e+01 3.210445712989523637e-01 -1.141853324971910978e-02 -2.460048414247734475e-02 -5.300013642813244247e-02
3.788510923218929349e+01 3.214598144847806149e-01 -1.141323278279575762e-02 -2.458906463266430711e-02 -5.297553384004808491e-02
3.783487969832129494e+01 3.218755947514969074e-01 -1.140793312593102460e-02 -2.457764686806966289e-02 -5.295093501192275898e-02
3.778471504805845171e+01 3.222919127937681205e-01 -1.140263428180187180e-02 -2.456623085446074661e-02 -5.292633995618183790e-02
3.773461519758781435e+01 3.227087693071605257e-01 -1.139733625308524990e-02 -2.455481659760486851e-02 -5.290174868525059776e-02
3.768458006320478404e+01 3.231261649881394526e-01 -1.139203904245811652e-02 -2.454340410326936658e-02 -5.287716121155439097e-02
3.763460956131291368e+01 3.235441005340708442e-01 -1.138674265259742753e-02 -2.453199337722156148e-02 -5.285257754751855608e-02
3.758470360842361657e+01 3.239625766432235321e-01 -1.138144708618012840e-02 -2.452058442522877038e-02 -5.282799770556837610e-02
3.753486212115629428e+01 3.243815940147684596e-01 -1.137615234588318543e-02 -2.450917725305832781e-02 -5.280342169812920344e-02
3.748508501623791034e+01 3.248011533487819569e-01 -1.137085843438354754e-02 -2.449777186647754748e-02 -5.277884953762634890e-02
3.743537221050311814e+01 3.252212553462449085e-01 -1.136556535435816542e-02 -2.448636827125374657e-02 -5.275428123648512324e-02
3.738572362089398382e+01 3.256419007090449180e-01 -1.136027310848400536e-02 -2.447496647315427695e-02 -5.272971680713087889e-02
3.733613916445976599e+01 3.260630901399783621e-01 -1.135498169943801108e-02 -2.446356647794644193e-02 -5.270515626198891967e-02
3.728661875835700101e+01 3.264848243427493912e-01 -1.134969112989714368e-02 -2.445216829139756909e-02 -5.268059961348458414e-02
3.723716231984912639e+01 3.269071040219734270e-01 -1.134440140253835383e-02 -2.444077191927497908e-02 -5.265604687404316225e-02
3.718776976630650921e+01 3.273299298831765514e-01 -1.133911252003859567e-02 -2.442937736734599949e-02 -5.263149805608999254e-02
3.713844101520631114e+01 3.277533026327972276e-01 -1.133382448507483028e-02 -2.441798464137796484e-02 -5.260695317205043436e-02
3.708917598413214733e+01 3.281772229781885208e-01 -1.132853730032400488e-02 -2.440659374713818192e-02 -5.258241223434975686e-02
3.703997459077424992e+01 3.286016916276173760e-01 -1.132325096790166678e-02 -2.439520468918445276e-02 -5.255787525280745942e-02
3.699083675292902740e+01 3.290267092902677826e-01 -1.131796549092461794e-02 -2.438381747423173582e-02 -5.253334224189047663e-02
3.694176238849917837e+01 3.294522766762403299e-01 -1.131268087223839987e-02 -2.437243210841055774e-02 -5.250881321480662528e-02
3.689275141549345705e+01 3.298783944965538728e-01 -1.130739711440149203e-02 -2.436104859723299196e-02 -5.248428818343131574e-02
3.684380375202641744e+01 3.303050634631479188e-01 -1.130211421997235656e-02 -2.434966694621108763e-02 -5.245976715963988901e-02
3.679491931631853419e+01 3.307322842888815173e-01 -1.129683219150948159e-02 -2.433828716085693553e-02 -5.243525015530778322e-02
3.674609802669577618e+01 3.311600576875370350e-01 -1.129155103157133966e-02 -2.432690924668258828e-02 -5.241073718231036710e-02
3.669733980158971320e+01 3.315883843738191006e-01 -1.128627074271640329e-02 -2.431553320920012973e-02 -5.238622825252305798e-02
3.664864455953729561e+01 3.320172650633567701e-01 -1.128099132750315890e-02 -2.430415905392163331e-02 -5.236172337782125236e-02
3.660001221918058434e+01 3.324467004727056363e-01 -1.127571278849007035e-02 -2.429278678635915165e-02 -5.233722257008031897e-02
3.655144269926688594e+01 3.328766913193467181e-01 -1.127043512823562403e-02 -2.428141641202476858e-02 -5.231272584117568208e-02
3.650293591864831200e+01 3.333072383216905132e-01 -1.126515834929829075e-02 -2.427004793643054714e-02 -5.228823320298270350e-02
3.645449179628190706e+01 3.337383421990755550e-01 -1.125988245423654478e-02 -2.425868136508855383e-02 -5.226374466737679358e-02
3.640611025122940703e+01 3.341700036717709654e-01 -1.125460744560887252e-02 -2.424731670351087942e-02 -5.223926024623336967e-02
3.635779120265697628e+01 3.346022234609783430e-01 -1.124933332597373957e-02 -2.423595395720956613e-02 -5.221477995142780049e-02
3.630953456983535688e+01 3.350350022888307633e-01 -1.124406009788962539e-02 -2.422459313169670475e-02 -5.219030379483548948e-02
3.626134027213942801e+01 3.354683408783966647e-01 -1.123878776391500599e-02 -2.421323423248435136e-02 -5.216583178833181927e-02
3.621320822904831971e+01 3.359022399536787384e-01 -1.123351632660836083e-02 -2.420187726508458287e-02 -5.214136394379219330e-02
3.616513836014514993e+01 3.363367002396162042e-01 -1.122824578852816245e-02 -2.419052223500947618e-02 -5.211690027309203582e-02
3.611713058511685404e+01 3.367717224620866423e-01 -1.122297615223288858e-02 -2.417916914777108392e-02 -5.209244078810668088e-02
3.606918482375417057e+01 3.372073073479058269e-01 -1.121770742028101522e-02 -2.416781800888148646e-02 -5.206798550071155968e-02
3.602130099595149204e+01 3.376434556248293917e-01 -1.121243959495949599e-02 -2.415646882326777725e-02 -5.204353442152177822e-02
3.597347902170655232e+01 3.380801680215552718e-01 -1.120717267866355379e-02 -2.414512159609030414e-02 -5.201908756165495029e-02
3.592571882112056159e+01 3.385174452677227608e-01 -1.120190667447346598e-02 -2.413377633398533506e-02 -5.199464493540849330e-02
3.587802031439782979e+01 3.389552880939158963e-01 -1.119664158483285252e-02 -2.412243304221746085e-02 -5.197020655412463996e-02
3.583038342184583058e+01 3.393936972316629053e-01 -1.119137741218532642e-02 -2.411109172605131745e-02 -5.194577242914567849e-02
3.578280806387495971e+01 3.398326734134382021e-01 -1.118611415897451458e-02 -2.409975239075152348e-02 -5.192134257181390405e-02
3.573529416099834322e+01 3.402722173726644428e-01 -1.118085182764402136e-02 -2.408841504158266630e-02 -5.189691699347151466e-02
3.568784163383192976e+01 3.407123298437115810e-01 -1.117559042063747538e-02 -2.407707968380938535e-02 -5.187249570546083322e-02
3.564045040309405010e+01 3.411530115619008652e-01 -1.117032994039848445e-02 -2.406574632269627839e-02 -5.184807871912409938e-02
3.559312038960555924e+01 3.415942632635035059e-01 -1.116507038937067202e-02 -2.405441496350796404e-02 -5.182366604580358055e-02
3.554585151428959477e+01 3.420360856857431187e-01 -1.115981176999765456e-02 -2.404308561150906437e-02 -5.179925769684157189e-02
3.549864369817132115e+01 3.424784795667977777e-01 -1.115455408472304510e-02 -2.403175827196417716e-02 -5.177485368358029222e-02
3.545149686237808595e+01 3.429214456457990168e-01 -1.114929733599047054e-02 -2.402043295013793489e-02 -5.175045401736206446e-02
3.540441092813896518e+01 3.433649846628356039e-01 -1.114404152624353349e-02 -2.400910965129492841e-02 -5.172605870952910051e-02
3.535738581678486980e+01 3.438090973589528199e-01 -1.113878665792586431e-02 -2.399778838069978673e-02 -5.170166777142368164e-02
3.531042144974837527e+01 3.442537844761541233e-01 -1.113353273348107603e-02 -2.398646914361713192e-02 -5.167728121438810995e-02
3.526351774856340171e+01 3.446990467574038153e-01 -1.112827975535277993e-02 -2.397515194531155483e-02 -5.165289904976461122e-02
3.521667463486539162e+01 3.451448849466258739e-01 -1.112302772598460464e-02 -2.396383679104768794e-02 -5.162852128889548059e-02
3.516989203039086220e+01 3.455912997887077287e-01 -1.111777664782015972e-02 -2.395252368609013943e-02 -5.160414794312295078e-02
3.512316985697754035e+01 3.460382920294992615e-01 -1.111252652330306165e-02 -2.394121263570351404e-02 -5.157977902378931695e-02
3.507650803656410687e+01 3.464858624158151379e-01 -1.110727735487693213e-02 -2.392990364515244078e-02 -5.155541454223683956e-02
3.502990649118997624e+01 3.469340116954368614e-01 -1.110202914498538418e-02 -2.391859671970152090e-02 -5.153105450980777213e-02
3.498336514299541733e+01 3.473827406171118293e-01 -1.109678189535606187e-02 -2.390729186307285689e-02 -5.150669893452113762e-02
3.493688391422112716e+01 3.478320499305571634e-01 -1.109153560924673251e-02 -2.389598908228508095e-02 -5.148234783149813892e-02
3.489046272720834452e+01 3.482819403864588215e-01 -1.108629028901603371e-02 -2.388468838241973938e-02 -5.145800121168660896e-02
3.484410150439864395e+01 3.487324127364735404e-01 -1.108104593699624912e-02 -2.387338976850158015e-02 -5.143365908591204100e-02
3.479780016833365863e+01 3.491834677332313341e-01 -1.107580255551966070e-02 -2.386209324555534431e-02 -5.140932146499992833e-02
3.475155864165522956e+01 3.496351061303343832e-01 -1.107056014691855210e-02 -2.385079881860579024e-02 -5.138498835977577811e-02
3.470537684710498638e+01 3.500873286823608654e-01 -1.106531871352519833e-02 -2.383950649267765898e-02 -5.136065978106506974e-02
3.465925470752445392e+01 3.505401361448639008e-01 -1.106007825767188479e-02 -2.382821627279570198e-02 -5.133633573969329650e-02
3.461319214585481774e+01 3.509935292743739943e-01 -1.105483878169090384e-02 -2.381692816398468457e-02 -5.131201624648597942e-02
3.456718908513673938e+01 3.514475088284009785e-01 -1.104960028791452178e-02 -2.380564217126933738e-02 -5.128770131226859097e-02
3.452124544851037058e+01 3.519020755654332921e-01 -1.104436277867503619e-02 -2.379435829967442226e-02 -5.126339094786663830e-02
3.447536115921505484e+01 3.523572302449416438e-01 -1.103912625630471683e-02 -2.378307655422467679e-02 -5.123908516410560082e-02
3.442953614058939138e+01 3.528129736273780126e-01 -1.103389072313585260e-02 -2.377179693994486628e-02 -5.121478397181099262e-02
3.438377031607096512e+01 3.532693064741780908e-01 -1.102865618150072544e-02 -2.376051946185973526e-02 -5.119048738180831393e-02
3.433806360919620460e+01 3.537262295477633378e-01 -1.102342263373161900e-02 -2.374924412499402476e-02 -5.116619540492303719e-02
3.429241594360039613e+01 3.541837436115403137e-01 -1.101819008216080829e-02 -2.373797093437249317e-02 -5.114190805198066264e-02
3.424682724301744940e+01 3.546418494299030666e-01 -1.101295852912058566e-02 -2.372669989501989540e-02 -5.111762533380671825e-02
3.420129743127971977e+01 3.551005477682352418e-01 -1.100772797694322611e-02 -2.371543101196097250e-02 -5.109334726122665565e-02
3.415582643231806514e+01 3.555598393929091383e-01 -1.100249842796101850e-02 -2.370416429022048285e-02 -5.106907384506600284e-02
3.411041417016147648e+01 3.560197250712895944e-01 -1.099726988450623610e-02 -2.369289973482315709e-02 -5.104480509615023226e-02
3.406506056893719148e+01 3.564802055717330442e-01 -1.099204234891116780e-02 -2.368163735079376747e-02 -5.102054102530484414e-02
3.401976555287043169e+01 3.569412816635896823e-01 -1.098681582305432829e-02 -2.367037714217944469e-02 -5.099628164124915541e-02
3.397452904628422488e+01 3.574029541172057400e-01 -1.098159030954538352e-02 -2.365911911460254549e-02 -5.097202695609614337e-02
3.392935097359946894e+01 3.578652237039225970e-01 -1.097636581094472985e-02 -2.364786327357927195e-02 -5.094777698173012098e-02
3.388423125933456959e+01 3.583280911960805004e-01 -1.097114232947673552e-02 -2.363660962390188788e-02 -5.092353172847569748e-02
3.383916982810553264e+01 3.587915573670177327e-01 -1.096591986736578268e-02 -2.362535817036267444e-02 -5.089929120665753759e-02
3.379416660462573674e+01 3.592556229910728316e-01 -1.096069842683625867e-02 -2.361410891775393012e-02 -5.087505542660031993e-02
3.374922151370570589e+01 3.597202888435868662e-01 -1.095547801011252653e-02 -2.360286187086790138e-02 -5.085082439862864678e-02
3.370433448025324452e+01 3.601855557009023268e-01 -1.095025861941897882e-02 -2.359161703449689021e-02 -5.082659813306721064e-02
3.365950542927298983e+01 3.606514243403673436e-01 -1.094504025697998033e-02 -2.358037441343314999e-02 -5.080237664024062072e-02
3.361473428586659651e+01 3.611178955403342439e-01 -1.093982292501992186e-02 -2.356913401246898618e-02 -5.077815993047354870e-02
3.357002097523243123e+01 3.615849700801622713e-01 -1.093460662576317688e-02 -2.355789583639666951e-02 -5.075394801409065931e-02
3.352536542266539499e+01 3.620526487402196958e-01 -1.092939136143411885e-02 -2.354665989000846033e-02 -5.072974090141656178e-02
3.348076755355702261e+01 3.625209323018827035e-01 -1.092417713425713338e-02 -2.353542617809665366e-02 -5.070553860277594860e-02
3.343622729339511324e+01 3.629898215475394485e-01 -1.091896394645659220e-02 -2.352419470545352026e-02 -5.068134112849342898e-02
3.339174456776378719e+01 3.634593172605891098e-01 -1.091375180025687744e-02 -2.351296547687133781e-02 -5.065714848889368155e-02
3.334731930234329411e+01 3.639294202254441113e-01 -1.090854069788237297e-02 -2.350173849714239788e-02 -5.063296069430136409e-02
3.330295142290979982e+01 3.644001312275323978e-01 -1.090333064155744533e-02 -2.349051377105895386e-02 -5.060877775504109277e-02
3.325864085533546444e+01 3.648714510532965472e-01 -1.089812163350648531e-02 -2.347929130341330772e-02 -5.058459968143754620e-02
3.321438752558809426e+01 3.653433804901975446e-01 -1.089291367595385772e-02 -2.346807109899771634e-02 -5.056042648381535443e-02
3.317019135973119148e+01 3.658159203267140613e-01 -1.088770677112395162e-02 -2.345685316260446435e-02 -5.053625817249916830e-02
3.312605228392379786e+01 3.662890713523443975e-01 -1.088250092124114221e-02 -2.344563749902584676e-02 -5.051209475781365948e-02
3.308197022442022472e+01 3.667628343576090910e-01 -1.087729612834304783e-02 -2.343442411265176523e-02 -5.048793624921660284e-02
3.303794510757015956e+01 3.672372101340499184e-01 -1.087209239437255531e-02 -2.342321300766803810e-02 -5.046378265572606936e-02
3.299397685981833206e+01 3.677121994742336142e-01 -1.086688972211015403e-02 -2.341200419006505065e-02 -5.043963399024795763e-02
3.295006540770455672e+01 3.681878031717510935e-01 -1.086168811367565525e-02 -2.340079766440980244e-02 -5.041549026262156369e-02
3.290621067786354814e+01 3.686640220212196728e-01 -1.085648757118888239e-02 -2.338959343526931037e-02 -5.039135148268622522e-02
3.286241259702468653e+01 3.691408568182856231e-01 -1.085128809676963804e-02 -2.337839150721056358e-02 -5.036721766028120356e-02
3.281867109201213850e+01 3.696183083596226715e-01 -1.084608969253774563e-02 -2.336719188480056511e-02 -5.034308880524585028e-02
3.277498608974445915e+01 3.700963774429366082e-01 -1.084089236061301122e-02 -2.335599457260630410e-02 -5.031896492741941979e-02
3.273135751723471998e+01 3.705750648669637326e-01 -1.083569610311525301e-02 -2.334479957519479745e-02 -5.029484603664125669e-02
3.268778530159022466e+01 3.710543714314736841e-01 -1.083050092216428922e-02 -2.333360689713304820e-02 -5.027073214275065705e-02
3.264426937001240248e+01 3.715342979372713295e-01 -1.082530681987992419e-02 -2.332241654298803854e-02 -5.024662325558691689e-02
3.260080964979677276e+01 3.720148451861963745e-01 -1.082011379838197784e-02 -2.331122851732678539e-02 -5.022251938498933921e-02
3.255740606833278150e+01 3.724960139811256954e-01 -1.081492185979027014e-02 -2.330004282471629176e-02 -5.019842054079726168e-02
3.251405855310358106e+01 3.729778051259755034e-01 -1.080973100622460367e-02 -2.328885946972354334e-02 -5.017432673284993871e-02
3.247076703168610834e+01 3.734602194257006236e-01 -1.080454123980479839e-02 -2.327767845691555357e-02 -5.015023797098671493e-02
3.242753143175073660e+01 3.739432576862982138e-01 -1.079935256265066555e-02 -2.326649979085931505e-02 -5.012615426504687249e-02
3.238435168106137496e+01 3.744269207148069878e-01 -1.079416497688201991e-02 -2.325532347612183082e-02 -5.010207562486972133e-02
3.234122770747521258e+01 3.749112093193094908e-01 -1.078897848461868141e-02 -2.324414951727010736e-02 -5.007800206029458523e-02
3.229815943894256236e+01 3.753961243089344313e-01 -1.078379308798045264e-02 -2.323297791887113384e-02 -5.005393358116072555e-02
3.225514680350691776e+01 3.758816664938557373e-01 -1.077860878908715875e-02 -2.322180868549193408e-02 -5.002987019730750773e-02
3.221218972930461177e+01 3.763678366852964974e-01 -1.077342559005860755e-02 -2.321064182169947643e-02 -5.000581191857417923e-02
3.216928814456487373e+01 3.768546356955282395e-01 -1.076824349301461030e-02 -2.319947733206078125e-02 -4.998175875480007774e-02
3.212644197760967302e+01 3.773420643378728179e-01 -1.076306249947308821e-02 -2.318831521984609026e-02 -4.995771071303072020e-02
3.208365115685345614e+01 3.778301234267052444e-01 -1.075788261218854625e-02 -2.317715549098982308e-02 -4.993366780605142802e-02
3.204091561080326045e+01 3.783188137774524673e-01 -1.075270383326834382e-02 -2.316599815003213270e-02 -4.990963004364366157e-02
3.199823526805835883e+01 3.788081362065974789e-01 -1.074752616473097742e-02 -2.315484320132174187e-02 -4.988559743517646805e-02
3.195561005731035920e+01 3.792980915316782053e-01 -1.074234960859495047e-02 -2.314369064920738725e-02 -4.986156999001892243e-02
3.191303990734295581e+01 3.797886805712901714e-01 -1.073717416687877159e-02 -2.313254049803781590e-02 -4.983754771754009966e-02
3.187052474703176586e+01 3.802799041450885542e-01 -1.073199984160093899e-02 -2.312139275216174017e-02 -4.981353062710901919e-02
3.182806450534438625e+01 3.807717630737872949e-01 -1.072682663477995957e-02 -2.311024741592791060e-02 -4.978951872809479068e-02
3.178565911134006683e+01 3.812642581791634289e-01 -1.072165454843432807e-02 -2.309910449368504648e-02 -4.976551202986643357e-02
3.174330849416976719e+01 3.817573902840555866e-01 -1.071648358458255484e-02 -2.308796398978188447e-02 -4.974151054179302284e-02
3.170101258307597192e+01 3.822511602123669361e-01 -1.071131374524314506e-02 -2.307682590856716467e-02 -4.971751427324364730e-02
3.165877130739248457e+01 3.827455687890670699e-01 -1.070614503243459519e-02 -2.306569025438961335e-02 -4.969352323358732643e-02
3.161658459654449160e+01 3.832406168401915059e-01 -1.070097744817541212e-02 -2.305455703159797060e-02 -4.966953743219315598e-02
3.157445238004824972e+01 3.837363051928452395e-01 -1.069581099448409581e-02 -2.304342624454095573e-02 -4.964555687843016235e-02
3.153237458751113564e+01 3.842326346752022448e-01 -1.069064567337915141e-02 -2.303229789756730886e-02 -4.962158158166743438e-02
3.149035114863145424e+01 3.847296061165076386e-01 -1.068548148687908754e-02 -2.302117199502577358e-02 -4.959761155127403315e-02
3.144838199319823246e+01 3.852272203470800127e-01 -1.068031843700239722e-02 -2.301004854126506918e-02 -4.957364679661900586e-02
3.140646705109132597e+01 3.857254781983106562e-01 -1.067515652576759080e-02 -2.299892754063393580e-02 -4.954968732707142748e-02
3.136460625228102828e+01 3.862243805026674970e-01 -1.066999575519316477e-02 -2.298780899748110312e-02 -4.952573315200033827e-02
3.132279952682820579e+01 3.867239280936941026e-01 -1.066483612729762775e-02 -2.297669291615529741e-02 -4.950178428077482012e-02
3.128104680488403488e+01 3.872241218060123447e-01 -1.065967764409948317e-02 -2.296557930100526917e-02 -4.947784072276393413e-02
3.123934801668985273e+01 3.877249624753244528e-01 -1.065452030725741982e-02 -2.295446815560454532e-02 -4.945390248566661900e-02
3.119770309257723540e+01 3.882264509384122375e-01 -1.064936411892744746e-02 -2.294335948459811855e-02 -4.942996957949021691e-02
3.115611196296761420e+01 3.887285880331411980e-01 -1.064420908140527484e-02 -2.293225329293193185e-02 -4.940604201489045416e-02
3.111457455837238939e+01 3.892313745984595230e-01 -1.063905519661127556e-02 -2.292114958474331110e-02 -4.938211980078089508e-02
3.107309080939271695e+01 3.897348114744005332e-01 -1.063390246646581279e-02 -2.291004836416955792e-02 -4.935820294607509706e-02
3.103166064671933810e+01 3.902388995020850682e-01 -1.062875089288924969e-02 -2.289894963534795658e-02 -4.933429145968658974e-02
3.099028400113257931e+01 3.907436395237207649e-01 -1.062360047780195119e-02 -2.288785340241581562e-02 -4.931038535052891664e-02
3.094896080350219592e+01 3.912490323826047223e-01 -1.061845122312428912e-02 -2.287675966951045053e-02 -4.928648462751564902e-02
3.090769098478715904e+01 3.917550789231257213e-01 -1.061330313077661971e-02 -2.286566844076914559e-02 -4.926258929956029570e-02
3.086647447603572658e+01 3.922617799907632818e-01 -1.060815620267931310e-02 -2.285457972032920587e-02 -4.923869937557642795e-02
3.082531120838511640e+01 3.927691364320919920e-01 -1.060301044075273071e-02 -2.284349351232793299e-02 -4.921481486447757542e-02
3.078420111306158802e+01 3.932771490947801762e-01 -1.059786584691723918e-02 -2.283240982090262508e-02 -4.919093577517728855e-02
3.074314412138022590e+01 3.937858188275927818e-01 -1.059272242309320516e-02 -2.282132865019059417e-02 -4.916706211658911085e-02
3.070214016474477248e+01 3.942951464803933215e-01 -1.058758017120099183e-02 -2.281025000432912453e-02 -4.914319389762658585e-02
3.066118917464766724e+01 3.948051329041434299e-01 -1.058243909316096756e-02 -2.279917388745553511e-02 -4.911933112720327788e-02
3.062029108266976252e+01 3.953157789509065267e-01 -1.057729919089349033e-02 -2.278810030370711018e-02 -4.909547381423270268e-02
3.057944582048034476e+01 3.958270854738472067e-01 -1.057216046631893024e-02 -2.277702925722116176e-02 -4.907162196762841766e-02
3.053865331983697828e+01 3.963390533272335703e-01 -1.056702292135765740e-02 -2.276596075213499146e-02 -4.904777559630398021e-02
3.049791351258529559e+01 3.968516833664396115e-01 -1.056188655793002633e-02 -2.275489479258589048e-02 -4.902393470917290608e-02
3.045722633065908980e+01 3.973649764479442181e-01 -1.055675137795640886e-02 -2.274383138271117780e-02 -4.900009931514878042e-02
3.041659170607994156e+01 3.978789334293356683e-01 -1.055161738335716644e-02 -2.273277052664812725e-02 -4.897626942314510512e-02
3.037600957095734344e+01 3.983935551693102428e-01 -1.054648457593939173e-02 -2.272171222829002385e-02 -4.895244504154968451e-02
3.033547985748848319e+01 3.989088425276748340e-01 -1.054135295724418879e-02 -2.271065649095706587e-02 -4.892862617751567167e-02
3.029500249795804123e+01 3.994247963653496658e-01 -1.053622252977163762e-02 -2.269960332003550726e-02 -4.890481284264741602e-02
3.025457742473829015e+01 3.999414175443669062e-01 -1.053109329534704548e-02 -2.268855271945785859e-02 -4.888100504541724456e-02
3.021420457028874296e+01 4.004587069278751077e-01 -1.052596525579571618e-02 -2.267750469315662001e-02 -4.885720279429746349e-02
3.017388386715624549e+01 4.009766653801382641e-01 -1.052083841294296045e-02 -2.266645924506430210e-02 -4.883340609776042757e-02
3.013361524797476321e+01 4.014952937665381971e-01 -1.051571276861408902e-02 -2.265541637911341541e-02 -4.880961496427847074e-02
3.009339864546520715e+01 4.020145929535770546e-01 -1.051058832463440396e-02 -2.264437609923645664e-02 -4.878582940232388532e-02
3.005323399243551918e+01 4.025345638088762557e-01 -1.050546508282921600e-02 -2.263333840936593636e-02 -4.876204942036903300e-02
3.001312122178029895e+01 4.030552072011809317e-01 -1.050034304502382894e-02 -2.262230331343435819e-02 -4.873827502688620611e-02
2.997306026648093180e+01 4.035765240003587606e-01 -1.049522221304355352e-02 -2.261127081537422923e-02 -4.871450623034775246e-02
2.993305105960536494e+01 4.040985150774025203e-01 -1.049010258871369873e-02 -2.260024091911806005e-02 -4.869074303922600599e-02
2.989309353430791916e+01 4.046211813044326422e-01 -1.048498417385956318e-02 -2.258921362859833692e-02 -4.866698546199325209e-02
2.985318762382938829e+01 4.051445235546959900e-01 -1.047986697030646799e-02 -2.257818894774759472e-02 -4.864323350712188715e-02
2.981333326149666973e+01 4.056685427025705781e-01 -1.047475097987970831e-02 -2.256716688049831276e-02 -4.861948718308416878e-02
2.977353038072288882e+01 4.061932396235640175e-01 -1.046963620440459833e-02 -2.255614743078300163e-02 -4.859574649835245175e-02
2.973377891500717141e+01 4.067186151943165129e-01 -1.046452264570644532e-02 -2.254513060253419271e-02 -4.857201146139907694e-02
2.969407879793445915e+01 4.072446702926031392e-01 -1.045941030561055134e-02 -2.253411639968435839e-02 -4.854828208069635054e-02
2.965442996317561253e+01 4.077714057973327866e-01 -1.045429918594223233e-02 -2.252310482616602660e-02 -4.852455836471662037e-02
2.961483234448704494e+01 4.082988225885526568e-01 -1.044918928852678688e-02 -2.251209588591168709e-02 -4.850084032193218569e-02
2.957528587571082923e+01 4.088269215474471530e-01 -1.044408061518952748e-02 -2.250108958285385041e-02 -4.847712796081538739e-02
2.953579049077449170e+01 4.093557035563403779e-01 -1.043897316775576137e-02 -2.249008592092503409e-02 -4.845342128983855245e-02
2.949634612369083797e+01 4.098851694986986316e-01 -1.043386694755237855e-02 -2.247908490298392362e-02 -4.842972031516056680e-02
2.945695270855797787e+01 4.104153202591300231e-01 -1.042876195687982357e-02 -2.246808653398668296e-02 -4.840602504745913220e-02
2.941761017955916202e+01 4.109461567233866353e-01 -1.042365819761191525e-02 -2.245709081797032936e-02 -4.838233549543176359e-02
2.937831847096257221e+01 4.114776797783673556e-01 -1.041855567148189041e-02 -2.244609775866901122e-02 -4.835865166712342844e-02
2.933907751712140666e+01 4.120098903121168221e-01 -1.041345438022300840e-02 -2.243510735981691512e-02 -4.833497357057918442e-02
2.929988725247355674e+01 4.125427892138295860e-01 -1.040835432556850432e-02 -2.242411962514819640e-02 -4.831130121384402676e-02
2.926074761154167803e+01 4.130763773738493350e-01 -1.040325550925162885e-02 -2.241313455839701388e-02 -4.828763460496297844e-02
2.922165852893301619e+01 4.136106556836712245e-01 -1.039815793300563444e-02 -2.240215216329756454e-02 -4.826397375198108325e-02
2.918261993933919740e+01 4.141456250359447089e-01 -1.039306159856375616e-02 -2.239117244358397943e-02 -4.824031866294330867e-02
2.914363177753632428e+01 4.146812863244722092e-01 -1.038796650765925512e-02 -2.238019540299045207e-02 -4.821666934589472625e-02
2.910469397838464189e+01 4.152176404442137203e-01 -1.038287266202536294e-02 -2.236922104525113433e-02 -4.819302580888031040e-02
2.906580647682861596e+01 4.157546882912857011e-01 -1.037778006339533723e-02 -2.235824937410019198e-02 -4.816938805994510492e-02
2.902696920789674806e+01 4.162924307629636833e-01 -1.037268871350242004e-02 -2.234728039327180810e-02 -4.814575610713413278e-02
2.898818210670139095e+01 4.168308687576848248e-01 -1.036759861407985858e-02 -2.233631410650012764e-02 -4.812212995849238922e-02
2.894944510843881957e+01 4.173700031750467998e-01 -1.036250976686090355e-02 -2.232535051751933716e-02 -4.809850962206491803e-02
2.891075814838891134e+01 4.179098349158124059e-01 -1.035742217357879177e-02 -2.231438963006358508e-02 -4.807489510589671444e-02
2.887212116191521716e+01 4.184503648819083987e-01 -1.035233583596677567e-02 -2.230343144786704063e-02 -4.805128641803279449e-02
2.883353408446480159e+01 4.189915939764279340e-01 -1.034725075575810942e-02 -2.229247597466389383e-02 -4.802768356651821585e-02
2.879499685156801547e+01 4.195335231036335655e-01 -1.034216693468602635e-02 -2.228152321418828616e-02 -4.800408655939795294e-02
2.875650939883861312e+01 4.200761531689557460e-01 -1.033708437448378238e-02 -2.227057317017439378e-02 -4.798049540471705648e-02
2.871807166197338645e+01 4.206194850789977124e-01 -1.033200307688461779e-02 -2.225962584635637898e-02 -4.795691011052051478e-02
2.867968357675229285e+01 4.211635197415340981e-01 -1.032692304334464038e-02 -2.224868124587132609e-02 -4.793333068356697702e-02
2.864134507903824201e+01 4.217082580655135970e-01 -1.032184427561503963e-02 -2.223773937249206092e-02 -4.790975713198473984e-02
2.860305610477690408e+01 4.222537009610617398e-01 -1.031676677574494029e-02 -2.222680023063328472e-02 -4.788618946528502146e-02
2.856481658999680207e+01 4.227998493394797830e-01 -1.031169054537840572e-02 -2.221586382383702873e-02 -4.786262769109887044e-02
2.852662647080898850e+01 4.233467041132490394e-01 -1.030661558615948194e-02 -2.220493015564528258e-02 -4.783907181705727291e-02
2.848848568340712362e+01 4.238942661960300451e-01 -1.030154189973222709e-02 -2.219399922960005669e-02 -4.781552185079126355e-02
2.845039416406728350e+01 4.244425365026650021e-01 -1.029646948774069586e-02 -2.218307104924337192e-02 -4.779197779993189787e-02
2.841235184914778600e+01 4.249915159491804983e-01 -1.029139835182894293e-02 -2.217214561811722481e-02 -4.776843967211016895e-02
2.837435867508926179e+01 4.255412054527864529e-01 -1.028632849364102646e-02 -2.216122293976363275e-02 -4.774490747495713228e-02
2.833641457841433819e+01 4.260916059318806126e-01 -1.028125991482099419e-02 -2.215030301772459576e-02 -4.772138121610378092e-02
2.829851949572771375e+01 4.266427183060474970e-01 -1.027619261701290081e-02 -2.213938585554211733e-02 -4.769786090318115651e-02
2.826067336371598770e+01 4.271945434960608967e-01 -1.027112660186081314e-02 -2.212847145675822871e-02 -4.767434654382030068e-02
2.822287611914745398e+01 4.277470824238868152e-01 -1.026606187100876852e-02 -2.211755982491491607e-02 -4.765083814565220649e-02
2.818512769887219349e+01 4.283003360126822479e-01 -1.026099842610083725e-02 -2.210665096355419676e-02 -4.762733571630793639e-02
2.814742803982175801e+01 4.288543051867995670e-01 -1.025593626878106013e-02 -2.209574487621807776e-02 -4.760383926341846955e-02
2.810977707900925182e+01 4.294089908717856896e-01 -1.025087540069350052e-02 -2.208484156644856256e-02 -4.758034879461486844e-02
2.807217475352912572e+01 4.299643939943846860e-01 -1.024581582348221484e-02 -2.207394103778767200e-02 -4.755686431752816079e-02
2.803462100055702066e+01 4.305205154825403335e-01 -1.024075753879125084e-02 -2.206304329377740611e-02 -4.753338583978935356e-02
2.799711575734981750e+01 4.310773562653954505e-01 -1.023570054826466666e-02 -2.205214833795977186e-02 -4.750991336902947448e-02
2.795965896124542738e+01 4.316349172732947825e-01 -1.023064485354652046e-02 -2.204125617387678315e-02 -4.748644691287956521e-02
2.792225054966263187e+01 4.321931994377874453e-01 -1.022559045628086000e-02 -2.203036680507044001e-02 -4.746298647897063266e-02
2.788489046010116468e+01 4.327522036916258696e-01 -1.022053735806114153e-02 -2.201948023497373938e-02 -4.743953207469883693e-02
2.784757863014138124e+01 4.333119309687704646e-01 -1.021548556007219853e-02 -2.200859646613933032e-02 -4.741608370556369551e-02
2.781031499744434399e+01 4.338723822043885625e-01 -1.021043506455445588e-02 -2.199771550339405315e-02 -4.739264138196433440e-02
2.777309949975164471e+01 4.344335583348569729e-01 -1.020538587306561544e-02 -2.198683735009388310e-02 -4.736920511113094923e-02
2.773593207488521983e+01 4.349954602977648133e-01 -1.020033798716337911e-02 -2.197596200959478149e-02 -4.734577490029378416e-02
2.769881266074742499e+01 4.355580890319123433e-01 -1.019529140840546091e-02 -2.196508948525274091e-02 -4.732235075668308338e-02
2.766174119532072595e+01 4.361214454773156279e-01 -1.019024613834955927e-02 -2.195421978042372615e-02 -4.729893268752904251e-02
2.762471761666778747e+01 4.366855305752053162e-01 -1.018520217855337952e-02 -2.194335289846371245e-02 -4.727552070006190571e-02
2.758774186293126007e+01 4.372503452680296943e-01 -1.018015953057463743e-02 -2.193248884272868890e-02 -4.725211480151193105e-02
2.755081387233363799e+01 4.378158904994569056e-01 -1.017511819597102622e-02 -2.192162761657461337e-02 -4.722871499910930720e-02
2.751393358317731952e+01 4.383821672143742298e-01 -1.017007817630025991e-02 -2.191076922335747496e-02 -4.720532130008429916e-02
2.747710093384428021e+01 4.389491763588926898e-01 -1.016503947312003865e-02 -2.189991366643323153e-02 -4.718193371166708866e-02
2.744031586279618296e+01 4.395169188803457194e-01 -1.016000208798807300e-02 -2.188906094915787567e-02 -4.715855224108795457e-02
2.740357830857418264e+01 4.400853957272921058e-01 -1.015496602246206831e-02 -2.187821107488737565e-02 -4.713517689557710638e-02
2.736688820979874137e+01 4.406546078495187091e-01 -1.014993127809972646e-02 -2.186736404697770322e-02 -4.711180768236476052e-02
2.733024550516970663e+01 4.412245561980392417e-01 -1.014489785645875976e-02 -2.185651986878484748e-02 -4.708844460868119586e-02
2.729365013346601287e+01 4.417952417250990971e-01 -1.013986575909686660e-02 -2.184567854366476630e-02 -4.706508768175656637e-02
2.725710203354575611e+01 4.423666653841740737e-01 -1.013483498757175409e-02 -2.183484007497343837e-02 -4.704173690882115788e-02
2.722060114434599853e+01 4.429388281299733165e-01 -1.012980554344113278e-02 -2.182400446606685279e-02 -4.701839229710518681e-02
2.718414740488261927e+01 4.435117309184418155e-01 -1.012477742826270628e-02 -2.181317172030097437e-02 -4.699505385383888345e-02
2.714774075425036770e+01 4.440853747067595170e-01 -1.011975064359417996e-02 -2.180234184103177833e-02 -4.697172158625247118e-02
2.711138113162256502e+01 4.446597604533459869e-01 -1.011472519099325743e-02 -2.179151483161523989e-02 -4.694839550157618030e-02
2.707506847625118240e+01 4.452348891178592449e-01 -1.010970107160736632e-02 -2.178069069452341286e-02 -4.692507560513588943e-02
2.703880272746665625e+01 4.458107616611984847e-01 -1.010467828733465842e-02 -2.176986943384575171e-02 -4.690176190574205095e-02
2.700258382467773544e+01 4.463873790455069046e-01 -1.009965683983327783e-02 -2.175905105315460025e-02 -4.687845441109106392e-02
2.696641170737150617e+01 4.469647422341707643e-01 -1.009463673057736134e-02 -2.174823555562590063e-02 -4.685515312802528837e-02
2.693028631511315041e+01 4.475428521918236591e-01 -1.008961796104102665e-02 -2.173742294443554643e-02 -4.683185806338695245e-02
2.689420758754597784e+01 4.481217098843459645e-01 -1.008460053269840881e-02 -2.172661322275946591e-02 -4.680856922401840925e-02
2.685817546439126247e+01 4.487013162788671128e-01 -1.007958444702364287e-02 -2.171580639377357347e-02 -4.678528661676197020e-02
2.682218988544807914e+01 4.492816723437687010e-01 -1.007456970549084480e-02 -2.170500246065377309e-02 -4.676201024845988430e-02
2.678625079059335334e+01 4.498627790486833256e-01 -1.006955630957415485e-02 -2.169420142657599304e-02 -4.673874012595449767e-02
2.675035811978157696e+01 4.504446373644992452e-01 -1.006454426074769766e-02 -2.168340329471614078e-02 -4.671547625608808707e-02
2.671451181304488642e+01 4.510272482633592706e-01 -1.005953356048560135e-02 -2.167260806825012376e-02 -4.669221864570295699e-02
2.667871181049288154e+01 4.516106127186635399e-01 -1.005452421026200097e-02 -2.166181575035388066e-02 -4.666896730164143969e-02
2.664295805231244074e+01 4.521947317050725723e-01 -1.004951621155101595e-02 -2.165102634420330158e-02 -4.664572223074578416e-02
2.660725047876778504e+01 4.527796061985062126e-01 -1.004450956582678307e-02 -2.164023985297431479e-02 -4.662248343985833654e-02
2.657158903020030394e+01 4.533652371761465183e-01 -1.003950427456343220e-02 -2.162945627984283817e-02 -4.659925093582138050e-02
2.653597364702836714e+01 4.539516256164407570e-01 -1.003450033923508622e-02 -2.161867562798477221e-02 -4.657602472547720668e-02
2.650040426974741337e+01 4.545387724991000744e-01 -1.002949776131588193e-02 -2.160789790057604867e-02 -4.655280481566814732e-02
2.646488083892964838e+01 4.551266788051043788e-01 -1.002449654227993876e-02 -2.159712310079256806e-02 -4.652959121323646530e-02
2.642940329522410892e+01 4.557153455167012868e-01 -1.001949668360139004e-02 -2.158635123181024476e-02 -4.650638392502447205e-02
2.639397157935650640e+01 4.563047736174087321e-01 -1.001449818675437253e-02 -2.157558229680501746e-02 -4.648318295787451371e-02
2.635858563212904926e+01 4.568949640920179633e-01 -1.000950105321300569e-02 -2.156481629895277280e-02 -4.645998831862883233e-02
2.632324539442049272e+01 4.574859179265924891e-01 -1.000450528424542268e-02 -2.155405324098562739e-02 -4.643680001317358752e-02
2.628795080718588650e+01 4.580776361084726855e-01 -9.999510881243130200e-03 -2.154329312590149217e-02 -4.641361804796758500e-02
2.625270181145661041e+01 4.586701196262747970e-01 -9.994517846027341570e-03 -2.153253595762404451e-02 -4.639044243146414614e-02
2.621749834834022508e+01 4.592633694698937674e-01 -9.989526179991310359e-03 -2.152178173915496318e-02 -4.636727317013017435e-02
2.618234035902027657e+01 4.598573866305061819e-01 -9.984535884528286664e-03 -2.151103047349591652e-02 -4.634411027043257303e-02
2.614722778475641007e+01 4.604521721005687684e-01 -9.979546961031532729e-03 -2.150028216364859371e-02 -4.632095373883830108e-02
2.611216056688402176e+01 4.610477268738237822e-01 -9.974559410894293446e-03 -2.148953681261465617e-02 -4.629780358181420641e-02
2.607713864681438309e+01 4.616440519452974511e-01 -9.969573235509829323e-03 -2.147879442339578268e-02 -4.627465980582724098e-02
2.604216196603443123e+01 4.622411483113030295e-01 -9.964588436271400868e-03 -2.146805499899366587e-02 -4.625152241734434982e-02
2.600723046610662692e+01 4.628390169694436285e-01 -9.959605014572252973e-03 -2.145731854240996717e-02 -4.622839142283240166e-02
2.597234408866900779e+01 4.634376589186109396e-01 -9.954622971805647882e-03 -2.144658505664636880e-02 -4.620526682875834845e-02
2.593750277543490412e+01 4.640370751589904530e-01 -9.949642309364833959e-03 -2.143585454470454260e-02 -4.618214864158907279e-02
2.590270646819300282e+01 4.646372666920600136e-01 -9.944663028643069974e-03 -2.142512700958616387e-02 -4.615903686779151277e-02
2.586795510880720173e+01 4.652382345205926528e-01 -9.939685131033614701e-03 -2.141440245429292524e-02 -4.613593151383259261e-02
2.583324863921640357e+01 4.658399796486598632e-01 -9.934708617929713034e-03 -2.140368088182648468e-02 -4.611283258617919489e-02
2.579858700143462613e+01 4.664425030816299889e-01 -9.929733490724628950e-03 -2.139296229518853135e-02 -4.608974009129827160e-02
2.576397013755067888e+01 4.670458058261734990e-01 -9.924759750811612546e-03 -2.138224669738073361e-02 -4.606665403565672612e-02
2.572939798972825898e+01 4.676498888902615447e-01 -9.919787399583919127e-03 -2.137153409140476329e-02 -4.604357442572146186e-02
2.569487050020576646e+01 4.682547532831691228e-01 -9.914816438434807463e-03 -2.136082448026231650e-02 -4.602050126795941692e-02
2.566038761129614798e+01 4.688604000154777962e-01 -9.909846868757527655e-03 -2.135011786695505120e-02 -4.599743456883748777e-02
2.562594926538696072e+01 4.694668300990745835e-01 -9.904878691945335004e-03 -2.133941425448466003e-02 -4.597437433482261249e-02
2.559155540494008463e+01 4.700740445471570661e-01 -9.899911909391486547e-03 -2.132871364585280094e-02 -4.595132057238168061e-02
2.555720597249180059e+01 4.706820443742318338e-01 -9.894946521973747161e-03 -2.131801604295057231e-02 -4.592827328558894001e-02
2.552290091065261279e+01 4.712908305961178157e-01 -9.889982531682894179e-03 -2.130732145006697387e-02 -4.590523248368474918e-02
2.548864016210708883e+01 4.719004042299491108e-01 -9.885019939836450081e-03 -2.129662987004053015e-02 -4.588219817278452878e-02
2.545442366961393077e+01 4.725107662941734898e-01 -9.880058747749387305e-03 -2.128594130570424930e-02 -4.585917035899180622e-02
2.542025137600567675e+01 4.731219178085580013e-01 -9.875098956736652264e-03 -2.127525575989110476e-02 -4.583614904841004645e-02
2.538612322418880041e+01 4.737338597941870844e-01 -9.870140568113213927e-03 -2.126457323543410813e-02 -4.581313424714276994e-02
2.535203915714350131e+01 4.743465932734660662e-01 -9.865183583194032588e-03 -2.125389373516626060e-02 -4.579012596129351798e-02
2.531799911792358060e+01 4.749601192701239372e-01 -9.860228003294061599e-03 -2.124321726192053561e-02 -4.576712419696573469e-02
2.528400304965646583e+01 4.755744388092123520e-01 -9.855273829728264726e-03 -2.123254381852994824e-02 -4.574412896026295444e-02
2.525005089554304405e+01 4.761895529171090158e-01 -9.850321063811603994e-03 -2.122187340782748927e-02 -4.572114025728869074e-02
2.521614259885751608e+01 4.768054626215201819e-01 -9.845369706859036230e-03 -2.121120603264614254e-02 -4.569815809414640856e-02
2.518227810294742852e+01 4.774221689514799305e-01 -9.840419760185523460e-03 -2.120054169581891967e-02 -4.567518247693965611e-02
2.514845735123343573e+01 4.780396729373547204e-01 -9.835471225106020773e-03 -2.118988040017880103e-02 -4.565221341177189834e-02
2.511468028720933532e+01 4.786579756108426675e-01 -9.830524102935491934e-03 -2.117922214855878782e-02 -4.562925090474664880e-02
2.508094685444192606e+01 4.792770780049761536e-01 -9.825578394988900705e-03 -2.116856694379188469e-02 -4.560629496196744875e-02
2.504725699657082316e+01 4.798969811541250463e-01 -9.820634102581198704e-03 -2.115791478871106857e-02 -4.558334558953774235e-02
2.501361065730854705e+01 4.805176860939953110e-01 -9.815691227027353166e-03 -2.114726568614935451e-02 -4.556040279356107087e-02
2.498000778044023562e+01 4.811391938616342290e-01 -9.810749769642317444e-03 -2.113661963893971943e-02 -4.553746658014092008e-02
2.494644830982369754e+01 4.817615054954292320e-01 -9.805809731741053567e-03 -2.112597664991516452e-02 -4.551453695538078270e-02
2.491293218938927367e+01 4.823846220351107328e-01 -9.800871114638527032e-03 -2.111533672190869793e-02 -4.549161392538420695e-02
2.487945936313966655e+01 4.830085445217551787e-01 -9.795933919649689459e-03 -2.110469985775329307e-02 -4.546869749625465085e-02
2.484602977514999722e+01 4.836332739977839412e-01 -9.790998147758168957e-03 -2.109406605956811592e-02 -4.544578767255770535e-02
2.481264336956753169e+01 4.842588115069683674e-01 -9.786063800501284410e-03 -2.108343533066521849e-02 -4.542288446142898201e-02
2.477930009061176619e+01 4.848851580944284478e-01 -9.781130879336703138e-03 -2.107280767418505049e-02 -4.539998786963436728e-02
2.474599988257424243e+01 4.855123148066360361e-01 -9.776199385503605774e-03 -2.106218309279735135e-02 -4.537709790292564216e-02
2.471274268981839128e+01 4.861402826914178466e-01 -9.771269320241167747e-03 -2.105156158917183967e-02 -4.535421456705453214e-02
2.467952845677960383e+01 4.867690627979540663e-01 -9.766340684788581833e-03 -2.104094316597826184e-02 -4.533133786777285290e-02
2.464635712796496847e+01 4.873986561767835735e-01 -9.761413480385018257e-03 -2.103032782588634686e-02 -4.530846781083234381e-02
2.461322864795330290e+01 4.880290638798028824e-01 -9.756487708269661122e-03 -2.101971557156583070e-02 -4.528560440198478587e-02
2.458014296139503330e+01 4.886602869602689192e-01 -9.751563369681697999e-03 -2.100910640568645626e-02 -4.526274764698196007e-02
2.454710001301200606e+01 4.892923264728022414e-01 -9.746640465860300848e-03 -2.099850033091794910e-02 -4.523989755157561965e-02
2.451409974759755883e+01 4.899251834733857613e-01 -9.741718998044658975e-03 -2.098789734993005904e-02 -4.521705412151755948e-02
2.448114211001626828e+01 4.905588590193699083e-01 -9.736798967473947811e-03 -2.097729746539249776e-02 -4.519421736255950506e-02
2.444822704520398204e+01 4.911933541694714078e-01 -9.731880375387351456e-03 -2.096670067997501857e-02 -4.517138728045326512e-02
2.441535449816768377e+01 4.918286699837763898e-01 -9.726963223024055749e-03 -2.095610699634736090e-02 -4.514856388095061374e-02
2.438252441398532255e+01 4.924648075237433864e-01 -9.722047511623232649e-03 -2.094551641717924337e-02 -4.512574716980329026e-02
2.434973673780589820e+01 4.931017678522019998e-01 -9.717133242424071463e-03 -2.093492894514041233e-02 -4.510293715276309651e-02
2.431699141484914861e+01 4.937395520333584531e-01 -9.712220416665747619e-03 -2.092434458290060029e-02 -4.508013383558177184e-02
2.428428839040565634e+01 4.943781611327939807e-01 -9.707309035587445220e-03 -2.091376333312953625e-02 -4.505733722401110419e-02
2.425162760983668164e+01 4.950175962174679922e-01 -9.702399100428346634e-03 -2.090318519849697007e-02 -4.503454732380288150e-02
2.421900901857397415e+01 4.956578583557214035e-01 -9.697490612427630760e-03 -2.089261018167262035e-02 -4.501176414070882925e-02
2.418643256211988302e+01 4.962989486172750819e-01 -9.692583572824481700e-03 -2.088203828532624040e-02 -4.498898768048075619e-02
2.415389818604705496e+01 4.969408680732352313e-01 -9.687677982713390271e-03 -2.087146951181582596e-02 -4.496621794819884860e-02
2.412140583599850885e+01 4.975836177960921147e-01 -9.682773843166519664e-03 -2.086090386345128972e-02 -4.494345494883960485e-02
2.408895545768747937e+01 4.982271988597232748e-01 -9.677871155794029803e-03 -2.085034134370161718e-02 -4.492069868987676184e-02
2.405654699689726428e+01 4.988716123393964197e-01 -9.672969921761795375e-03 -2.083978195507860467e-02 -4.489794917672181029e-02
2.402418039948125639e+01 4.995168593117687572e-01 -9.668070142235706682e-03 -2.082922570009409363e-02 -4.487520641478635886e-02
2.399185561136279432e+01 5.001629408548899924e-01 -9.663171818381657494e-03 -2.081867258125992201e-02 -4.485247040948198149e-02
2.395957257853499911e+01 5.008098580482056583e-01 -9.658274951365524233e-03 -2.080812260108788961e-02 -4.482974116622021749e-02
2.392733124706085235e+01 5.014576119725555614e-01 -9.653379542353202405e-03 -2.079757576208984479e-02 -4.480701869041266161e-02
2.389513156307291197e+01 5.021062037101792219e-01 -9.648485592510570169e-03 -2.078703206677760124e-02 -4.478430298747082539e-02
2.386297347277338332e+01 5.027556343447148191e-01 -9.643593103003517825e-03 -2.077649151766299343e-02 -4.476159406280633135e-02
2.383085692243397702e+01 5.034059049612018555e-01 -9.638702074997933938e-03 -2.076595411725784893e-02 -4.473889192183072572e-02
2.379878185839572424e+01 5.040570166460848212e-01 -9.633812509659700138e-03 -2.075541986807397793e-02 -4.471619656995555470e-02
2.376674822706907264e+01 5.047089704872114169e-01 -9.628924408154710193e-03 -2.074488877262323228e-02 -4.469350801259242695e-02
2.373475597493359501e+01 5.053617675738383275e-01 -9.624037771648840528e-03 -2.073436083341740829e-02 -4.467082625515286787e-02
2.370280504853807102e+01 5.060154089966296675e-01 -9.619152601307984912e-03 -2.072383605296835435e-02 -4.464815130304845142e-02
2.367089539450032021e+01 5.066698958476603121e-01 -9.614268898298031912e-03 -2.071331443378789453e-02 -4.462548316169077239e-02
2.363902695950705635e+01 5.073252292204190050e-01 -9.609386663784859686e-03 -2.070279597838785290e-02 -4.460282183649135618e-02
2.360719969031394783e+01 5.079814102098068052e-01 -9.604505898934363739e-03 -2.069228068928005010e-02 -4.458016733286180450e-02
2.357541353374535831e+01 5.086384399121428590e-01 -9.599626604912422229e-03 -2.068176856897631713e-02 -4.455751965621364274e-02
2.354366843669438580e+01 5.092963194251631798e-01 -9.594748782884925456e-03 -2.067125961998847808e-02 -4.453487881195847264e-02
2.351196434612275610e+01 5.099550498480233118e-01 -9.589872434017765457e-03 -2.066075384482836744e-02 -4.451224480550785428e-02
2.348030120906062379e+01 5.106146322813018834e-01 -9.584997559476818654e-03 -2.065025124600779541e-02 -4.448961764227333388e-02
2.344867897260665757e+01 5.112750678269992743e-01 -9.580124159996584315e-03 -2.063975182510920103e-02 -4.446699732566414265e-02
2.341709758392778085e+01 5.119363575885429452e-01 -9.575252237209666215e-03 -2.062925558564990269e-02 -4.444438386325815643e-02
2.338555699025921797e+01 5.125985026707862158e-01 -9.570381792258258330e-03 -2.061876253009070278e-02 -4.442177726035698160e-02
2.335405713890436274e+01 5.132615041800114852e-01 -9.565512826237363223e-03 -2.060827266079070033e-02 -4.439917752204315671e-02
2.332259797723459727e+01 5.139253632239334513e-01 -9.560645340241973045e-03 -2.059778598010898742e-02 -4.437658465339918562e-02
2.329117945268939494e+01 5.145900809116975561e-01 -9.555779335367090357e-03 -2.058730249040467697e-02 -4.435399865950762771e-02
2.325980151277602204e+01 5.152556583538856483e-01 -9.550914812707709048e-03 -2.057682219403685758e-02 -4.433141954545097990e-02
2.322846410506962300e+01 5.159220966625147620e-01 -9.546051773358826473e-03 -2.056634509336463870e-02 -4.430884731631179463e-02
2.319716717721306054e+01 5.165893969510402250e-01 -9.541190218415448662e-03 -2.055587119074712629e-02 -4.428628197717261045e-02
2.316591067691676997e+01 5.172575603343587680e-01 -9.536330148972562565e-03 -2.054540048854340897e-02 -4.426372353311592428e-02
2.313469455195879121e+01 5.179265879288076357e-01 -9.531471566125177680e-03 -2.053493298911260659e-02 -4.424117198922432326e-02
2.310351875018458045e+01 5.185964808521692504e-01 -9.526614470968277487e-03 -2.052446869481379388e-02 -4.421862735058025573e-02
2.307238321950698534e+01 5.192672402236709894e-01 -9.521758864596869751e-03 -2.051400760800609416e-02 -4.419608962226630883e-02
2.304128790790616321e+01 5.199388671639874060e-01 -9.516904748105953563e-03 -2.050354973104860992e-02 -4.417355880936502111e-02
2.301023276342939994e+01 5.206113627952441147e-01 -9.512052122590519340e-03 -2.049309506630042632e-02 -4.415103491695887561e-02
2.297921773419116320e+01 5.212847282410163485e-01 -9.507200989145571379e-03 -2.048264361612065973e-02 -4.412851795013044559e-02
2.294824276837286803e+01 5.219589646263342875e-01 -9.502351348866105302e-03 -2.047219538286839530e-02 -4.410600791396222797e-02
2.291730781422293006e+01 5.226340730776819488e-01 -9.497503202847116729e-03 -2.046175036890274940e-02 -4.408350481353677519e-02
2.288641282005661282e+01 5.233100547230001842e-01 -9.492656552183608223e-03 -2.045130857658281759e-02 -4.406100865393660498e-02
2.285555773425588200e+01 5.239869106916903441e-01 -9.487811397970573671e-03 -2.044087000826770237e-02 -4.403851944024425591e-02
2.282474250526943393e+01 5.246646421146131667e-01 -9.482967741303012163e-03 -2.043043466631650276e-02 -4.401603717754224571e-02
2.279396708161257479e+01 5.253432501240917762e-01 -9.478125583012817282e-03 -2.042000255252148649e-02 -4.399356186969190230e-02
2.276323141186702870e+01 5.260227358539155684e-01 -9.473284924316842034e-03 -2.040957366950426830e-02 -4.397109352234132573e-02
2.273253544468105147e+01 5.267031004393383231e-01 -9.468445766487434967e-03 -2.039914802000605820e-02 -4.394863214139626412e-02
2.270187912876911440e+01 5.273843450170843106e-01 -9.463608110550979918e-03 -2.038872560623811864e-02 -4.392617773162074690e-02
2.267126241291202504e+01 5.280664707253464041e-01 -9.458771957533869401e-03 -2.037830643041175366e-02 -4.390373029777888680e-02
2.264068524595674603e+01 5.287494787037896327e-01 -9.453937308462497663e-03 -2.036789049473825691e-02 -4.388128984463476878e-02
2.261014757681625653e+01 5.294333700935545117e-01 -9.449104164363245073e-03 -2.035747780142890470e-02 -4.385885637695243616e-02
2.257964935446959842e+01 5.301181460372558218e-01 -9.444272526262509349e-03 -2.034706835269500455e-02 -4.383642989949600860e-02
2.254919052796164891e+01 5.308038076789879378e-01 -9.439442395186670859e-03 -2.033666215074781541e-02 -4.381401041702951554e-02
2.251877104640316674e+01 5.314903561643236074e-01 -9.434613772162127321e-03 -2.032625919779865176e-02 -4.379159793431706277e-02
2.248839085897063939e+01 5.321777926403172820e-01 -9.429786658215266043e-03 -2.031585949605879682e-02 -4.376919245612273524e-02
2.245804991490614455e+01 5.328661182555085585e-01 -9.424961054372472599e-03 -2.030546304773953384e-02 -4.374679398721058321e-02
2.242774816351742118e+01 5.335553341599204025e-01 -9.420136961660144706e-03 -2.029506985505216340e-02 -4.372440253234472635e-02
2.239748555417758880e+01 5.342454415050655880e-01 -9.415314381104660998e-03 -2.028467992020795488e-02 -4.370201809628920103e-02
2.236726203632524346e+01 5.349364414439442550e-01 -9.410493313732415724e-03 -2.027429324541820885e-02 -4.367964068380809223e-02
2.233707755946427298e+01 5.356283351310484608e-01 -9.405673760569801395e-03 -2.026390983289422243e-02 -4.365727029966549877e-02
2.230693207316375393e+01 5.363211237223644012e-01 -9.400855722643201851e-03 -2.025352968484726499e-02 -4.363490694862546398e-02
2.227682552705796937e+01 5.370148083753718549e-01 -9.396039200979014808e-03 -2.024315280348864751e-02 -4.361255063545212834e-02
2.224675787084618861e+01 5.377093902490496236e-01 -9.391224196603617166e-03 -2.023277919102963937e-02 -4.359020136490948660e-02
2.221672905429272760e+01 5.384048705038737559e-01 -9.386410710543406644e-03 -2.022240884968153421e-02 -4.356785914176166535e-02
2.218673902722677482e+01 5.391012503018217661e-01 -9.381598743824775752e-03 -2.021204178165563956e-02 -4.354552397077274956e-02
2.215678773954227054e+01 5.397985308063751875e-01 -9.376788297382220028e-03 -2.020167798896525466e-02 -4.352319585628029036e-02
2.212687514119797427e+01 5.404967131825185733e-01 -9.371979372005562539e-03 -2.019131747331201140e-02 -4.350087480195032053e-02
2.209700118221718768e+01 5.411957985967452700e-01 -9.367171969108741697e-03 -2.018096023774213973e-02 -4.347856081434575692e-02
2.206716581268783983e+01 5.418957882170558626e-01 -9.362366089651826331e-03 -2.017060628432405106e-02 -4.345625389792285437e-02
2.203736898276233092e+01 5.425966832129616169e-01 -9.357561734594881803e-03 -2.016025561512613945e-02 -4.343395405713782603e-02
2.200761064265739009e+01 5.432984847554880314e-01 -9.352758904897973471e-03 -2.014990823221680591e-02 -4.341166129644691285e-02
2.197789074265413589e+01 5.440011940171731730e-01 -9.347957601521170168e-03 -2.013956413766445144e-02 -4.338937562030635575e-02
2.194820923309782401e+01 5.447048121720737823e-01 -9.343157825424532048e-03 -2.012922333353746665e-02 -4.336709703317236098e-02
2.191856606439792543e+01 5.454093403957633868e-01 -9.338359577568131412e-03 -2.011888582190426641e-02 -4.334482553950116945e-02
2.188896118702795235e+01 5.461147798653364083e-01 -9.333562858912030150e-03 -2.010855160483324133e-02 -4.332256114374904293e-02
2.185939455152534805e+01 5.468211317594108278e-01 -9.328767670416295357e-03 -2.009822068439278894e-02 -4.330030385037216684e-02
2.182986610849151532e+01 5.475283972581272973e-01 -9.323974013040995865e-03 -2.008789306265131372e-02 -4.327805366382680985e-02
2.180037580859159618e+01 5.482365775431549126e-01 -9.319181887746191828e-03 -2.007756874167720973e-02 -4.325581058856917821e-02
2.177092360255451808e+01 5.489456737976894374e-01 -9.314391295491953812e-03 -2.006724772353888145e-02 -4.323357462905551285e-02
2.174150944117285178e+01 5.496556872064572996e-01 -9.309602237238348912e-03 -2.005693001030473335e-02 -4.321134578974206164e-02
2.171213327530267279e+01 5.503666189557184785e-01 -9.304814713945439020e-03 -2.004661560404314910e-02 -4.318912407508503082e-02
2.168279505586359690e+01 5.510784702332659490e-01 -9.300028726573289495e-03 -2.003630450682254011e-02 -4.316690948954064744e-02
2.165349473383864520e+01 5.517912422284290130e-01 -9.295244276081974372e-03 -2.002599672071130738e-02 -4.314470203756518712e-02
2.162423226027408774e+01 5.525049361320765184e-01 -9.290461363431550337e-03 -2.001569224777784151e-02 -4.312250172361483530e-02
2.159500758627951456e+01 5.532195531366159713e-01 -9.285679989582091426e-03 -2.000539109009055738e-02 -4.310030855214585371e-02
2.156582066302758705e+01 5.539350944359988649e-01 -9.280900155493656059e-03 -1.999509324971783519e-02 -4.307812252761444860e-02
2.153667144175410186e+01 5.546515612257195693e-01 -9.276121862126313067e-03 -1.998479872872807941e-02 -4.305594365447686089e-02
2.150755987375784173e+01 5.553689547028187734e-01 -9.271345110082212723e-03 -1.997450752841859259e-02 -4.303377193552802848e-02
2.147848591040044752e+01 5.560872760658868152e-01 -9.266569900675101015e-03 -1.996421965161974260e-02 -4.301160737686582358e-02
2.144944950310646092e+01 5.568065265150623500e-01 -9.261796234885197321e-03 -1.995393510044335406e-02 -4.298944998304000259e-02
2.142045060336308993e+01 5.575267072520383449e-01 -9.257024113608427335e-03 -1.994365387681964336e-02 -4.296729975820910014e-02
2.139148916272027279e+01 5.582478194800606364e-01 -9.252253537740730630e-03 -1.993337598267884772e-02 -4.294515670653169942e-02
2.136256513279053237e+01 5.589698644039310382e-01 -9.247484508178043308e-03 -1.992310141995120784e-02 -4.292302083216635589e-02
2.133367846524883760e+01 5.596928432300114498e-01 -9.242717025816294535e-03 -1.991283019056694012e-02 -4.290089213927161804e-02
2.130482911183264605e+01 5.604167571662221903e-01 -9.237951091551425617e-03 -1.990256229645629565e-02 -4.287877063200606909e-02
2.127601702434170505e+01 5.611416074220475503e-01 -9.233186706279365719e-03 -1.989229773954949085e-02 -4.285665631452824365e-02
2.124724215463805876e+01 5.618673952085349033e-01 -9.228423870896050943e-03 -1.988203652177676639e-02 -4.283454919099671104e-02
2.121850445464594515e+01 5.625941217382981474e-01 -9.223662586297419128e-03 -1.987177864506836297e-02 -4.281244926557005448e-02
2.118980387635163964e+01 5.633217882255208142e-01 -9.218902853379402906e-03 -1.986152411135449700e-02 -4.279035654240680858e-02
2.116114037180352980e+01 5.640503958859549583e-01 -9.214144673037938382e-03 -1.985127292256542303e-02 -4.276827102566555655e-02
2.113251389311184525e+01 5.647799459369272634e-01 -9.209388046168956454e-03 -1.984102508063135054e-02 -4.274619271950483301e-02
2.110392439244875717e+01 5.655104395973371556e-01 -9.204632973668394960e-03 -1.983078058748252367e-02 -4.272412162808320035e-02
2.107537182204820070e+01 5.662418780876607993e-01 -9.199879456432193472e-03 -1.982053944504918314e-02 -4.270205775555926259e-02
2.104685613420575763e+01 5.669742626299545396e-01 -9.195127495356274216e-03 -1.981030165526154185e-02 -4.268000110609151271e-02
2.101837728127872396e+01 5.677075944478529035e-01 -9.190377091336585438e-03 -1.980006722004985786e-02 -4.265795168383857555e-02
2.098993521568583986e+01 5.684418747665755944e-01 -9.185628245269051098e-03 -1.978983614134434063e-02 -4.263590949295896493e-02
2.096152988990737853e+01 5.691771048129251609e-01 -9.180880958049610768e-03 -1.977960842107523431e-02 -4.261387453761125710e-02
2.093316125648498982e+01 5.699132858152911041e-01 -9.176135230574202287e-03 -1.976938406117277613e-02 -4.259184682195403526e-02
2.090482926802157948e+01 5.706504190036532087e-01 -9.171391063534886645e-03 -1.975916306312796786e-02 -4.256982634919954933e-02
2.087653387718134113e+01 5.713885056095800996e-01 -9.166648457864398636e-03 -1.974894542895032704e-02 -4.254781312367719032e-02
2.084827503668955018e+01 5.721275468662353481e-01 -9.161907414663673574e-03 -1.973873116101174802e-02 -4.252580715049702337e-02
2.082005269933259939e+01 5.728675440083759174e-01 -9.157167934766632933e-03 -1.972852026110885268e-02 -4.250380843352978555e-02
2.079186681795787095e+01 5.736084982723560488e-01 -9.152430019007196452e-03 -1.971831273103827331e-02 -4.248181697664618617e-02
2.076371734547359083e+01 5.743504108961304810e-01 -9.147693668219273461e-03 -1.970810857259661444e-02 -4.245983278371689984e-02
2.073560423484891757e+01 5.750932831192528960e-01 -9.142958883236792372e-03 -1.969790778758051530e-02 -4.243785585861265669e-02
2.070752743911364391e+01 5.758371161828828022e-01 -9.138225664893655578e-03 -1.968771037778656655e-02 -4.241588620520409664e-02
2.067948691135833528e+01 5.765819113297828702e-01 -9.133494014023789756e-03 -1.967751634501140739e-02 -4.239392382736197756e-02
2.065148260473412378e+01 5.773276698043237065e-01 -9.128763931461112910e-03 -1.966732569105165973e-02 -4.237196872895698102e-02
2.062351447245261227e+01 5.780743928524865183e-01 -9.124035418039532636e-03 -1.965713841770392808e-02 -4.235002091385978856e-02
2.059558246778589563e+01 5.788220817218630021e-01 -9.119308474592972141e-03 -1.964695452676483781e-02 -4.232808038594112338e-02
2.056768654406643648e+01 5.795707376616580087e-01 -9.114583101955352901e-03 -1.963677402003102465e-02 -4.230614714907168783e-02
2.053982665468690882e+01 5.803203619226940946e-01 -9.109859300960580775e-03 -1.962659689929908274e-02 -4.228422120712214266e-02
2.051200275310027976e+01 5.810709557574093020e-01 -9.105137072442584176e-03 -1.961642316636565131e-02 -4.226230256396323881e-02
2.048421479281956792e+01 5.818225204198637091e-01 -9.100416417235268965e-03 -1.960625282302733141e-02 -4.224039122346563008e-02
2.045646272741788252e+01 5.825750571657379862e-01 -9.095697336172558350e-03 -1.959608587108075534e-02 -4.221848718950003965e-02
2.042874651052832391e+01 5.833285672523368381e-01 -9.090979830088372071e-03 -1.958592231232254843e-02 -4.219659046593717683e-02
2.040106609584381658e+01 5.840830519385927788e-01 -9.086263899816617723e-03 -1.957576214854930829e-02 -4.217470105664770930e-02
2.037342143711718379e+01 5.848385124850643546e-01 -9.081549546191221983e-03 -1.956560538155768109e-02 -4.215281896550237412e-02
2.034581248816090593e+01 5.855949501539430280e-01 -9.076836770046095917e-03 -1.955545201314426440e-02 -4.213094419637183896e-02
2.031823920284719520e+01 5.863523662090507349e-01 -9.072125572168229790e-03 -1.954530204500458390e-02 -4.210907675290899432e-02
2.029070153510783214e+01 5.871107619158445479e-01 -9.067415953098983961e-03 -1.953515547830496704e-02 -4.208721663762661491e-02
2.026319943893406261e+01 5.878701385414194514e-01 -9.062707914069902809e-03 -1.952501231569868725e-02 -4.206536385624101010e-02
2.023573286837663687e+01 5.886304973545074537e-01 -9.058001455854986991e-03 -1.951487255885328911e-02 -4.204351841234479220e-02
2.020830177754557155e+01 5.893918396254836933e-01 -9.053296579228218080e-03 -1.950473620943625822e-02 -4.202168030953046252e-02
2.018090612061023847e+01 5.901541666263645514e-01 -9.048593284963596731e-03 -1.949460326911512872e-02 -4.199984955139059867e-02
2.015354585179919766e+01 5.909174796308119815e-01 -9.043891573835116660e-03 -1.948447373955742093e-02 -4.197802614151776440e-02
2.012622092540008367e+01 5.916817799141366185e-01 -9.039191446616762909e-03 -1.947434762243063777e-02 -4.195621008350450265e-02
2.009893129575964110e+01 5.924470687532968904e-01 -9.034492904082536135e-03 -1.946422491940230995e-02 -4.193440138094338410e-02
2.007167691728353276e+01 5.932133474269044582e-01 -9.029795947006424850e-03 -1.945410563213994387e-02 -4.191260003742693779e-02
2.004445774443635386e+01 5.939806172152236607e-01 -9.025100576162421034e-03 -1.944398976231105636e-02 -4.189080605654774137e-02
2.001727373174153968e+01 5.947488794001742907e-01 -9.020406792324520140e-03 -1.943387731158317464e-02 -4.186901944189835162e-02
1.999012483378119853e+01 5.955181352653360349e-01 -9.015714596266712413e-03 -1.942376828162380512e-02 -4.184724019707131148e-02
1.996301100519617933e+01 5.962883860959466986e-01 -9.011023988762993306e-03 -1.941366267410046809e-02 -4.182546832565919165e-02
1.993593220068586547e+01 5.970596331789084221e-01 -9.006334970587354799e-03 -1.940356049068068037e-02 -4.180370383125453504e-02
1.990888837500819264e+01 5.978318778027864600e-01 -9.001647542513783670e-03 -1.939346173303194837e-02 -4.178194671744989153e-02
1.988187948297955643e+01 5.986051212578122893e-01 -8.996961705316284044e-03 -1.938336640282181320e-02 -4.176019698783784567e-02
1.985490547947464890e+01 5.993793648358882731e-01 -8.992277459768839229e-03 -1.937327450171777085e-02 -4.173845464601091265e-02
1.982796631942652965e+01 6.001546098305852173e-01 -8.987594806645444676e-03 -1.936318603138734856e-02 -4.171671969556169784e-02
1.980106195782640199e+01 6.009308575371495875e-01 -8.982913746720092366e-03 -1.935310099349804927e-02 -4.169499214008270255e-02
1.977419234972366624e+01 6.017081092525010666e-01 -8.978234280766776015e-03 -1.934301938971740020e-02 -4.167327198316652520e-02
1.974735745022578115e+01 6.024863662752371063e-01 -8.973556409559487607e-03 -1.933294122171291818e-02 -4.165155922840569486e-02
1.972055721449814669e+01 6.032656299056362581e-01 -8.968880133578599825e-03 -1.932286649051952881e-02 -4.162985387802990711e-02
1.969379159776413957e+01 6.040459014456568410e-01 -8.964205453854220962e-03 -1.931279519835654018e-02 -4.160815593682052477e-02
1.966706055530491426e+01 6.048271821989432695e-01 -8.959532371217002536e-03 -1.930272734701352771e-02 -4.158646540863305402e-02
1.964036404245944212e+01 6.056094734708243887e-01 -8.954860886382988092e-03 -1.929266293803317406e-02 -4.156478229679110709e-02
1.961370201462438700e+01 6.063927765683173599e-01 -8.950191000068217703e-03 -1.928260197295812370e-02 -4.154310660461822680e-02
1.958707442725396675e+01 6.071770928001316570e-01 -8.945522712988724506e-03 -1.927254445333103847e-02 -4.152143833543794904e-02
1.956048123586000287e+01 6.079624234766677349e-01 -8.940856025860552045e-03 -1.926249038069457672e-02 -4.149977749257385828e-02
1.953392239601178204e+01 6.087487699100208038e-01 -8.936190939399742128e-03 -1.925243975659141071e-02 -4.147812407934952511e-02
1.950739786333592818e+01 6.095361334139850484e-01 -8.931527454322322687e-03 -1.924239258256417451e-02 -4.145647809908846460e-02
1.948090759351645929e+01 6.103245153040514070e-01 -8.926865571344345940e-03 -1.923234886015554729e-02 -4.143483955511426814e-02
1.945445154229456008e+01 6.111139168974150104e-01 -8.922205291181841552e-03 -1.922230859090818048e-02 -4.141320845075047857e-02
1.942802966546864951e+01 6.119043395129724061e-01 -8.917546614550851333e-03 -1.921227177636473590e-02 -4.139158478932065954e-02
1.940164191889423151e+01 6.126957844713264434e-01 -8.912889542167413623e-03 -1.920223841806787193e-02 -4.136996857414838163e-02
1.937528825848379554e+01 6.134882530947894930e-01 -8.908234074747568496e-03 -1.919220851756023999e-02 -4.134835980855716686e-02
1.934896864020683793e+01 6.142817467073822257e-01 -8.903580213007356026e-03 -1.918218207638451231e-02 -4.132675849587062050e-02
1.932268302008966288e+01 6.150762666348397190e-01 -8.898927957662807614e-03 -1.917215909608333338e-02 -4.130516463941225763e-02
1.929643135421543576e+01 6.158718142046104571e-01 -8.894277309429970274e-03 -1.916213957819937544e-02 -4.128357824250565578e-02
1.927021359872404815e+01 6.166683907458596625e-01 -8.889628269024882345e-03 -1.915212352427528991e-02 -4.126199930847438552e-02
1.924402970981199701e+01 6.174659975894732922e-01 -8.884980837163578699e-03 -1.914211093585373863e-02 -4.124042784064197581e-02
1.921787964373242374e+01 6.182646360680567055e-01 -8.880335014562104612e-03 -1.913210181447738689e-02 -4.121886384233203193e-02
1.919176335679492595e+01 6.190643075159408815e-01 -8.875690801936488017e-03 -1.912209616168887918e-02 -4.119730731686804814e-02
1.916568080536556451e+01 6.198650132691813086e-01 -8.871048199849893012e-03 -1.911209397870150539e-02 -4.117575826686400292e-02
1.913963194586679251e+01 6.206667546655609824e-01 -8.866407208983540303e-03 -1.910209526698291096e-02 -4.115421669548184613e-02
1.911361673477728829e+01 6.214695330445954013e-01 -8.861767830280068217e-03 -1.909210002856395749e-02 -4.113268260709690427e-02
1.908763512863201228e+01 6.222733497475301245e-01 -8.857130064399540773e-03 -1.908210826486670189e-02 -4.111115600477293491e-02
1.906168708402200807e+01 6.230782061173478770e-01 -8.852493912002002904e-03 -1.907211997731316985e-02 -4.108963689157359850e-02
1.903577255759444853e+01 6.238841034987664402e-01 -8.847859373747511691e-03 -1.906213516732541483e-02 -4.106812527056259710e-02
1.900989150605250089e+01 6.246910432382433154e-01 -8.843226450296124211e-03 -1.905215383632548679e-02 -4.104662114480366053e-02
1.898404388615520944e+01 6.254990266839787205e-01 -8.838595142307892338e-03 -1.904217598573541489e-02 -4.102512451736045618e-02
1.895822965471754884e+01 6.263080551859148137e-01 -8.833965450442873152e-03 -1.903220161697725954e-02 -4.100363539129671386e-02
1.893244876861019677e+01 6.271181300957419102e-01 -8.829337375361113321e-03 -1.902223073147304641e-02 -4.098215376967610790e-02
1.890670118475960848e+01 6.279292527668968171e-01 -8.824710917722675130e-03 -1.901226333064482896e-02 -4.096067965556234730e-02
1.888098686014787120e+01 6.287414245545669411e-01 -8.820086078187612186e-03 -1.900229941591466062e-02 -4.093921305201914801e-02
1.885530575181259394e+01 6.295546468156942854e-01 -8.815462857415974629e-03 -1.899233898870456710e-02 -4.091775396211018434e-02
1.882965781684693951e+01 6.303689209089736734e-01 -8.810841256067819538e-03 -1.898238205043660531e-02 -4.089630238889917224e-02
1.880404301239943976e+01 6.311842481948594097e-01 -8.806221274803198787e-03 -1.897242860253280788e-02 -4.087485833544981378e-02
1.877846129567402755e+01 6.320006300355638373e-01 -8.801602914282165985e-03 -1.896247864641522132e-02 -4.085342180482579022e-02
1.875291262392991243e+01 6.328180677950612232e-01 -8.796986175164781679e-03 -1.895253218350589908e-02 -4.083199280009083137e-02
1.872739695448146335e+01 6.336365628390917548e-01 -8.792371058111092541e-03 -1.894258921522687725e-02 -4.081057132430861850e-02
1.870191424469826202e+01 6.344561165351595422e-01 -8.787757563781159117e-03 -1.893264974300020234e-02 -4.078915738054286061e-02
1.867646445200488614e+01 6.352767302525399451e-01 -8.783145692835028079e-03 -1.892271376824790699e-02 -4.076775097185723895e-02
1.865104753388095915e+01 6.360984053622777967e-01 -8.778535445932758238e-03 -1.891278129239204811e-02 -4.074635210131546253e-02
1.862566344786103656e+01 6.369211432371908455e-01 -8.773926823725261212e-03 -1.890285231683495881e-02 -4.072496077193880210e-02
1.860031215153446382e+01 6.377449452518746398e-01 -8.769319826535119239e-03 -1.889292684227163871e-02 -4.070357698522455298e-02
1.857499360254543674e+01 6.385698127827005299e-01 -8.764714455426014447e-03 -1.888300487099371650e-02 -4.068220074610989084e-02
1.854970775859285581e+01 6.393957472078202198e-01 -8.760110711003894421e-03 -1.887308640430665832e-02 -4.066083205740737144e-02
1.852445457743021251e+01 6.402227499071698746e-01 -8.755508593874699805e-03 -1.886317144351593381e-02 -4.063947092192952970e-02
1.849923401686563551e+01 6.410508222624679009e-01 -8.750908104644383387e-03 -1.885325998992701951e-02 -4.061811734248892830e-02
1.847404603476169171e+01 6.418799656572222734e-01 -8.746309243918884077e-03 -1.884335204484537812e-02 -4.059677132189811605e-02
1.844889058903543244e+01 6.427101814767285370e-01 -8.741712012304147725e-03 -1.883344760957647926e-02 -4.057543286296962093e-02
1.842376763765825842e+01 6.435414711080742478e-01 -8.737116410406127118e-03 -1.882354668542580642e-02 -4.055410196851603338e-02
1.839867713865582033e+01 6.443738359401425253e-01 -8.732522438830757697e-03 -1.881364927369881188e-02 -4.053277864134987446e-02
1.837361905010805430e+01 6.452072773636107206e-01 -8.727930098183997454e-03 -1.880375537570098607e-02 -4.051146288428372072e-02
1.834859333014897231e+01 6.460417967709571885e-01 -8.723339389071780095e-03 -1.879386499273777780e-02 -4.049015470013008627e-02
1.832359993696672262e+01 6.468773955564596223e-01 -8.718750312100056674e-03 -1.878397812611467405e-02 -4.046885409170154768e-02
1.829863882880346182e+01 6.477140751161990506e-01 -8.714162867874778243e-03 -1.877409477713714442e-02 -4.044756106181066763e-02
1.827370996395523406e+01 6.485518368480639451e-01 -8.709577057001880243e-03 -1.876421494711064814e-02 -4.042627561326996716e-02
1.824881330077203501e+01 6.493906821517484440e-01 -8.704992880087317197e-03 -1.875433863734066869e-02 -4.040499774889202977e-02
1.822394879765757381e+01 6.502306124287595690e-01 -8.700410337737026281e-03 -1.874446584913266531e-02 -4.038372747148936265e-02
1.819911641306935124e+01 6.510716290824152264e-01 -8.695829430556958548e-03 -1.873459658379211107e-02 -4.036246478387454234e-02
1.817431610551853893e+01 6.519137335178483150e-01 -8.691250159153065050e-03 -1.872473084262448947e-02 -4.034120968886014541e-02
1.814954783356983725e+01 6.527569271420109454e-01 -8.686672524131279494e-03 -1.871486862693525280e-02 -4.031996218925867209e-02
1.812481155584154280e+01 6.536012113636727738e-01 -8.682096526097556402e-03 -1.870500993802988107e-02 -4.029872228788271282e-02
1.810010723100533880e+01 6.544465875934278865e-01 -8.677522165657836420e-03 -1.869515477721384045e-02 -4.027748998754478865e-02
1.807543481778634842e+01 6.552930572436928003e-01 -8.672949443180279910e-03 -1.868530314528030201e-02 -4.025626528995374792e-02
1.805079427496300326e+01 6.561406217287113485e-01 -8.668378359443626793e-03 -1.867545504390701744e-02 -4.023504819872419230e-02
1.802618556136694039e+01 6.569892824645580109e-01 -8.663808915140680522e-03 -1.866561047458657752e-02 -4.021383871707182034e-02
1.800160863588303783e+01 6.578390408691365820e-01 -8.659241110825116258e-03 -1.865576943851185443e-02 -4.019263684756657629e-02
1.797706345744922274e+01 6.586898983621869430e-01 -8.654674947050607428e-03 -1.864593193687568221e-02 -4.017144259277836277e-02
1.795254998505650335e+01 6.595418563652839516e-01 -8.650110424370827458e-03 -1.863609797087092609e-02 -4.015025595527712404e-02
1.792806817774886952e+01 6.603949163018407731e-01 -8.645547543339451510e-03 -1.862626754169044441e-02 -4.012907693763279049e-02
1.790361799462316483e+01 6.612490795971134316e-01 -8.640986304510151275e-03 -1.861644065052707811e-02 -4.010790554241526473e-02
1.787919939482913279e+01 6.621043476781993675e-01 -8.636426708436603650e-03 -1.860661729857369592e-02 -4.008674177219450491e-02
1.785481233756922492e+01 6.629607219740437651e-01 -8.631868755672478591e-03 -1.859679748702313534e-02 -4.006558562954040670e-02
1.783045678209862928e+01 6.638182039154385539e-01 -8.627312446771452994e-03 -1.858698121706826509e-02 -4.004443711702290742e-02
1.780613268772517799e+01 6.646767949350260718e-01 -8.622757782287202022e-03 -1.857716848990194000e-02 -4.002329623721196522e-02
1.778184001380921586e+01 6.655364964673036177e-01 -8.618204762773392161e-03 -1.856735930671699758e-02 -4.000216299267744802e-02
1.775757871976364655e+01 6.663973099486214524e-01 -8.613653388783707246e-03 -1.855755366870631001e-02 -3.998103738598932089e-02
1.773334876505373003e+01 6.672592368171900157e-01 -8.609103660871812030e-03 -1.854775157706271480e-02 -3.995991941971748646e-02
1.770915010919715016e+01 6.681222785130779274e-01 -8.604555579591383410e-03 -1.853795303297907718e-02 -3.993880909643188898e-02
1.768498271176386893e+01 6.689864364782168726e-01 -8.600009145496101751e-03 -1.852815803764825547e-02 -3.991770641870247271e-02
1.766084653237603774e+01 6.698517121564049326e-01 -8.595464359139628335e-03 -1.851836659226309065e-02 -3.989661138909911947e-02
1.763674153070800443e+01 6.707181069933059181e-01 -8.590921221075646999e-03 -1.850857869801644101e-02 -3.987552401019177351e-02
1.761266766648621740e+01 6.715856224364535887e-01 -8.586379731857831168e-03 -1.849879435610117182e-02 -3.985444428455038601e-02
1.758862489948908348e+01 6.724542599352557604e-01 -8.581839892039845596e-03 -1.848901356771011709e-02 -3.983337221474483880e-02
1.756461318954704254e+01 6.733240209409925292e-01 -8.577301702066410932e-03 -1.847923633380139583e-02 -3.981230780283933485e-02
1.754063249654236145e+01 6.741949069068232658e-01 -8.572765162396951341e-03 -1.846946265536480655e-02 -3.979125105096632808e-02
1.751668278040916604e+01 6.750669192877853941e-01 -8.568230273827552243e-03 -1.845969253411546690e-02 -3.977020196282093217e-02
1.749276400113334518e+01 6.759400595407980550e-01 -8.563697036861392733e-03 -1.844992597113743332e-02 -3.974916054073867472e-02
1.746887611875242641e+01 6.768143291246666582e-01 -8.559165452001643234e-03 -1.844016296751476228e-02 -3.972812678705509026e-02
1.744501909335561152e+01 6.776897295000813282e-01 -8.554635519751488046e-03 -1.843040352433153797e-02 -3.970710070410574805e-02
1.742119288508361308e+01 6.785662621296233432e-01 -8.550107240614095855e-03 -1.842064764267179258e-02 -3.968608229422615485e-02
1.739739745412866156e+01 6.794439284777644694e-01 -8.545580615092650961e-03 -1.841089532361961031e-02 -3.966507155975186605e-02
1.737363276073442009e+01 6.803227300108700693e-01 -8.541055643690330726e-03 -1.840114656825904763e-02 -3.964406850301843699e-02
1.734989876519585295e+01 6.812026681972043196e-01 -8.536532326910309040e-03 -1.839140137767416097e-02 -3.962307312636139528e-02
1.732619542785927891e+01 6.820837445069279914e-01 -8.532010665255763265e-03 -1.838165975294902763e-02 -3.960208543211628240e-02
1.730252270912217227e+01 6.829659604121057770e-01 -8.527490659229872497e-03 -1.837192169516769016e-02 -3.958110542261864678e-02
1.727888056943321615e+01 6.838493173867044028e-01 -8.522972309335810626e-03 -1.836218720541422239e-02 -3.956013310020400908e-02
1.725526896929218523e+01 6.847338169065971814e-01 -8.518455616076761952e-03 -1.835245628477269464e-02 -3.953916846720795242e-02
1.723168786924982143e+01 6.856194604495682299e-01 -8.513940579955895163e-03 -1.834272893432715296e-02 -3.951821152596598358e-02
1.720813722990789429e+01 6.865062494953104721e-01 -8.509427201476394559e-03 -1.833300515516167115e-02 -3.949726227881366486e-02
1.718461701191900559e+01 6.873941855254330768e-01 -8.504915481141428826e-03 -1.832328494836030219e-02 -3.947632072808650999e-02
1.716112717598662840e+01 6.882832700234599033e-01 -8.500405419454184000e-03 -1.831356831500711296e-02 -3.945538687612008127e-02
1.713766768286498987e+01 6.891735044748336092e-01 -8.495897016917835706e-03 -1.830385525618618073e-02 -3.943446072524993407e-02
1.711423849335897529e+01 6.900648903669197587e-01 -8.491390274035554367e-03 -1.829414577298154113e-02 -3.941354227781158209e-02
1.709083956832416007e+01 6.909574291890054898e-01 -8.486885191310527751e-03 -1.828443986647728184e-02 -3.939263153614059459e-02
1.706747086866662144e+01 6.918511224323063979e-01 -8.482381769245924547e-03 -1.827473753775744197e-02 -3.937172850257248530e-02
1.704413235534297755e+01 6.927459715899653148e-01 -8.477880008039799867e-03 -1.826503878724872881e-02 -3.935083317802654662e-02
1.702082398936028795e+01 6.936419781570560827e-01 -8.473379908533662866e-03 -1.825534361676411574e-02 -3.932994556640871664e-02
1.699754573177592931e+01 6.945391436305881072e-01 -8.468881471204338721e-03 -1.824565202733087824e-02 -3.930906566993221107e-02
1.697429754369764510e+01 6.954374695095049130e-01 -8.464384696506222633e-03 -1.823596401992800403e-02 -3.928819349070616918e-02
1.695107938628336086e+01 6.963369572946908059e-01 -8.459889584893720213e-03 -1.822627959553446350e-02 -3.926732903083973714e-02
1.692789122074121266e+01 6.972376084889697623e-01 -8.455396136821228398e-03 -1.821659875512923049e-02 -3.924647229244203339e-02
1.690473300832945469e+01 6.981394245971095369e-01 -8.450904352743152798e-03 -1.820692149969128926e-02 -3.922562327762223883e-02
1.688160471035633492e+01 6.990424071258258820e-01 -8.446414233113886880e-03 -1.819724783019960671e-02 -3.920478198848945800e-02
1.685850628818014485e+01 6.999465575837811038e-01 -8.441925778387837989e-03 -1.818757774763317056e-02 -3.918394842715285098e-02
1.683543770320902411e+01 7.008518774815909458e-01 -8.437438989019401328e-03 -1.817791125297094079e-02 -3.916312259572154314e-02
1.681239891690101729e+01 7.017583683318235899e-01 -8.432953865462979037e-03 -1.816824834719190512e-02 -3.914230449630468067e-02
1.678938989076394961e+01 7.026660316490032088e-01 -8.428470408172973258e-03 -1.815858903127504434e-02 -3.912149413101140977e-02
1.676641058635532389e+01 7.035748689496150732e-01 -8.423988617603780926e-03 -1.814893330619931494e-02 -3.910069150195084886e-02
1.674346096528234540e+01 7.044848817521036644e-01 -8.419508494209802449e-03 -1.813928117294370812e-02 -3.907989661123215802e-02
1.672054098920181531e+01 7.053960715768777812e-01 -8.415030038445446905e-03 -1.812963263248720466e-02 -3.905910946096449732e-02
1.669765061982001697e+01 7.063084399463144258e-01 -8.410553250765102559e-03 -1.811998768580876107e-02 -3.903833005325695049e-02
1.667478981889276213e+01 7.072219883847571387e-01 -8.406078131623180225e-03 -1.811034633388737894e-02 -3.901755839021871231e-02
1.665195854822519550e+01 7.081367184185237695e-01 -8.401604681474069899e-03 -1.810070857770200783e-02 -3.899679447395888038e-02
1.662915676967186229e+01 7.090526315759041465e-01 -8.397132900772177194e-03 -1.809107441823163895e-02 -3.897603830658661478e-02
1.660638444513656609e+01 7.099697293871650716e-01 -8.392662789971909454e-03 -1.808144385645525307e-02 -3.895528989021108252e-02
1.658364153657228002e+01 7.108880133845543181e-01 -8.388194349527653207e-03 -1.807181689335181016e-02 -3.893454922694136039e-02
1.656092800598118231e+01 7.118074851022991867e-01 -8.383727579704946045e-03 -1.806219352949338039e-02 -3.891381631800996249e-02
1.653824381541448219e+01 7.127281460766137222e-01 -8.379262481059596840e-03 -1.805257376607742256e-02 -3.889309116599672794e-02
1.651558892697244829e+01 7.136499978456969373e-01 -8.374799054156948502e-03 -1.804295760432193460e-02 -3.887237377352574519e-02
1.649296330280430212e+01 7.145730419497375863e-01 -8.370337299404295023e-03 -1.803334504510440556e-02 -3.885166414248750894e-02
1.647036690510812562e+01 7.154972799309183840e-01 -8.365877217208925187e-03 -1.802373608930230367e-02 -3.883096227477247919e-02
1.644779969613087900e+01 7.164227133334140074e-01 -8.361418807978131251e-03 -1.801413073779312840e-02 -3.881026817227116454e-02
1.642526163816823370e+01 7.173493437033992004e-01 -8.356962072119207205e-03 -1.800452899145434799e-02 -3.878958183687401112e-02
1.640275269356461152e+01 7.182771725890463310e-01 -8.352507010039443569e-03 -1.799493085116346189e-02 -3.876890327047153445e-02
1.638027282471307799e+01 7.192062015405306097e-01 -8.348053622146137803e-03 -1.798533631779795916e-02 -3.874823247495422229e-02
1.635782199405522164e+01 7.201364321100337529e-01 -8.343601908846576959e-03 -1.797574539223530457e-02 -3.872756945221253466e-02
1.633540016408122497e+01 7.210678658517427619e-01 -8.339151870548055026e-03 -1.796615807535300105e-02 -3.870691420413696626e-02
1.631300729732964427e+01 7.220005043218573615e-01 -8.334703507657864260e-03 -1.795657436802852377e-02 -3.868626673261799792e-02
1.629064335638748418e+01 7.229343490785881121e-01 -8.330256820583295183e-03 -1.794699427113935486e-02 -3.866562703954610353e-02
1.626830830389007332e+01 7.238694016821610733e-01 -8.325811809731645252e-03 -1.793741778556299724e-02 -3.864499512681180554e-02
1.624600210252095422e+01 7.248056636948222442e-01 -8.321368475510201521e-03 -1.792784491217691220e-02 -3.862437099630554316e-02
1.622372471501194724e+01 7.257431366808355655e-01 -8.316926818326261447e-03 -1.791827565185859922e-02 -3.860375464991782496e-02
1.620147610414294093e+01 7.266818222064908017e-01 -8.312486838587112084e-03 -1.790871000548553346e-02 -3.858314608953912483e-02
1.617925623274194891e+01 7.276217218401018760e-01 -8.308048536700045686e-03 -1.789914797393520746e-02 -3.856254531705991667e-02
1.615706506368501394e+01 7.285628371520108670e-01 -8.303611913072363182e-03 -1.788958955808511372e-02 -3.854195233437072293e-02
1.613490255989607292e+01 7.295051697145931158e-01 -8.299176968111346420e-03 -1.788003475881271356e-02 -3.852136714336197587e-02
1.611276868434702081e+01 7.304487211022550053e-01 -8.294743702224296328e-03 -1.787048357699551684e-02 -3.850078974592420489e-02
1.609066340005752593e+01 7.313934928914419542e-01 -8.290312115747227109e-03 -1.786093601335744796e-02 -3.848022014361705823e-02
1.606858667009506192e+01 7.323394866606364184e-01 -8.285882208945138591e-03 -1.785139206846941828e-02 -3.845965833767053810e-02
1.604653845757482955e+01 7.332867039903622208e-01 -8.281453982477456413e-03 -1.784185174375212471e-02 -3.843910433114543224e-02
1.602451872565960755e+01 7.342351464631897695e-01 -8.277027436705971034e-03 -1.783231503998502360e-02 -3.841855812572102929e-02
1.600252743755983076e+01 7.351848156637337262e-01 -8.272602571992490259e-03 -1.782278195794759906e-02 -3.839801972307668732e-02
1.598056455653339825e+01 7.361357131786606667e-01 -8.268179388698802812e-03 -1.781325249841931441e-02 -3.837748912489168801e-02
1.595863004588570533e+01 7.370878405966876379e-01 -8.263757887186711296e-03 -1.780372666217963640e-02 -3.835696633284536861e-02
1.593672386896955473e+01 7.380411995085865984e-01 -8.259338067818018311e-03 -1.779420445000804915e-02 -3.833645134861705245e-02
1.591484598918504645e+01 7.389957915071887484e-01 -8.254919930954514318e-03 -1.778468586268400556e-02 -3.831594417388604207e-02
1.589299636997959198e+01 7.399516181873837528e-01 -8.250503476958000182e-03 -1.777517090098698974e-02 -3.829544481033166081e-02
1.587117497484783257e+01 7.409086811461240707e-01 -8.246088706190278506e-03 -1.776565956569647192e-02 -3.827495325963324591e-02
1.584938176733150428e+01 7.418669819824296185e-01 -8.241675619013141482e-03 -1.775615185759191195e-02 -3.825446952347008600e-02
1.582761671101951606e+01 7.428265222973857718e-01 -8.237264215788395183e-03 -1.774664777745279393e-02 -3.823399360352153220e-02
1.580587976954773666e+01 7.437873036941515803e-01 -8.232854496877826597e-03 -1.773714732605858116e-02 -3.821352550146687316e-02
1.578417090659905853e+01 7.447493277779575482e-01 -8.228446462643240061e-03 -1.772765050418874042e-02 -3.819306521898543222e-02
1.576249008590328060e+01 7.457125961561105187e-01 -8.224040113446438177e-03 -1.771815731262275234e-02 -3.817261275775655355e-02
1.574083727123701948e+01 7.466771104379981150e-01 -8.219635449649211403e-03 -1.770866775214008024e-02 -3.815216811945952580e-02
1.571921242642373784e+01 7.476428722350869638e-01 -8.215232471613362342e-03 -1.769918182352020128e-02 -3.813173130577368619e-02
1.569761551533356325e+01 7.486098831609305781e-01 -8.210831179700686655e-03 -1.768969952754257183e-02 -3.811130231837833726e-02
1.567604650188334503e+01 7.495781448311675810e-01 -8.206431574272983476e-03 -1.768022086498667600e-02 -3.809088115895280929e-02
1.565450535003654053e+01 7.505476588635263679e-01 -8.202033655692053671e-03 -1.767074583663198750e-02 -3.807046782917643257e-02
1.563299202380311925e+01 7.515184268778292154e-01 -8.197637424319691168e-03 -1.766127444325796270e-02 -3.805006233072848881e-02
1.561150648723958057e+01 7.524904504959916141e-01 -8.193242880265315387e-03 -1.765180668510034009e-02 -3.802966466411688423e-02
1.559004870444882229e+01 7.534637313420288196e-01 -8.188850024148321485e-03 -1.764234256349357308e-02 -3.800927483221658298e-02
1.556861863958013359e+01 7.544382710420549643e-01 -8.184458856335020613e-03 -1.763288207922684633e-02 -3.798889283672784306e-02
1.554721625682912034e+01 7.554140712242873867e-01 -8.180069377143286968e-03 -1.762342523298500094e-02 -3.796851867912611617e-02
1.552584152043760213e+01 7.563911335190512952e-01 -8.175681586890989547e-03 -1.761397202545286408e-02 -3.794815236088681237e-02
1.550449439469363355e+01 7.573694595587781020e-01 -8.171295485896007751e-03 -1.760452245731529419e-02 -3.792779388348541114e-02
1.548317484393135501e+01 7.583490509780129729e-01 -8.166911074476210577e-03 -1.759507652925711499e-02 -3.790744324839732254e-02
1.546188283253101048e+01 7.593299094134136062e-01 -8.162528352949477428e-03 -1.758563424196316755e-02 -3.788710045709799829e-02
1.544061832491886221e+01 7.603120365037542294e-01 -8.158147321633684237e-03 -1.757619559611831028e-02 -3.786676551106290395e-02
1.541938128556708065e+01 7.612954338899308171e-01 -8.153767980846700000e-03 -1.756676059240735652e-02 -3.784643841176745654e-02
1.539817167899378347e+01 7.622801032149590927e-01 -8.149390330906404120e-03 -1.755732923151516814e-02 -3.782611916068711472e-02
1.537698946976286507e+01 7.632660461239826333e-01 -8.145014372130667327e-03 -1.754790151412656887e-02 -3.780580775929730242e-02
1.535583462248404274e+01 7.642532642642704266e-01 -8.140640104837365554e-03 -1.753847744092640673e-02 -3.778550420907347135e-02
1.533470710181273944e+01 7.652417592852225336e-01 -8.136267529344374735e-03 -1.752905701259952972e-02 -3.776520851149108016e-02
1.531360687245000207e+01 7.662315328383741964e-01 -8.131896645969565601e-03 -1.751964022983075811e-02 -3.774492066802554585e-02
1.529253389914251926e+01 7.672225865773940612e-01 -8.127527455030819289e-03 -1.751022709330494684e-02 -3.772464068015233402e-02
1.527148814668247567e+01 7.682149221580923948e-01 -8.123159956846003060e-03 -1.750081760370692657e-02 -3.770436854934686166e-02
1.525046957990756269e+01 7.692085412384190857e-01 -8.118794151732994582e-03 -1.749141176172154186e-02 -3.768410427708459437e-02
1.522947816370090379e+01 7.702034454784683071e-01 -8.114430040009671524e-03 -1.748200956803364070e-02 -3.766384786484098385e-02
1.520851386299093377e+01 7.711996365404837350e-01 -8.110067621993902881e-03 -1.747261102332804683e-02 -3.764359931409142629e-02
1.518757664275145558e+01 7.721971160888559949e-01 -8.105706898003566321e-03 -1.746321612828961520e-02 -3.762335862631142197e-02
1.516666646800145557e+01 7.731958857901314319e-01 -8.101347868101810984e-03 -1.745382488305438629e-02 -3.760312580179405589e-02
1.514578330380514970e+01 7.741959473130095581e-01 -8.096990532687300610e-03 -1.744443728848125985e-02 -3.758290084238975065e-02
1.512492711527188050e+01 7.751973023283484920e-01 -8.092634892328193566e-03 -1.743505334579429841e-02 -3.756268375073568838e-02
1.510409786755601758e+01 7.761999525091695107e-01 -8.088280947294907222e-03 -1.742567305557609497e-02 -3.754247452808702479e-02
1.508329552585700384e+01 7.772038995306549403e-01 -8.083928697857874560e-03 -1.741629641840927722e-02 -3.752227317569899884e-02
1.506252005541917782e+01 7.782091450701564828e-01 -8.079578144287511213e-03 -1.740692343487644511e-02 -3.750207969482675929e-02
1.504177142153180569e+01 7.792156908071934396e-01 -8.075229286854246694e-03 -1.739755410556021245e-02 -3.748189408672554512e-02
1.502104958952900660e+01 7.802235384234573745e-01 -8.070882125828507045e-03 -1.738818843104321041e-02 -3.746171635265056060e-02
1.500035452478962128e+01 7.812326896028169987e-01 -8.066536661480713105e-03 -1.737882641190802505e-02 -3.744154649385697531e-02
1.497968619273726887e+01 7.822431460313170604e-01 -8.062192894081290917e-03 -1.736946804873727712e-02 -3.742138451160000046e-02
1.495904455884022077e+01 7.832549093971827858e-01 -8.057850823900666523e-03 -1.736011334211359086e-02 -3.740123040713486113e-02
1.493842958861131898e+01 7.842679813908252084e-01 -8.053510451209262497e-03 -1.735076229261956274e-02 -3.738108418171672692e-02
1.491784124760800623e+01 7.852823637048390593e-01 -8.049171776277508350e-03 -1.734141490083781698e-02 -3.736094583660081597e-02
1.489727950143216439e+01 7.862980580340108716e-01 -8.044834799375819717e-03 -1.733207116735095352e-02 -3.734081537304229786e-02
1.487674431573014822e+01 7.873150660753173158e-01 -8.040499520774627845e-03 -1.732273109274159312e-02 -3.732069279229641157e-02
1.485623565619268760e+01 7.883333895279298620e-01 -8.036165940744357042e-03 -1.731339467759234960e-02 -3.730057809561833360e-02
1.483575348855478637e+01 7.893530300932199983e-01 -8.031834059555429881e-03 -1.730406192248582636e-02 -3.728047128426326823e-02
1.481529777859577557e+01 7.903739894747566774e-01 -8.027503877478272404e-03 -1.729473282800464765e-02 -3.726037235948643361e-02
1.479486849213912691e+01 7.913962693783151980e-01 -8.023175394783307185e-03 -1.728540739473140991e-02 -3.724028132254299933e-02
1.477446559505250256e+01 7.924198715118752068e-01 -8.018848611740960267e-03 -1.727608562324873392e-02 -3.722019817468816966e-02
1.475408905324765740e+01 7.934447975856251389e-01 -8.014523528621659426e-03 -1.726676751413924044e-02 -3.720012291717716968e-02
1.473373883268032891e+01 7.944710493119679917e-01 -8.010200145695822033e-03 -1.725745306798552592e-02 -3.718005555126517592e-02
1.471341489935030289e+01 7.954986284055182155e-01 -8.005878463233881068e-03 -1.724814228537021460e-02 -3.715999607820740652e-02
1.469311721930121450e+01 7.965275365831111509e-01 -8.001558481506252166e-03 -1.723883516687590989e-02 -3.713994449925903801e-02
1.467284575862060869e+01 7.975577755638005861e-01 -7.997240200783364839e-03 -1.722953171308522907e-02 -3.711990081567528160e-02
1.465260048343983890e+01 7.985893470688636420e-01 -7.992923621335648598e-03 -1.722023192458078597e-02 -3.709986502871134850e-02
1.463238135993396050e+01 7.996222528218059900e-01 -7.988608743043135174e-03 -1.721093580110413454e-02 -3.707983713781043411e-02
1.461218835432178054e+01 8.006564945483596318e-01 -7.984295566545009451e-03 -1.720164334403233991e-02 -3.705981714593932497e-02
1.459202143286569253e+01 8.016920739764912263e-01 -7.979984092166207688e-03 -1.719235455406546709e-02 -3.703980505460627293e-02
1.457188056187170311e+01 8.027289928364008675e-01 -7.975674320128292236e-03 -1.718306943168085299e-02 -3.701980086483967064e-02
1.455176570768934674e+01 8.037672528605259714e-01 -7.971366250652827182e-03 -1.717378797735584148e-02 -3.699980457766791769e-02
1.453167683671158628e+01 8.048068557835470482e-01 -7.967059883961361000e-03 -1.716451019156774865e-02 -3.697981619411937204e-02
1.451161391537484668e+01 8.058478033423854825e-01 -7.962755220275462981e-03 -1.715523607479392879e-02 -3.695983571522244715e-02
1.449157691015886051e+01 8.068900972762118595e-01 -7.958452259816681598e-03 -1.714596562751169451e-02 -3.693986314200549403e-02
1.447156578758668921e+01 8.079337393264444112e-01 -7.954151002806582674e-03 -1.713669885019839662e-02 -3.691989847549691922e-02
1.445158051422465206e+01 8.089787312367533456e-01 -7.949851449466725090e-03 -1.712743574333136509e-02 -3.689994171672510842e-02
1.443162105668220363e+01 8.100250747530667317e-01 -7.945553600018662524e-03 -1.711817630738792298e-02 -3.687999286671843346e-02
1.441168738161198881e+01 8.110727716235676121e-01 -7.941257454683959063e-03 -1.710892054284541761e-02 -3.686005192650529394e-02
1.439177945570967587e+01 8.121218235987033296e-01 -7.936963013684166651e-03 -1.709966845018117201e-02 -3.684011889711405474e-02
1.437189724571399729e+01 8.131722324311827510e-01 -7.932670277240851109e-03 -1.709042002987253006e-02 -3.682019377957312239e-02
1.435204071840664142e+01 8.142239998759820407e-01 -7.928379245575569584e-03 -1.708117528239682173e-02 -3.680027657491086873e-02
1.433220984061217251e+01 8.152771276903493236e-01 -7.924089918909877489e-03 -1.707193420823137700e-02 -3.678036728415567252e-02
1.431240457919806275e+01 8.163316176338025754e-01 -7.919802297465338911e-03 -1.706269680785353626e-02 -3.676046590833594030e-02
1.429262490107452344e+01 8.173874714681387266e-01 -7.915516381463505793e-03 -1.705346308174062256e-02 -3.674057244848003695e-02
1.427287077319455477e+01 8.184446909574311091e-01 -7.911232171125940488e-03 -1.704423303036997975e-02 -3.672068690561634124e-02
1.425314216255384814e+01 8.195032778680345631e-01 -7.906949666674205346e-03 -1.703500665421894475e-02 -3.670080928077326665e-02
1.423343903619067952e+01 8.205632339685909882e-01 -7.902668868329852311e-03 -1.702578395376484061e-02 -3.668093957497917112e-02
1.421376136118595035e+01 8.216245610300274560e-01 -7.898389776314442001e-03 -1.701656492948500424e-02 -3.666107778926244731e-02
1.419410910466308096e+01 8.226872608255618724e-01 -7.894112390849536767e-03 -1.700734958185677603e-02 -3.664122392465148786e-02
1.417448223378791816e+01 8.237513351307076404e-01 -7.889836712156692022e-03 -1.699813791135747904e-02 -3.662137798217465767e-02
1.415488071576877971e+01 8.248167857232716615e-01 -7.885562740457471853e-03 -1.698892991846446057e-02 -3.660153996286037714e-02
1.413530451785628905e+01 8.258836143833633292e-01 -7.881290475912785740e-03 -1.697972560352439819e-02 -3.658170986745552800e-02
1.411575360734340734e+01 8.269518228933921966e-01 -7.877019918421648489e-03 -1.697052496631971594e-02 -3.656188769549136020e-02
1.409622795156534991e+01 8.280214130380733062e-01 -7.872751068652542733e-03 -1.696132800829061940e-02 -3.654207345007070423e-02
1.407672751789948506e+01 8.290923866044320745e-01 -7.868483926780181145e-03 -1.695213472981351582e-02 -3.652226713200451558e-02
1.405725227376537489e+01 8.301647453818025157e-01 -7.864218492979295483e-03 -1.694294513126485408e-02 -3.650246874210380521e-02
1.403780218662461365e+01 8.312384911618359018e-01 -7.859954767424598421e-03 -1.693375921302103793e-02 -3.648267828117953554e-02
1.401837722398086683e+01 8.323136257384984305e-01 -7.855692750290814777e-03 -1.692457697545850584e-02 -3.646289575004269673e-02
1.399897735337977345e+01 8.333901509080771097e-01 -7.851432441752669369e-03 -1.691539841895368587e-02 -3.644312114950429976e-02
1.397960254240886080e+01 8.344680684691839767e-01 -7.847173841984878342e-03 -1.690622354388299567e-02 -3.642335448037529316e-02
1.396025275869757465e+01 8.355473802227548763e-01 -7.842916951162168249e-03 -1.689705235062287023e-02 -3.640359574346669486e-02
1.394092796991712291e+01 8.366280879720576769e-01 -7.838661769459255232e-03 -1.688788483954972719e-02 -3.638384493958946031e-02
1.392162814378051472e+01 8.377101935226904939e-01 -7.834408297050864112e-03 -1.687872101103999462e-02 -3.636410206955459357e-02
1.390235324804246275e+01 8.387936986825869079e-01 -7.830156534111719704e-03 -1.686956086547010750e-02 -3.634436713417309173e-02
1.388310325049929439e+01 8.398786052620210718e-01 -7.825906480816534685e-03 -1.686040440321648001e-02 -3.632464013425590332e-02
1.386387811898899081e+01 8.409649150736054901e-01 -7.821658137340040812e-03 -1.685125162465554716e-02 -3.630492107061405321e-02
1.384467782139102177e+01 8.420526299323003450e-01 -7.817411503856949023e-03 -1.684210253016372658e-02 -3.628520994405848993e-02
1.382550232562639003e+01 8.431417516554107205e-01 -7.813166580541989342e-03 -1.683295712011745326e-02 -3.626550675540023139e-02
1.380635159965753367e+01 8.442322820625927093e-01 -7.808923367569882250e-03 -1.682381539489315181e-02 -3.624581150545026081e-02
1.378722561148824077e+01 8.453242229758577420e-01 -7.804681865115344758e-03 -1.681467735486723986e-02 -3.622612419501954062e-02
1.376812432916367968e+01 8.464175762195710329e-01 -7.800442073353103418e-03 -1.680554300041615934e-02 -3.620644482491907484e-02
1.374904772077023907e+01 8.475123436204606842e-01 -7.796203992457875244e-03 -1.679641233191631403e-02 -3.618677339595983283e-02
1.372999575443558307e+01 8.486085270076147991e-01 -7.791967622604384185e-03 -1.678728534974414585e-02 -3.616710990895281169e-02
1.371096839832853220e+01 8.497061282124878101e-01 -7.787732963967354191e-03 -1.677816205427608634e-02 -3.614745436470901546e-02
1.369196562065899592e+01 8.508051490689046981e-01 -7.783500016721500540e-03 -1.676904244588854620e-02 -3.612780676403939267e-02
1.367298738967799565e+01 8.519055914130596596e-01 -7.779268781041552387e-03 -1.675992652495796736e-02 -3.610816710775495431e-02
1.365403367367751741e+01 8.530074570835246561e-01 -7.775039257102225008e-03 -1.675081429186075707e-02 -3.608853539666667665e-02
1.363510444099053665e+01 8.541107479212476372e-01 -7.770811444877462858e-03 -1.674170574654079008e-02 -3.606891163065361477e-02
1.361619965999093829e+01 8.552154657695576478e-01 -7.766585344542247492e-03 -1.673260088937504608e-02 -3.604929581052794541e-02
1.359731929909342441e+01 8.563216124741698243e-01 -7.762360956518768972e-03 -1.672349972127310652e-02 -3.602968793824932320e-02
1.357846332675354617e+01 8.574291898831839509e-01 -7.758138280936856604e-03 -1.671440224251468515e-02 -3.601008801442034946e-02
1.355963171146754931e+01 8.585381998470930087e-01 -7.753917317926330155e-03 -1.670530845337946796e-02 -3.599049603964359773e-02
1.354082442177241319e+01 8.596486442187812882e-01 -7.749698067617014595e-03 -1.669621835414714789e-02 -3.597091201452166237e-02
1.352204142624576377e+01 8.607605248535293851e-01 -7.745480530138740966e-03 -1.668713194509744563e-02 -3.595133593965715857e-02
1.350328269350576882e+01 8.618738436090201960e-01 -7.741264705621324696e-03 -1.667804922651003677e-02 -3.593176781565264599e-02
1.348454819221118228e+01 8.629886023453365862e-01 -7.737050594194593359e-03 -1.666897019866462812e-02 -3.591220764311073982e-02
1.346583789106123419e+01 8.641048029249678297e-01 -7.732838195988374526e-03 -1.665989486184092302e-02 -3.589265542263402053e-02
1.344715175879555602e+01 8.652224472128139388e-01 -7.728627511132487096e-03 -1.665082321631860748e-02 -3.587311115482506862e-02
1.342848976419420559e+01 8.663415370761843315e-01 -7.724418539756761244e-03 -1.664175526237739178e-02 -3.585357484028650621e-02
1.340985187607751961e+01 8.674620743848064919e-01 -7.720211281991015868e-03 -1.663269100029696190e-02 -3.583404647962088602e-02
1.339123806330614741e+01 8.685840610108240822e-01 -7.716005737965075072e-03 -1.662363043035702120e-02 -3.581452607343081629e-02
1.337264829478096573e+01 8.697074988288020503e-01 -7.711801907808768161e-03 -1.661457355283726955e-02 -3.579501362231889833e-02
1.335408253944298274e+01 8.708323897157322913e-01 -7.707599791651914903e-03 -1.660552036801740336e-02 -3.577550912688770568e-02
1.333554076627337892e+01 8.719587355510314275e-01 -7.703399389624343736e-03 -1.659647087617712596e-02 -3.575601258773984659e-02
1.331702294429335254e+01 8.730865382165499122e-01 -7.699200701855874428e-03 -1.658742507759611989e-02 -3.573652400547788766e-02
1.329852904256415158e+01 8.742157995965701422e-01 -7.695003728476331080e-03 -1.657838297255409196e-02 -3.571704338070443713e-02
1.328005903018699740e+01 8.753465215778112318e-01 -7.690808469615544735e-03 -1.656934456133074898e-02 -3.569757071402208937e-02
1.326161287630297814e+01 8.764787060494353410e-01 -7.686614925403331688e-03 -1.656030984420577695e-02 -3.567810600603342486e-02
1.324319055009310198e+01 8.776123549030446780e-01 -7.682423095969522116e-03 -1.655127882145887921e-02 -3.565864925734104490e-02
1.322479202077813198e+01 8.787474700326914911e-01 -7.678232981443934048e-03 -1.654225149336974870e-02 -3.563920046854751611e-02
1.320641725761862872e+01 8.798840533348751825e-01 -7.674044581956396792e-03 -1.653322786021808530e-02 -3.561975964025545366e-02
1.318806622991485789e+01 8.810221067085484137e-01 -7.669857897636735318e-03 -1.652420792228359581e-02 -3.560032677306745191e-02
1.316973890700671035e+01 8.821616320551219914e-01 -7.665672928614771127e-03 -1.651519167984596276e-02 -3.558090186758607748e-02
1.315143525827372528e+01 8.833026312784632017e-01 -7.661489674699727137e-03 -1.650617913249418159e-02 -3.556148492292585117e-02
1.313315525313494980e+01 8.844451062849046918e-01 -7.657308136296669954e-03 -1.649717028110093617e-02 -3.554207594096689404e-02
1.311489886104897096e+01 8.855890589832425830e-01 -7.653128313612321369e-03 -1.648816512611159246e-02 -3.552267492266875104e-02
1.309666605151381980e+01 8.867344912847420213e-01 -7.648950206733480008e-03 -1.647916366771315713e-02 -3.550328186843426659e-02
1.307845679406690387e+01 8.878814051031420629e-01 -7.644773815746930615e-03 -1.647016590609259520e-02 -3.548389677866629899e-02
1.306027105828501966e+01 8.890298023546544526e-01 -7.640599140739471815e-03 -1.646117184143692028e-02 -3.546451965376772042e-02
1.304210881378422116e+01 8.901796849579720616e-01 -7.636426181797890955e-03 -1.645218147393309738e-02 -3.544515049414135449e-02
1.302397003021983579e+01 8.913310548342674444e-01 -7.632254939008984058e-03 -1.644319480376812970e-02 -3.542578930019007338e-02
1.300585467728640054e+01 8.924839139071978344e-01 -7.628085412459545411e-03 -1.643421183112901349e-02 -3.540643607231674928e-02
1.298776272471755711e+01 8.936382641029108065e-01 -7.623917602236362362e-03 -1.642523255620271724e-02 -3.538709081092420577e-02
1.296969414228609629e+01 8.947941073500421671e-01 -7.619751508426234402e-03 -1.641625697917625110e-02 -3.536775351641532894e-02
1.295164889980379463e+01 8.959514455797257249e-01 -7.615587131115948011e-03 -1.640728510023658701e-02 -3.534842418919295626e-02
1.293362696712147653e+01 8.971102807255900702e-01 -7.611424470392296610e-03 -1.639831691957072124e-02 -3.532910282965993909e-02
1.291562831412890056e+01 8.982706147237652372e-01 -7.607263526342078822e-03 -1.638935243736565003e-02 -3.530978943821915655e-02
1.289765291075468312e+01 8.994324495128878105e-01 -7.603104299052080260e-03 -1.638039165380834883e-02 -3.529048401527344614e-02
1.287970072696634283e+01 9.005957870340982607e-01 -7.598946788609098682e-03 -1.637143456908582081e-02 -3.527118656122567308e-02
1.286177173277013530e+01 9.017606292310514915e-01 -7.594790995099921435e-03 -1.636248118338503796e-02 -3.525189707647867488e-02
1.284386589821109759e+01 9.029269780499136200e-01 -7.590636918611345409e-03 -1.635353149689300692e-02 -3.523261556143533063e-02
1.282598319337296466e+01 9.040948354393680830e-01 -7.586484559230164022e-03 -1.634458550979671007e-02 -3.521334201649849172e-02
1.280812358837807885e+01 9.052642033506210772e-01 -7.582333917043165492e-03 -1.633564322228312979e-02 -3.519407644207099561e-02
1.279028705338740757e+01 9.064350837374001157e-01 -7.578184992137146705e-03 -1.632670463453926579e-02 -3.517481883855571451e-02
1.277247355860047229e+01 9.076074785559596902e-01 -7.574037784598899349e-03 -1.631776974675210393e-02 -3.515556920635551363e-02
1.275468307425524195e+01 9.087813897650871553e-01 -7.569892294515212505e-03 -1.630883855910862656e-02 -3.513632754587322354e-02
1.273691557062818447e+01 9.099568193260999527e-01 -7.565748521972885665e-03 -1.629991107179583690e-02 -3.511709385751173029e-02
1.271917101803411398e+01 9.111337692028556035e-01 -7.561606467058703575e-03 -1.629098728500070689e-02 -3.509786814167385055e-02
1.270144938682622815e+01 9.123122413617491544e-01 -7.557466129831792549e-03 -1.628206719885061729e-02 -3.507865039863403145e-02
1.268375064739601754e+01 9.134922377717192843e-01 -7.553327510038931533e-03 -1.627315081280002185e-02 -3.505944062721691457e-02
1.266607477017318395e+01 9.146737604042534109e-01 -7.549190608193108616e-03 -1.626423812795412330e-02 -3.504023882980358828e-02
1.264842172562567590e+01 9.158568112333860256e-01 -7.545055424339869830e-03 -1.625532914441104801e-02 -3.502104500660545988e-02
1.263079148425953946e+01 9.170413922357079084e-01 -7.540921958524749932e-03 -1.624642386226889459e-02 -3.500185915783388113e-02
1.261318401661895727e+01 9.182275053903639073e-01 -7.536790210793294954e-03 -1.623752228162578248e-02 -3.498268128370025237e-02
1.259559929328616334e+01 9.194151526790587114e-01 -7.532660181191041388e-03 -1.622862440257983457e-02 -3.496351138441594619e-02
1.257803728488134709e+01 9.206043360860628466e-01 -7.528531869763530927e-03 -1.621973022522914948e-02 -3.494434946019233518e-02
1.256049796206270663e+01 9.217950575982098993e-01 -7.524405276556303535e-03 -1.621083974967185010e-02 -3.492519551124080579e-02
1.254298129552629071e+01 9.229873192049062869e-01 -7.520280401614896568e-03 -1.620195297600603851e-02 -3.490604953777272368e-02
1.252548725600603596e+01 9.241811228981295923e-01 -7.516157244984854324e-03 -1.619306990432984109e-02 -3.488691153999948225e-02
1.250801581427368525e+01 9.253764706724334488e-01 -7.512035806711715898e-03 -1.618419053474136685e-02 -3.486778151813246102e-02
1.249056694113869881e+01 9.265733645249538686e-01 -7.507916086841020381e-03 -1.617531486733872481e-02 -3.484865947238302564e-02
1.247314060744829511e+01 9.277718064554066890e-01 -7.503798085418309470e-03 -1.616644290222003788e-02 -3.482954540296256951e-02
1.245573678408729634e+01 9.289717984660975647e-01 -7.499681802489120523e-03 -1.615757463948340467e-02 -3.481043931008245135e-02
1.243835544197817633e+01 9.301733425619194140e-01 -7.495567238098995236e-03 -1.614871007922694807e-02 -3.479134119395406455e-02
1.242099655208096465e+01 9.313764407503583032e-01 -7.491454392293476171e-03 -1.613984922154878751e-02 -3.477225105478879558e-02
1.240366008539317200e+01 9.325810950414993306e-01 -7.487343265118098952e-03 -1.613099206654702161e-02 -3.475316889279800314e-02
1.238634601294981508e+01 9.337873074480240732e-01 -7.483233856618407877e-03 -1.612213861431977674e-02 -3.473409470819309453e-02
1.236905430582328336e+01 9.349950799852206895e-01 -7.479126166839939437e-03 -1.611328886496515844e-02 -3.471502850118540762e-02
1.235178493512336573e+01 9.362044146709815884e-01 -7.475020195828237062e-03 -1.610444281858127574e-02 -3.469597027198634970e-02
1.233453787199716878e+01 9.374153135258089797e-01 -7.470915943628840712e-03 -1.609560047526625848e-02 -3.467692002080730029e-02
1.231731308762904042e+01 9.386277785728208700e-01 -7.466813410287286013e-03 -1.608676183511820179e-02 -3.465787774785961811e-02
1.230011055324059122e+01 9.398418118377487307e-01 -7.462712595849120729e-03 -1.607792689823523552e-02 -3.463884345335471043e-02
1.228293024009055934e+01 9.410574153489477123e-01 -7.458613500359877885e-03 -1.606909566471545481e-02 -3.461981713750392903e-02
1.226577211947485146e+01 9.422745911373935357e-01 -7.454516123865100041e-03 -1.606026813465698602e-02 -3.460079880051866036e-02
1.224863616272644506e+01 9.434933412366890426e-01 -7.450420466256530046e-03 -1.605144430782658865e-02 -3.458178844189641749e-02
1.223152234121531556e+01 9.447136676830698576e-01 -7.446326527530224004e-03 -1.604262418421576950e-02 -3.456278606161890254e-02
1.221443062634846655e+01 9.459355725154020567e-01 -7.442234307978690122e-03 -1.603380776445472236e-02 -3.454379166104380727e-02
1.219736098956979298e+01 9.471590577751919371e-01 -7.438143807607923604e-03 -1.602499504855635012e-02 -3.452480524019897051e-02
1.218031340236011140e+01 9.483841255065837972e-01 -7.434055026423926592e-03 -1.601618603653359729e-02 -3.450582679911224498e-02
1.216328783623707110e+01 9.496107777563661534e-01 -7.429967964432702097e-03 -1.600738072839939449e-02 -3.448685633781149729e-02
1.214628426275508666e+01 9.508390165739771804e-01 -7.425882621640246192e-03 -1.599857912416665501e-02 -3.446789385632455238e-02
1.212930265350534853e+01 9.520688440115032680e-01 -7.421798998052559285e-03 -1.598978122384830947e-02 -3.444893935467926299e-02
1.211234298011574495e+01 9.533002621236849050e-01 -7.417717093675645253e-03 -1.598098702745729197e-02 -3.442999283290350265e-02
1.209540521425077664e+01 9.545332729679231187e-01 -7.413636908515499301e-03 -1.597219653500651926e-02 -3.441105429102509633e-02
1.207848932761159411e+01 9.557678786042761443e-01 -7.409558442578124439e-03 -1.596340974650892891e-02 -3.439212372907191062e-02
1.206159529193585733e+01 9.570040810954706378e-01 -7.405481695869518474e-03 -1.595462666197743420e-02 -3.437320114707177743e-02
1.204472307899776595e+01 9.582418825068981239e-01 -7.401406668395681815e-03 -1.594584728142496577e-02 -3.435428654505255641e-02
1.202787266060798466e+01 9.594812849066218785e-01 -7.397333360162620074e-03 -1.593707160486446464e-02 -3.433537992304210723e-02
1.201104400861355259e+01 9.607222903653824808e-01 -7.393261771176324985e-03 -1.592829963230883716e-02 -3.431648128106826179e-02
1.199423709489792422e+01 9.619649009565954811e-01 -7.389191901442803030e-03 -1.591953136377103131e-02 -3.429759061915888668e-02
1.197745189138082189e+01 9.632091187563616153e-01 -7.385123750968048545e-03 -1.591076679926394649e-02 -3.427870793734180688e-02
1.196068837001828378e+01 9.644549458434641398e-01 -7.381057319758065408e-03 -1.590200593880053068e-02 -3.425983323564489591e-02
1.194394650280256620e+01 9.657023842993753826e-01 -7.376992607818854894e-03 -1.589324878239371103e-02 -3.424096651409600650e-02
1.192722626176207434e+01 9.669514362082620718e-01 -7.372929615156413076e-03 -1.588449533005640082e-02 -3.422210777272296361e-02
1.191052761896138712e+01 9.682021036569834482e-01 -7.368868341776744699e-03 -1.587574558180154111e-02 -3.420325701155364773e-02
1.189385054650112572e+01 9.694543887351012579e-01 -7.364808787685844967e-03 -1.586699953764204168e-02 -3.418441423061587686e-02
1.187719501651798559e+01 9.707082935348773090e-01 -7.360750952889715155e-03 -1.585825719759084360e-02 -3.416557942993751762e-02
1.186056100118465295e+01 9.719638201512795783e-01 -7.356694837394359143e-03 -1.584951856166087400e-02 -3.414675260954642966e-02
1.184394847270972306e+01 9.732209706819884287e-01 -7.352640441205772134e-03 -1.584078362986504618e-02 -3.412793376947044488e-02
1.182735740333773933e+01 9.744797472273938332e-01 -7.348587764329958007e-03 -1.583205240221630464e-02 -3.410912290973742295e-02
1.181078776534905472e+01 9.757401518906057003e-01 -7.344536806651738060e-03 -1.582332487846649718e-02 -3.409032002981276371e-02
1.179423953105985490e+01 9.770021867774519864e-01 -7.340487568251633822e-03 -1.581460105878910657e-02 -3.407152513007020295e-02
1.177771267282209422e+01 9.782658539964838029e-01 -7.336440049162186970e-03 -1.580588094325423298e-02 -3.405273821066078649e-02
1.176120716302340341e+01 9.795311556589825219e-01 -7.332394249356668885e-03 -1.579716453180430094e-02 -3.403395927146046773e-02
1.174472297408712507e+01 9.807980938789566672e-01 -7.328350168808364824e-03 -1.578845182438174885e-02 -3.401518831234522783e-02
1.172826007847218222e+01 9.820666707731524614e-01 -7.324307807490547904e-03 -1.577974282092900124e-02 -3.399642533319102017e-02
1.171181844867310673e+01 9.833368884610512728e-01 -7.320267165376499914e-03 -1.577103752138849305e-02 -3.397767033387382590e-02
1.169539805721995585e+01 9.846087490648761653e-01 -7.316228242439502642e-03 -1.576233592570266268e-02 -3.395892331426964006e-02
1.167899887667824288e+01 9.858822547095974498e-01 -7.312191038652829204e-03 -1.575363803381392425e-02 -3.394018427425439521e-02
1.166262087964896388e+01 9.871574075229304635e-01 -7.308155553989764859e-03 -1.574494384566472657e-02 -3.392145321370410027e-02
1.164626403876845906e+01 9.884342096353460061e-01 -7.304121788423580987e-03 -1.573625336119748377e-02 -3.390273013249468781e-02
1.162992832670845189e+01 9.897126631800678975e-01 -7.300089741927561111e-03 -1.572756658035463773e-02 -3.388401503050215979e-02
1.161361371617596383e+01 9.909927702930791948e-01 -7.296059414474986154e-03 -1.571888350307861990e-02 -3.386530790760247656e-02
1.159732017991324327e+01 9.922745331131280766e-01 -7.292030806039129232e-03 -1.571020412931185481e-02 -3.384660876367160537e-02
1.158104769069778861e+01 9.935579537817256224e-01 -7.288003916593274734e-03 -1.570152845899678434e-02 -3.382791759858553432e-02
1.156479622134222218e+01 9.948430344431562489e-01 -7.283978746110695776e-03 -1.569285649207582609e-02 -3.380923441222020986e-02
1.154856574469431330e+01 9.961297772444753784e-01 -7.279955294564675883e-03 -1.568418822849141497e-02 -3.379055920445162009e-02
1.153235623363691076e+01 9.974181843355149901e-01 -7.275933561928494241e-03 -1.567552366818599288e-02 -3.377189197515574615e-02
1.151616766108785406e+01 9.987082578688908363e-01 -7.271913548175424832e-03 -1.566686281110197740e-02 -3.375323272420852755e-02
1.150000000000000000e+01 1.000000000000000000e+00 -7.267895253278749447e-03 -1.565820565718179999e-02 -3.373458145148595932e-02
