# z a Hhat beta F=-x^2*u; backgrounds from pbh17
7.999999999999997272e+03 1.562304711911011732e-03 2.939908015312358111e+04 1.085000033555181980e+09 0.000000000000000000e+00
7.989664771208993443e+03 1.564325416958862276e-03 2.932890331651861197e+04 1.079404575391319513e+09 3.785525212392448443e-04
7.979342892868460694e+03 1.566348735612661238e-03 2.925889914980025424e+04 1.073837968036046505e+09 3.795323725863430421e-04
7.969034347733044342e+03 1.568374671252883122e-03 2.918906721881891644e+04 1.068300062420272470e+09 3.805147620374561227e-04
7.958739118579696878e+03 1.570403227264368946e-03 2.911940709053124374e+04 1.062790710480895996e+09 3.814996962429432776e-04
7.948457188207590661e+03 1.572434407036343374e-03 2.904991833299693462e+04 1.057309764695536256e+09 3.824871818982824461e-04
7.938188539438134285e+03 1.574468213962410814e-03 2.898060051537616164e+04 1.051857078385176897e+09 3.834772256360037112e-04
7.927933155114929832e+03 1.576504651440564743e-03 2.891145320792669008e+04 1.046432505717583179e+09 3.844698341521419127e-04
7.917691018103720126e+03 1.578543722873197892e-03 2.884247598200089124e+04 1.041035901466019511e+09 3.854650142589734880e-04
7.907462111292406917e+03 1.580585431667098136e-03 2.877366841004322850e+04 1.035667121129603982e+09 3.864627727687721098e-04
7.897246417590970850e+03 1.582629781233465399e-03 2.870503006558715788e+04 1.030326021147294402e+09 3.874631164938141612e-04
7.887043919931486016e+03 1.584676774987907539e-03 2.863656052325257042e+04 1.025012458460358262e+09 3.884660522463740740e-04
7.876854601268079023e+03 1.586726416350449668e-03 2.856825935874296192e+04 1.019726290834963918e+09 3.894715868387261712e-04
7.866678444576868060e+03 1.588778708745545651e-03 2.850012614884242066e+04 1.014467376773186922e+09 3.904797270831469988e-04
7.856515432855996551e+03 1.590833655602071810e-03 2.843216047141325907e+04 1.009235575543221235e+09 3.914904797919100668e-04
7.846365549125536745e+03 1.592891260353345578e-03 2.836436190539283416e+04 1.004030747019994974e+09 3.925038517772919751e-04
7.836228776427516095e+03 1.594951526437121377e-03 2.829673003079111004e+04 9.988527518797068596e+08 3.935198504549933187e-04
7.826105097825870871e+03 1.597014457295599073e-03 2.822926442868780578e+04 9.937014514536635876e+08 3.945384822909561370e-04
7.815994496406390681e+03 1.599080056375435472e-03 2.816196468122947772e+04 9.885767078045375347e+08 3.955597541288000682e-04
7.805896955276733934e+03 1.601148327127741283e-03 2.809483037162707114e+04 9.834783836816062927e+08 3.965836731279132662e-04
7.795812457566382363e+03 1.603219273008090655e-03 2.802786108415306080e+04 9.784063426316318512e+08 3.976102464476838306e-04
7.785740986426587369e+03 1.605292897476531377e-03 2.796105640413857691e+04 9.733604486065726280e+08 3.986394812475020297e-04
7.775682525030392753e+03 1.607369203997580966e-03 2.789441591797103320e+04 9.683405666547932625e+08 3.996713846867553125e-04
7.765637056572550136e+03 1.609448196040243802e-03 2.782793921309100551e+04 9.633465621999368668e+08 4.007059639248338931e-04
7.755604564269541697e+03 1.611529877078006576e-03 2.776162587798991808e+04 9.583783014808388948e+08 4.017432261211259254e-04
7.745585031359528330e+03 1.613614250588848911e-03 2.769547550220716948e+04 9.534356513166360855e+08 4.027831784350195633e-04
7.735578441102302349e+03 1.615701320055252903e-03 2.762948767632728413e+04 9.485184793771607876e+08 4.038258280259050749e-04
7.725584776779306594e+03 1.617791088964199439e-03 2.756366199197760943e+04 9.436266537721483707e+08 4.048711820531698011e-04
7.715604021693554387e+03 1.619883560807185109e-03 2.749799804182524167e+04 9.387600434402272701e+08 4.059192476762041183e-04
7.705636159169646817e+03 1.621978739080218298e-03 2.743249541957469046e+04 9.339185180553878546e+08 4.069700320543960721e-04
7.695681172553724537e+03 1.624076627283829169e-03 2.736715371996506292e+04 9.291019476812992096e+08 4.080235423471338164e-04
7.685739045213422287e+03 1.626177228923079412e-03 2.730197253876731338e+04 9.243102031666643620e+08 4.090797857138076736e-04
7.675809760537886177e+03 1.628280547507558783e-03 2.723695147278186414e+04 9.195431561507194042e+08 4.101387693138049302e-04
7.665893301937689102e+03 1.630386586551402445e-03 2.717209011983563687e+04 9.148006787109650373e+08 4.112005008743745485e-04
7.655989652844858028e+03 1.632495349573285983e-03 2.710738807877974614e+04 9.100826436785012484e+08 4.122649895129702280e-04
7.646098796712817602e+03 1.634606840096436463e-03 2.704284494948668362e+04 9.053889244612491131e+08 4.133322408198171374e-04
7.636220717016350136e+03 1.636721061648641539e-03 2.697846033284764781e+04 9.007193952227387428e+08 4.144022625389642768e-04
7.626355397251606519e+03 1.638838017762247069e-03 2.691423383077016479e+04 8.960739305117723942e+08 4.154750624144577190e-04
7.616502820936034368e+03 1.640957711974172506e-03 2.685016504617517421e+04 8.914524058158525229e+08 4.165506481903464642e-04
7.606662971608388943e+03 1.643080147825908303e-03 2.678625358299472646e+04 8.868546970568643808e+08 4.176290276106772357e-04
7.596835832828690400e+03 1.645205328863525015e-03 2.672249904616923595e+04 8.822806807249059677e+08 4.187102084194968109e-04
7.587021388178173765e+03 1.647333258637684794e-03 2.665890104164481090e+04 8.777302340865160227e+08 4.197941983608542444e-04
7.577219621259314408e+03 1.649463940703635315e-03 2.659545917637095772e+04 8.732032349041609764e+08 4.208810051787955546e-04
7.567430515695735266e+03 1.651597378621229946e-03 2.653217305829763427e+04 8.686995614920047522e+08 4.219706366173697418e-04
7.557654055132239591e+03 1.653733575954920588e-03 2.646904229637302706e+04 8.642190930540239811e+08 4.230631004206235292e-04
7.547890223234752739e+03 1.655872536273770472e-03 2.640606650054083730e+04 8.597617090438846350e+08 4.241584043326036943e-04
7.538139003690283062e+03 1.658014263151463049e-03 2.634324528173761428e+04 8.553272896472647190e+08 4.252565560973592916e-04
7.528400380206934642e+03 1.660158760166298300e-03 2.628057825189050345e+04 8.509157156971602440e+08 4.263575634589363396e-04
7.518674336513831804e+03 1.662306030901210306e-03 2.621806502391435060e+04 8.465268686074608564e+08 4.274614341613838385e-04
7.508960856361136393e+03 1.664456078943762690e-03 2.615570521170951542e+04 8.421606301418385506e+08 4.285681759487485658e-04
7.499259923520001394e+03 1.666608907886159459e-03 2.609349843015915030e+04 8.378168830208522081e+08 4.296777965650771906e-04
7.489571521782520904e+03 1.668764521325255632e-03 2.603144429512659553e+04 8.334955102687494755e+08 4.307903070444553048e-04
7.479895634961755604e+03 1.670922922862551601e-03 2.596954242345316379e+04 8.291963955565714836e+08 4.319057139435484379e-04
7.470232246891644536e+03 1.673084116104212862e-03 2.590779243295526612e+04 8.249194230477488041e+08 4.330240254726391413e-04
7.460581341427033294e+03 1.675248104661064379e-03 2.584619394242224007e+04 8.206644777219910622e+08 4.341452500393251125e-04
7.450942902443620369e+03 1.677414892148601207e-03 2.578474657161370851e+04 8.164314446810392141e+08 4.352693960512039949e-04
7.441316913837915308e+03 1.679584482186999121e-03 2.572344994125698940e+04 8.122202099092304707e+08 4.363964719158757626e-04
7.431703359527251450e+03 1.681756878401110926e-03 2.566230367304485117e+04 8.080306600436997414e+08 4.375264860409374627e-04
7.422102223449713165e+03 1.683932084420483371e-03 2.560130738963276963e+04 8.038626817687712908e+08 4.386594468339889068e-04
7.412513489564152223e+03 1.686110103879353249e-03 2.554046071463671615e+04 7.997161626676970720e+08 4.397953627026279550e-04
7.402937141850143234e+03 1.688290940416657801e-03 2.547976327263059284e+04 7.955909911120425463e+08 4.409342426152684552e-04
7.393373164307932711e+03 1.690474597676045561e-03 2.541921468914362777e+04 7.914870551930950880e+08 4.420760956185599590e-04
7.383821540958452715e+03 1.692661079305873752e-03 2.535881459065817398e+04 7.874042442593065500e+08 4.432209303326680827e-04
7.374282255843280836e+03 1.694850388959217614e-03 2.529856260460716294e+04 7.833424482075400352e+08 4.443687554768800544e-04
7.364755293024586535e+03 1.697042530293882108e-03 2.523845835937154334e+04 7.793015567255836725e+08 4.455195802302541579e-04
7.355240636585152970e+03 1.699237506972397799e-03 2.517850148427809836e+04 7.752814605273503065e+08 4.466734135401006253e-04
7.345738270628298778e+03 1.701435322662037553e-03 2.511869160959675355e+04 7.712820512032353878e+08 4.478302646475801905e-04
7.336248179277896270e+03 1.703635981034813717e-03 2.505902836653840495e+04 7.673032199919596910e+08 4.489901428266170925e-04
7.326770346678325950e+03 1.705839485767487659e-03 2.499951138725238707e+04 7.633448589175570011e+08 4.501530573511353540e-04
7.317304756994429226e+03 1.708045840541580832e-03 2.494014030482396265e+04 7.594068612188515663e+08 4.513190174950617076e-04
7.307851394411529327e+03 1.710255049043370862e-03 2.488091475327218723e+04 7.554891195682740211e+08 4.524880336099428133e-04
7.298410243135352175e+03 1.712467114963908688e-03 2.482183436754720606e+04 7.515915273621399403e+08 4.536601143325429348e-04
7.288981287392044578e+03 1.714682041999015085e-03 2.476289878352814776e+04 7.477139794413230419e+08 4.548352680451435946e-04
7.279564511428129663e+03 1.716899833849290860e-03 2.470410763802061410e+04 7.438563695760030746e+08 4.560135052937920098e-04
7.270159899510460491e+03 1.719120494220128127e-03 2.464546056875420254e+04 7.400185930296614170e+08 4.571948366245377825e-04
7.260767435926237340e+03 1.721344026821705316e-03 2.458695721438037799e+04 7.362005455499000549e+08 4.583792725834271537e-04
7.251387104982934943e+03 1.723570435369005610e-03 2.452859721446985350e+04 7.324021227623414993e+08 4.595668237165097801e-04
7.242018891008316132e+03 1.725799723581812823e-03 2.447038020951045473e+04 7.286232210156623125e+08 4.607575005698327699e-04
7.232662778350388180e+03 1.728031895184721587e-03 2.441230584090466800e+04 7.248637372222458124e+08 4.619513136894432860e-04
7.223318751377356421e+03 1.730266953907149503e-03 2.435437375096718824e+04 7.211235687385370731e+08 4.631482736213908763e-04
7.213986794477646981e+03 1.732504903483330413e-03 2.429658358292285993e+04 7.174026128730392456e+08 4.643483909117218904e-04
7.204666892059824022e+03 1.734745747652335435e-03 2.423893498090400681e+04 7.137007679497082233e+08 4.655516761064859305e-04
7.195359028552612472e+03 1.736989490158066460e-03 2.418142758994839824e+04 7.100179326777707338e+08 4.667581397517301051e-04
7.186063188404849825e+03 1.739236134749267857e-03 2.412406105599678995e+04 7.063540055115174055e+08 4.679677923935015227e-04
7.176779356085443396e+03 1.741485685179537755e-03 2.406683502589053387e+04 7.027088859580956697e+08 4.691806445778497854e-04
7.167507516083388509e+03 1.743738145207322614e-03 2.400974914736948995e+04 6.990824740145803690e+08 4.703967068508212970e-04
7.158247652907691190e+03 1.745993518595936531e-03 2.395280306906946862e+04 6.954746692337092161e+08 4.716159897584655514e-04
7.148999751087386358e+03 1.748251809113556248e-03 2.389599644052015356e+04 6.918853724912298918e+08 4.728385089368924142e-04
7.139763795171493257e+03 1.750513020533232648e-03 2.383932891214270785e+04 6.883144847124463320e+08 4.740642793704233403e-04
7.130539769728971805e+03 1.752777156632900945e-03 2.378280013524741662e+04 6.847619065032016039e+08 4.752933092492466578e-04
7.121327659348738962e+03 1.755044221195376994e-03 2.372640976203160608e+04 6.812275399188772440e+08 4.765256118225158770e-04
7.112127448639593240e+03 1.757314218008375730e-03 2.367015744557712605e+04 6.777112874091426134e+08 4.777612003393876526e-04
7.102939122230237444e+03 1.759587150864505524e-03 2.361404283984831636e+04 6.742130501249270439e+08 4.790000880490163622e-04
7.093762664769225012e+03 1.761863023561281412e-03 2.355806559968963484e+04 6.707327308291028738e+08 4.802422882005562212e-04
7.084598060924921811e+03 1.764141839901134205e-03 2.350222538082328174e+04 6.672702336443487406e+08 4.814878140431639382e-04
7.075445295385520694e+03 1.766423603691407882e-03 2.344652183984722069e+04 6.638254605026479959e+08 4.827366788259938911e-04
7.066304352858987841e+03 1.768708318744371738e-03 2.339095463423275578e+04 6.603983150361377001e+08 4.839888957982001866e-04
7.057175218073029100e+03 1.770995988877229702e-03 2.333552342232222145e+04 6.569887025440824032e+08 4.852444782089397504e-04
7.048057875775099092e+03 1.773286617912117310e-03 2.328022786332700707e+04 6.535965255199555159e+08 4.865034393073658760e-04
7.038952310732333899e+03 1.775580209676119476e-03 2.322506761732502855e+04 6.502216883306741714e+08 4.877657994210675679e-04
7.029858507731561986e+03 1.777876768001266814e-03 2.317004234525876382e+04 6.468640973713788986e+08 4.890315712053109297e-04
7.020776451579264176e+03 1.780176296724546260e-03 2.311515170893292088e+04 6.435236558955113888e+08 4.903007701574935975e-04
7.011706127101530001e+03 1.782478799687911911e-03 2.306039537101213136e+04 6.402002690636374950e+08 4.915734123443265755e-04
7.002647519144071339e+03 1.784784280738281343e-03 2.300577299501900416e+04 6.368938441162791252e+08 4.928495138325173983e-04
6.993600612572155114e+03 1.787092743727553609e-03 2.295128424533160796e+04 6.336042850537879467e+08 4.941290906887773953e-04
6.984565392270613302e+03 1.789404192512605548e-03 2.289692878718158681e+04 6.303314974170076847e+08 4.954121614392144064e-04
6.975541843143805636e+03 1.791718630955302198e-03 2.284270628665179538e+04 6.270753891884973049e+08 4.966987423688974277e-04
6.966529950115571410e+03 1.794036062922508288e-03 2.278861641067406163e+04 6.238358652169238329e+08 4.979888518775388772e-04
6.957529698129248573e+03 1.796356492286084114e-03 2.273465882702724412e+04 6.206128313060231209e+08 4.992825087227492371e-04
6.948541072147600062e+03 1.798679922922903759e-03 2.268083320433477274e+04 6.174061959858580828e+08 5.005797312621639060e-04
6.939564057152833811e+03 1.801006358714851187e-03 2.262713921206273881e+04 6.142158648768180609e+08 5.018805390660985213e-04
6.930598638146554549e+03 1.803335803548831084e-03 2.257357652051765035e+04 6.110417439261871576e+08 5.031849530932995399e-04
6.921644800149721959e+03 1.805668261316780571e-03 2.252014480084410388e+04 6.078837420681362152e+08 5.044929924312203679e-04
6.912702528202670692e+03 1.808003735915663995e-03 2.246684372502295446e+04 6.047417657600835562e+08 5.058046783191762165e-04
6.903771807365035784e+03 1.810342231247492450e-03 2.241367296586887824e+04 6.016157208169173002e+08 5.071200334735405726e-04
6.894852622715767211e+03 1.812683751219319435e-03 2.236063219702844435e+04 5.985055163657635450e+08 5.084390801879365472e-04
6.885944959353092599e+03 1.815028299743251484e-03 2.230772109297795032e+04 5.954110596508178711e+08 5.097618407559875763e-04
6.877048802394466293e+03 1.817375880736460305e-03 2.225493932902107554e+04 5.923322560132467747e+08 5.110883394036050843e-04
6.868164136976594818e+03 1.819726498121177578e-03 2.220228658128712777e+04 5.892690143957979679e+08 5.124185999512372892e-04
6.859290948255358671e+03 1.822080155824714253e-03 2.214976252672857299e+04 5.862212431727732420e+08 5.137526457138056907e-04
6.850429221405829594e+03 1.824436857779456432e-03 2.209736684311918725e+04 5.831888472759133577e+08 5.150905051999738176e-04
6.841578941622234197e+03 1.826796607922875990e-03 2.204509920905188847e+04 5.801717356120153666e+08 5.164322069184055239e-04
6.832740094117900298e+03 1.829159410197542940e-03 2.199295930393645176e+04 5.771698170839883089e+08 5.177777793777671575e-04
6.823912664125284209e+03 1.831525268551119790e-03 2.194094680799772686e+04 5.741829958130458593e+08 5.191272510867215965e-04
6.815096636895893425e+03 1.833894186936381714e-03 2.188906140227326250e+04 5.712111795951554775e+08 5.204806505539351889e-04
6.806291997700303909e+03 1.836266169311211345e-03 2.183730276861141829e+04 5.682542781829017401e+08 5.218380062880715719e-04
6.797498731828118252e+03 1.838641219638610701e-03 2.178567058966926197e+04 5.653121950674599409e+08 5.231993467977945995e-04
6.788716824587923838e+03 1.841019341886712679e-03 2.173416454891031754e+04 5.623848378433363438e+08 5.245647064597792810e-04
6.779946261307309214e+03 1.843400540028775417e-03 2.168278433060280076e+04 5.594721172981712818e+08 5.259341249463327225e-04
6.771187027332791331e+03 1.845784818043203542e-03 2.163152961981722910e+04 5.565739334705325365e+08 5.273076281481170425e-04
6.762439108029834642e+03 1.848172179913541669e-03 2.158040010242465723e+04 5.536901938077609539e+08 5.286852574962494587e-04
6.753702488782807450e+03 1.850562629628487192e-03 2.152939546509449792e+04 5.508208101451607943e+08 5.300670544218471884e-04
6.744977154994939156e+03 1.852956171181901557e-03 2.147851539529234651e+04 5.479656825025334358e+08 5.314530603560301599e-04
6.736263092088338453e+03 1.855352808572805065e-03 2.142775958127824197e+04 5.451247138944985867e+08 5.328433167299147233e-04
6.727560285503921477e+03 1.857752545805397247e-03 2.137712771210430583e+04 5.422978177227534056e+08 5.342378649746209150e-04
6.718868720701428174e+03 1.860155386889051450e-03 2.132661947761297779e+04 5.394848929825119972e+08 5.356367465212657358e-04
6.710188383159382283e+03 1.862561335838326974e-03 2.127623456843488020e+04 5.366858416816971898e+08 5.370400028009664033e-04
6.701519258375044956e+03 1.864970396672980786e-03 2.122597267598669714e+04 5.339005746705386639e+08 5.384476752448430622e-04
6.692861331864431122e+03 1.867382573417963832e-03 2.117583349246936996e+04 5.311289915747228265e+08 5.398598052840127134e-04
6.684214589162264929e+03 1.869797870103432963e-03 2.112581671086597999e+04 5.283709917563124299e+08 5.412764538882547122e-04
6.675579015821938810e+03 1.872216290764762642e-03 2.107592202493964214e+04 5.256264848959099650e+08 5.426976871130129425e-04
6.666954597415528042e+03 1.874637839442540397e-03 2.102614912923175143e+04 5.228953705223968029e+08 5.441235470173139133e-04
6.658341319533723436e+03 1.877062520182586113e-03 2.097649771905971284e+04 5.201775434775990248e+08 5.455540946938147078e-04
6.649739167785845893e+03 1.879490337035947915e-03 2.092696749051518418e+04 5.174729146271771789e+08 5.469893912351691569e-04
6.641148127799805479e+03 1.881921294058913662e-03 2.087755814046200612e+04 5.147813799940895438e+08 5.484294977340313081e-04
6.632568185222058673e+03 1.884355395313022218e-03 2.082826936653410303e+04 5.121028338776054382e+08 5.498744752830582450e-04
6.623999325717628381e+03 1.886792644865059555e-03 2.077910086713377314e+04 5.094371851666292548e+08 5.513243849749029308e-04
6.615441534970029352e+03 1.889233046787078046e-03 2.073005234142942936e+04 5.067843241912522316e+08 5.527792879022222321e-04
6.606894798681288194e+03 1.891676605156392132e-03 2.068112348935387126e+04 5.041441501196948886e+08 5.542392746150127947e-04
6.598359102571899712e+03 1.894123324055589598e-03 2.063231401160223322e+04 5.015165595837349296e+08 5.557044111026358379e-04
6.589834432380788712e+03 1.896573207572543928e-03 2.058362360962995081e+04 4.989014534144092202e+08 5.571747759044379375e-04
6.581320773865324554e+03 1.899026259800408890e-03 2.053505198565100727e+04 4.962987163553267121e+08 5.586504487801574039e-04
6.572818112801247480e+03 1.901482484837639783e-03 2.048659884263573622e+04 4.937082502497508526e+08 5.601315131530117900e-04
6.564326434982693172e+03 1.903941886787987366e-03 2.043826388430915176e+04 4.911299487189300656e+08 5.616180484951466484e-04
6.555845726222148187e+03 1.906404469760510003e-03 2.039004681514887488e+04 4.885636984887261391e+08 5.631101570388258662e-04
6.547375972350403572e+03 1.908870237869586452e-03 2.034194734038310708e+04 4.860093910474753976e+08 5.646079302906490500e-04
6.538917159216581240e+03 1.911339195234910016e-03 2.029396516598897142e+04 4.834669277118477225e+08 5.661114580005206483e-04
6.530469272688058481e+03 1.913811345981508922e-03 2.024609999869031162e+04 4.809361805831238627e+08 5.676208439862729218e-04
6.522032298650482517e+03 1.916286694239742201e-03 2.019835154595598578e+04 4.784170491780705452e+08 5.691361952637847763e-04
6.513606223007735935e+03 1.918765244145310966e-03 2.015071951599790555e+04 4.759094199281395674e+08 5.706576198437796239e-04
6.505191031681891218e+03 1.921246999839270339e-03 2.010320361776901336e+04 4.734131754314506054e+08 5.721852357068942267e-04
6.496786710613228934e+03 1.923731965468025110e-03 2.005580356096158357e+04 4.709281971752042174e+08 5.737191594733090025e-04
6.488393245760168611e+03 1.926220145183349690e-03 2.000851905600513055e+04 4.684543820110760927e+08 5.752594990714789700e-04
6.480010623099285112e+03 1.928711543142383120e-03 1.996134981406469160e+04 4.659916035711820722e+08 5.768063996337264134e-04
6.471638828625267706e+03 1.931206163507641869e-03 1.991429554703888061e+04 4.635397327998902798e+08 5.783599888404621732e-04
6.463277848350879140e+03 1.933704010447031109e-03 1.986735596755787992e+04 4.610986751446492672e+08 5.799203933059873242e-04
6.454927668306974738e+03 1.936205088133839724e-03 1.982053078898184322e+04 4.586682933222423792e+08 5.814877656342980379e-04
6.446588274542428735e+03 1.938709400746761779e-03 1.977381972539870549e+04 4.562484579316325188e+08 5.830622519655367280e-04
6.438259653124157921e+03 1.941216952469890233e-03 1.972722249162259686e+04 4.538390697262554169e+08 5.846439886634441146e-04
6.429941790137071621e+03 1.943727747492730818e-03 1.968073880319184536e+04 4.514399896208236814e+08 5.862331523309415038e-04
6.421634671684040768e+03 1.946241790010212226e-03 1.963436837636706332e+04 4.490510829713474512e+08 5.878299060655817199e-04
6.413338283885904275e+03 1.948759084222684377e-03 1.958811092812947754e+04 4.466722464990005493e+08 5.894344002205108204e-04
6.405052612881428104e+03 1.951279634335929694e-03 1.954196617617895026e+04 4.443033432310328484e+08 5.910468204411234786e-04
6.396777644827267977e+03 1.953803444561175249e-03 1.949593383893210921e+04 4.419442319954056740e+08 5.926673535270518805e-04
6.388513365897982112e+03 1.956330519115089071e-03 1.945001363552067778e+04 4.395948025460242629e+08 5.942961728212553703e-04
6.380259762285966644e+03 1.958860862219799232e-03 1.940420528578941958e+04 4.372549209464344382e+08 5.959334630016223811e-04
6.372016820201470182e+03 1.961394478102889728e-03 1.935850851029453406e+04 4.349244517142071724e+08 5.975794464991649986e-04
6.363784525872553786e+03 1.963931370997412402e-03 1.931292303030172116e+04 4.326032626991412044e+08 5.992343173159122910e-04
6.355562865545052773e+03 1.966471545141899521e-03 1.926744856778429312e+04 4.302912288795249462e+08 6.008982667817129239e-04
6.347351825482590357e+03 1.969015004780358576e-03 1.922208484542155929e+04 4.279882131285708547e+08 6.025715395040571933e-04
6.339151391966511255e+03 1.971561754162293092e-03 1.917683158659678520e+04 4.256940903475100398e+08 6.042543357427085154e-04
6.330961551295898062e+03 1.974111797542698731e-03 1.913168851539559546e+04 4.234087259659428000e+08 6.059468912357441695e-04
6.322782289787531226e+03 1.976665139182073264e-03 1.908665535660409296e+04 4.211319755356101394e+08 6.076494442609601957e-04
6.314613593775850859e+03 1.979221783346430882e-03 1.904173183570696710e+04 4.188637199117239714e+08 6.093622253232196207e-04
6.306455449612971279e+03 1.981781734307296126e-03 1.899691767888592221e+04 4.166038295535995960e+08 6.110854677329921299e-04
6.298307843668611895e+03 1.984344996341726435e-03 1.895221261301764389e+04 4.143521685412352681e+08 6.128194462598391019e-04
6.290170762330119032e+03 1.986911573732304780e-03 1.890761636567223104e+04 4.121086091621651053e+08 6.145643974161536490e-04
6.282044192002420459e+03 1.989481470767153967e-03 1.886312866511133689e+04 4.098730252167716622e+08 6.163205927533980770e-04
6.273928119107989914e+03 1.992054691739948355e-03 1.881874924028631358e+04 4.076452818791551590e+08 6.180882955754421959e-04
6.265822530086862571e+03 1.994631240949907777e-03 1.877447782083663697e+04 4.054252564562500715e+08 6.198677577661097001e-04
6.257727411396565913e+03 1.997211122701821398e-03 1.873031413708790569e+04 4.032128290120527148e+08 6.216592554426103069e-04
6.249642749512136106e+03 1.999794341306040339e-03 1.868625792005030598e+04 4.010078807355347872e+08 6.234630676466422928e-04
6.241568530926086169e+03 2.002380901078489820e-03 1.864230890141680356e+04 3.988102931385592222e+08 6.252794684998999684e-04
6.233504742148352307e+03 2.004970806340683909e-03 1.859846681356119734e+04 3.966199465838929415e+08 6.271087440771904060e-04
6.225451369706324840e+03 2.007564061419718580e-03 1.855473138953671878e+04 3.944367388333582282e+08 6.289511586293373025e-04
6.217408400144772713e+03 2.010160670648293828e-03 1.851110236307396190e+04 3.922605627287853956e+08 6.308069938216107585e-04
6.209375820025862595e+03 2.012760638364707606e-03 1.846757946857939169e+04 3.900913020098325014e+08 6.326765497855609205e-04
6.201353615929119769e+03 2.015363968912869692e-03 1.842416244113352514e+04 3.879288770295702219e+08 6.345600774623902851e-04
6.193341774451387209e+03 2.017970666642313841e-03 1.838085101648908312e+04 3.857731970554293990e+08 6.364578501278498387e-04
6.185340282206844677e+03 2.020580735908192142e-03 1.833764493106953887e+04 3.836241516786661148e+08 6.383701781988385809e-04
6.177349125826939598e+03 2.023194181071297140e-03 1.829454392196709887e+04 3.814816880339100361e+08 6.402972897494347984e-04
6.169368291960407987e+03 2.025811006498055324e-03 1.825154772694126223e+04 3.793457368453112841e+08 6.422394395472632396e-04
6.161397767273228965e+03 2.028431216560541445e-03 1.820865608441695804e+04 3.772162012746680379e+08 6.441969340995508386e-04
6.153437538448589294e+03 2.031054815636491092e-03 1.816586873348278459e+04 3.750930544097602367e+08 6.461699764909403397e-04
6.145487592186900656e+03 2.033681808109294616e-03 1.812318541388953236e+04 3.729762560663117766e+08 6.481587854114709106e-04
6.137547915205733261e+03 2.036312198368017950e-03 1.808060586604823038e+04 3.708657293842136860e+08 6.501636504259476279e-04
6.129618494239829488e+03 2.038945990807400008e-03 1.803812983102865837e+04 3.687614739134351611e+08 6.521847427333389048e-04
6.121699316041068414e+03 2.041583189827863090e-03 1.799575705055760045e+04 3.666634856383779645e+08 6.542222294892147258e-04
6.113790367378425799e+03 2.044223799835526330e-03 1.795348726701704436e+04 3.645717145969561338e+08 6.562763671993731380e-04
6.105891635037987726e+03 2.046867825242201788e-03 1.791132022344271172e+04 3.624861863650506735e+08 6.583472888547845913e-04
6.098003105822891484e+03 2.049515270465413538e-03 1.786925566352217720e+04 3.604069392872088552e+08 6.604350958725210916e-04
6.090124766553334666e+03 2.052166139928394625e-03 1.782729333159338421e+04 3.583339463992118239e+08 6.625399856029341944e-04
6.082256604066540604e+03 2.054820438060099216e-03 1.778543297264288049e+04 3.562672685002512336e+08 6.646620474748120592e-04
6.074398605216719261e+03 2.057478169295215171e-03 1.774367433230409733e+04 3.542069918623313308e+08 6.668012912446331887e-04
6.066550756875085426e+03 2.060139338074158839e-03 1.770201715685589079e+04 3.521531402935349941e+08 6.689578405505958950e-04
6.058713045929785949e+03 2.062803948843098048e-03 1.766046119322062805e+04 3.501057879532236457e+08 6.711317420661970599e-04
6.050885459285927027e+03 2.065472006053944293e-03 1.761900618896279047e+04 3.480650711928437352e+08 6.733229048049423028e-04
6.043067983865526003e+03 2.068143514164368785e-03 1.757765189228720192e+04 3.460310524771410227e+08 6.755313607535614034e-04
6.035260606607478621e+03 2.070818477637812859e-03 1.753639805203733340e+04 3.440038236331792474e+08 6.777570945485015923e-04
6.027463314467569035e+03 2.073496900943485807e-03 1.749524441769380428e+04 3.419835804732568860e+08 6.799998917647074670e-04
6.019676094418432513e+03 2.076178788556377018e-03 1.745419073937272697e+04 3.399704379587758780e+08 6.822596723663080847e-04
6.011898933449509968e+03 2.078864144957270725e-03 1.741323676782389884e+04 3.379645132820236683e+08 6.845363677617124880e-04
6.004131818567077971e+03 2.081552974632737332e-03 1.737238225442949624e+04 3.359660271144014001e+08 6.868296528871668761e-04
5.996374736794169621e+03 2.084245282075159432e-03 1.733162695120211356e+04 3.339751423049293160e+08 6.891393119073223068e-04
5.988627675170603652e+03 2.086941071782723138e-03 1.729097061078346451e+04 3.319920042643434405e+08 6.914651953155770197e-04
5.980890620752933501e+03 2.089640348259433691e-03 1.725041298644255585e+04 3.300168790625208616e+08 6.938068624530009882e-04
5.973163560614420021e+03 2.092343116015126740e-03 1.720995383207412306e+04 3.280499570662233233e+08 6.961639906150217296e-04
5.965446481845043309e+03 2.095049379565463565e-03 1.716959290219713876e+04 3.260914016220993400e+08 6.985363271017121798e-04
5.957739371551435397e+03 2.097759143431954069e-03 1.712932995195303010e+04 3.241415080672034025e+08 7.009233256516270811e-04
5.950042216856903906e+03 2.100472412141950272e-03 1.708916473710427090e+04 3.222005047934049964e+08 7.033245533300247748e-04
5.942355004901386565e+03 2.103189190228659747e-03 1.704909701403271902e+04 3.202685642040605545e+08 7.057396474075453658e-04
5.934677722841416653e+03 2.105909482231160378e-03 1.700912653973791021e+04 3.183459944399897456e+08 7.081679889064713572e-04
5.927010357850141190e+03 2.108633292694391242e-03 1.696925307183573022e+04 3.164330401604061127e+08 7.106090412614109132e-04
5.919352897117255452e+03 2.111360626169178634e-03 1.692947636855657402e+04 3.145299049820390344e+08 7.130623094300120876e-04
5.911705327849014793e+03 2.114091487212229996e-03 1.688979618874396328e+04 3.126368765014481544e+08 7.155271527094708098e-04
5.904067637268203725e+03 2.116825880386145192e-03 1.685021229185293487e+04 3.107542042278741002e+08 7.180029388002426511e-04
5.896439812614095899e+03 2.119563810259431254e-03 1.681072443794834544e+04 3.088821180095477104e+08 7.204890594618416390e-04
5.888821841142467747e+03 2.122305281406497608e-03 1.677133238770352909e+04 3.070208737955188751e+08 7.229848492071494536e-04
5.881213710125536636e+03 2.125050298407676896e-03 1.673203590239852201e+04 3.051707120619287491e+08 7.254896262688470630e-04
5.873615406851979969e+03 2.127798865849220636e-03 1.669283474391869095e+04 3.033318720004860163e+08 7.280027011960148262e-04
5.866026918626891529e+03 2.130550988323312231e-03 1.665372867475309977e+04 3.015045748217918873e+08 7.305233803931999699e-04
5.858448232771748735e+03 2.133306670428080417e-03 1.661471745799290147e+04 2.996890410636384487e+08 7.330509702649544912e-04
5.850879336624430834e+03 2.136065916767593189e-03 1.657580085732997395e+04 2.978854937416355610e+08 7.355847433788000956e-04
5.843320217539145233e+03 2.138828731951882521e-03 1.653697863705515192e+04 2.960941299181508422e+08 7.381239906555171803e-04
5.835770862886457508e+03 2.141595120596935260e-03 1.649825056205691726e+04 2.943151220372839570e+08 7.406680408105769135e-04
5.828231260053242295e+03 2.144365087324710036e-03 1.645961639781976555e+04 2.925486754231286049e+08 7.432161330111820320e-04
5.820701396442652367e+03 2.147138636763149411e-03 1.642107591042258719e+04 2.907949503481214643e+08 7.457675755917091056e-04
5.813181259474130457e+03 2.149915773546175104e-03 1.638262886653734859e+04 2.890540703270974755e+08 7.483217824544976041e-04
5.805670836583367418e+03 2.152696502313703169e-03 1.634427503342746240e+04 2.873262049382160306e+08 7.508779949850714940e-04
5.798170115222270397e+03 2.155480827711656142e-03 1.630601417894619590e+04 2.856114763419036269e+08 7.534355400856704126e-04
5.790679082858973743e+03 2.158268754391958703e-03 1.626784607153535217e+04 2.839099609972307086e+08 7.559939059490371942e-04
5.783197726977781713e+03 2.161060287012559790e-03 1.622977048022356576e+04 2.822217680683977604e+08 7.585524128656219098e-04
5.775726035079179383e+03 2.163855430237426533e-03 1.619178717462496570e+04 2.805470015868936181e+08 7.611104215330553781e-04
5.768263994679797179e+03 2.166654188736559863e-03 1.615389592493759665e+04 2.788856670956501365e+08 7.636674977892485066e-04
5.760811593312378136e+03 2.169456567186005356e-03 1.611609650194187452e+04 2.772378285100607276e+08 7.662230982120232705e-04
5.753368818525788811e+03 2.172262570267849760e-03 1.607838867699925140e+04 2.756035570490811467e+08 7.687765744208468121e-04
5.745935657884957436e+03 2.175072202670243551e-03 1.604077222205052567e+04 2.739827934008493423e+08 7.713276611378685555e-04
5.738512098970894840e+03 2.177885469087393992e-03 1.600324690961455599e+04 2.723755687871257067e+08 7.738758831689990193e-04
5.731098129380648061e+03 2.180702374219581179e-03 1.596581251278667696e+04 2.707818919738425612e+08 7.764206882098021855e-04
5.723693736727275791e+03 2.183522922773169749e-03 1.592846880523718028e+04 2.692016896242870688e+08 7.789619016854161093e-04
5.716298908639853835e+03 2.186347119460604112e-03 1.589121556120999230e+04 2.676349060278443992e+08 7.814991726756419666e-04
5.708913632763418718e+03 2.189174969000431872e-03 1.585405255552101880e+04 2.660815409031104147e+08 7.840320509938776767e-04
5.701537896758984061e+03 2.192006476117296446e-03 1.581697956355687347e+04 2.645414753978538513e+08 7.865604292788280381e-04
5.694171688303498740e+03 2.194841645541953986e-03 1.577999636127330086e+04 2.630146027020234764e+08 7.890841042482282233e-04
5.686814995089817785e+03 2.197680482011284218e-03 1.574310272519368664e+04 2.615009017396351099e+08 7.916027228998256948e-04
5.679467804826710562e+03 2.200522990268286103e-03 1.570629843240774426e+04 2.600002098003497720e+08 7.941162472478662622e-04
5.672130105238807118e+03 2.203369175062100827e-03 1.566958326056990700e+04 2.585123955976528227e+08 7.966245931801911725e-04
5.664801884066606362e+03 2.206219041148007026e-03 1.563295698789801645e+04 2.570373964969830811e+08 7.991275289599813472e-04
5.657483129066445144e+03 2.209072593287432929e-03 1.559641939317183824e+04 2.555750368864386976e+08 8.016250691472245503e-04
5.650173828010459147e+03 2.211929836247971976e-03 1.555997025573152314e+04 2.541251595192080736e+08 8.041172268468859199e-04
5.642873968686601984e+03 2.214790774803375439e-03 1.552360935547637928e+04 2.526876610624644756e+08 8.066038971982764224e-04
5.635583538898579718e+03 2.217655413733577146e-03 1.548733647286321320e+04 2.512623701169236004e+08 8.090851312161876242e-04
5.628302526465867231e+03 2.220523757824688273e-03 1.545115138890507842e+04 2.498491062839125097e+08 8.115610235894454242e-04
5.621030919223677301e+03 2.223395811869009059e-03 1.541505388516981293e+04 2.484477303298279643e+08 8.140315808564636216e-04
5.613768705022918766e+03 2.226271580665044846e-03 1.537904374377850945e+04 2.470580829245890677e+08 8.164969026048344040e-04
5.606515871730211984e+03 2.229151069017500011e-03 1.534312074740426942e+04 2.456799699722778797e+08 8.189571261228215365e-04
5.599272407227835174e+03 2.232034281737299650e-03 1.530728467927062957e+04 2.443132321247079670e+08 8.214123503981860409e-04
5.592038299413730783e+03 2.234921223641587844e-03 1.527153532315029770e+04 2.429576940859289169e+08 8.238627242117927156e-04
5.584813536201475472e+03 2.237811899553736762e-03 1.523587246336367571e+04 2.416131850774717629e+08 8.263084340998725751e-04
5.577598105520245554e+03 2.240706314303364446e-03 1.520029588477741345e+04 2.402795271789908409e+08 8.287496204427667601e-04
5.570391995314824271e+03 2.243604472726327872e-03 1.516480537280312637e+04 2.389565443971779943e+08 8.311864718690641475e-04
5.563195193545551774e+03 2.246506379664746367e-03 1.512940071339586029e+04 2.376440560829893947e+08 8.336192156008701264e-04
5.556007688188333304e+03 2.249412039966995971e-03 1.509408169305284537e+04 2.363418917698466182e+08 8.360480472563429789e-04
5.548829467234608273e+03 2.252321458487723752e-03 1.505884809881205729e+04 2.350498905324100256e+08 8.384731700571200312e-04
5.541660518691310244e+03 2.255234640087862112e-03 1.502369971825071843e+04 2.337678682933080196e+08 8.408948173358504925e-04
5.534500830580886031e+03 2.258151589634622286e-03 1.498863633948413735e+04 2.324956562117111087e+08 8.433132180887859030e-04
5.527350390941235673e+03 2.261072312001518626e-03 1.495365775116411169e+04 2.312330882601686418e+08 8.457286117876142931e-04
5.520209187825723347e+03 2.263996812068364266e-03 1.491876374247772401e+04 2.299800003483083546e+08 8.481412318847475788e-04
5.513077209303146446e+03 2.266925094721282397e-03 1.488395410314591572e+04 2.287362302231835723e+08 8.505513257418630168e-04
5.505954443457701018e+03 2.269857164852722743e-03 1.484922862342203553e+04 2.275016193404300213e+08 8.529591409441063515e-04
5.498840878388992678e+03 2.272793027361454631e-03 1.481458709409065159e+04 2.262760160958062708e+08 8.553649086574911060e-04
5.491736502211981133e+03 2.275732687152591700e-03 1.478002930646599998e+04 2.250592636152023077e+08 8.577688756542452579e-04
5.484641303056992911e+03 2.278676149137586274e-03 1.474555505239079866e+04 2.238512077154437900e+08 8.601713082509393829e-04
5.477555269069687711e+03 2.281623418234242362e-03 1.471116412423482689e+04 2.226517087264370918e+08 8.625724268606680496e-04
5.470478388411020205e+03 2.284574499366732146e-03 1.467685631489348270e+04 2.214606238465165794e+08 8.649724751578179160e-04
5.463410649257256409e+03 2.287529397465589039e-03 1.464263141778662430e+04 2.202778068053679764e+08 8.673717224061746212e-04
5.456352039799933664e+03 2.290488117467725029e-03 1.460848922685712023e+04 2.191031300250445604e+08 8.697703768684503624e-04
5.449302548245829712e+03 2.293450664316442830e-03 1.457442953656945974e+04 2.179364619577344060e+08 8.721686711620319724e-04
5.442262162816974524e+03 2.296417042961431104e-03 1.454045214190857951e+04 2.167776656398914754e+08 8.745668692240703406e-04
5.435230871750591177e+03 2.299387258358788749e-03 1.450655683837832657e+04 2.156266244335726202e+08 8.769651704720102638e-04
5.428208663299114960e+03 2.302361315471018396e-03 1.447274342200033243e+04 2.144832180790557265e+08 8.793637932753214925e-04
5.421195525730153349e+03 2.305339219267042022e-03 1.443901168931258508e+04 2.133473205852950811e+08 8.817629873404066090e-04
5.414191447326456000e+03 2.308320974722213523e-03 1.440536143736805934e+04 2.122188242694368660e+08 8.841629458198607683e-04
5.407196416385927478e+03 2.311306586818314811e-03 1.437179246373354908e+04 2.110976202494497299e+08 8.865638692274812683e-04
5.400210421221568140e+03 2.314296060543578806e-03 1.433830456648817744e+04 2.099835936534927487e+08 8.889659908359149676e-04
5.393233450161490509e+03 2.317289400892684655e-03 1.430489754422223632e+04 2.088766449089392424e+08 8.913694974481307931e-04
5.386265491548883801e+03 2.320286612866771184e-03 1.427157119603582942e+04 2.077766759621554315e+08 8.937745681459334686e-04
5.379306533741979365e+03 2.323287701473452076e-03 1.423832532153747707e+04 2.066835827085951269e+08 8.961814205501272921e-04
5.372356565114068871e+03 2.326292671726809796e-03 1.420515972084300120e+04 2.055972730110787749e+08 8.985902304867917625e-04
5.365415574053438831e+03 2.329301528647420745e-03 1.417207419457401011e+04 2.045176588383105993e+08 9.010011617229261903e-04
5.358483548963393332e+03 2.332314277262347892e-03 1.413906854385680344e+04 2.034446462381357551e+08 9.034144092707549348e-04
5.351560478262215838e+03 2.335330922605156814e-03 1.410614257032099522e+04 2.023781499181171060e+08 9.058301442915470732e-04
5.344646350383134632e+03 2.338351469715930012e-03 1.407329607609814775e+04 2.013180909311988056e+08 9.082485109411976175e-04
5.337741153774340091e+03 2.341375923641259536e-03 1.404052886382067481e+04 2.002643847222017944e+08 9.106696836294531951e-04
5.330844876898922848e+03 2.344404289434275177e-03 1.400784073662033916e+04 1.992169522871857882e+08 9.130938245946059427e-04
5.323957508234894703e+03 2.347436572154633621e-03 1.397523149812719021e+04 1.981757227984715104e+08 9.155210621035168601e-04
5.317079036275146791e+03 2.350472776868537533e-03 1.394270095246816527e+04 1.971406212534917593e+08 9.179515541071015319e-04
5.310209449527421384e+03 2.353512908648748569e-03 1.391024890426577986e+04 1.961115740212433636e+08 9.203854479013331199e-04
5.303348736514326447e+03 2.356556972574580001e-03 1.387787515863702174e+04 1.950885167620885074e+08 9.228228640569851498e-04
5.296496885773275608e+03 2.359604973731924040e-03 1.384557952119189940e+04 1.940713810472199023e+08 9.252639379979536770e-04
5.289653885856502711e+03 2.362656917213244896e-03 1.381336179803233244e+04 1.930600991322264671e+08 9.277088146812101496e-04
5.282819725331030895e+03 2.365712808117592658e-03 1.378122179575084010e+04 1.920546135216339529e+08 9.301575940175002598e-04
5.275994392778635302e+03 2.368772651550619772e-03 1.374915932142919701e+04 1.910548625278847218e+08 9.326103961437771277e-04
5.269177876795855809e+03 2.371836452624575403e-03 1.371717418263734908e+04 1.900607850833838582e+08 9.350673580579056286e-04
5.262370165993963383e+03 2.374904216458321483e-03 1.368526618743207291e+04 1.890723273386194408e+08 9.375285661268683386e-04
5.255571248998927331e+03 2.377975948177346154e-03 1.365343514435568613e+04 1.880894334810835719e+08 9.399941296359982110e-04
5.248781114451422582e+03 2.381051652913759864e-03 1.362168086243491416e+04 1.871120453240881264e+08 9.424641743366033754e-04
5.241999751006784209e+03 2.384131335806318353e-03 1.359000315117954415e+04 1.861401154293884933e+08 9.449387761153017849e-04
5.235227147335013797e+03 2.387215002000418317e-03 1.355840182058128994e+04 1.851735946771288216e+08 9.474180282227441302e-04
5.228463292120749429e+03 2.390302656648110417e-03 1.352687668111252424e+04 1.842124277132880092e+08 9.499020516627217081e-04
5.221708174063227489e+03 2.393394304908117061e-03 1.349542754372494710e+04 1.832565706937401891e+08 9.523909102865154436e-04
5.214961781876307214e+03 2.396489951945822861e-03 1.346405421984857458e+04 1.823059771589001715e+08 9.548846953676586643e-04
5.208224104288402486e+03 2.399589602933303260e-03 1.343275652139027807e+04 1.813605995436991155e+08 9.573835026303679011e-04
5.201495130042503661e+03 2.402693263049316286e-03 1.340153426073275477e+04 1.804203953315000534e+08 9.598874019433371006e-04
5.194774847896142091e+03 2.405800937479318172e-03 1.337038725073323076e+04 1.794853217503923476e+08 9.623964671261584121e-04
5.188063246621357393e+03 2.408912631415478529e-03 1.333931530472220402e+04 1.785553343938950598e+08 9.649107892864019998e-04
5.181360315004711083e+03 2.412028350056674274e-03 1.330831823650235310e+04 1.776303949606901407e+08 9.674304300657746852e-04
5.174666041847232009e+03 2.415148098608514791e-03 1.327739586034718923e+04 1.767104630891658366e+08 9.699554567065558127e-04
5.167980415964427266e+03 2.418271882283336716e-03 1.324654799099997035e+04 1.757954976881087124e+08 9.724859463762036780e-04
5.161303426186252182e+03 2.421399706300217825e-03 1.321577444367246972e+04 1.748854629488168955e+08 9.750219631059125818e-04
5.154635061357078484e+03 2.424531575884993073e-03 1.318507503404369345e+04 1.739803213617274165e+08 9.775635616848822856e-04
5.147975310335705217e+03 2.427667496270247225e-03 1.315444957825884558e+04 1.730800348707846105e+08 9.801108147764496167e-04
5.141324161995303257e+03 2.430807472695343044e-03 1.312389789292794921e+04 1.721845694325826466e+08 9.826637781588751664e-04
5.134681605223432598e+03 2.433951510406411750e-03 1.309341979512483340e+04 1.712938901294685006e+08 9.852225016965413060e-04
5.128047628922008698e+03 2.437099614656370802e-03 1.306301510238586889e+04 1.704079617575814128e+08 9.877870518495220249e-04
5.121422222007264281e+03 2.440251790704939076e-03 1.303268363270870577e+04 1.695267516490326524e+08 9.903574813674696255e-04
5.114805373409772983e+03 2.443408043818628191e-03 1.300242520455128397e+04 1.686502271159326136e+08 9.929338367772916514e-04
5.108197072074384778e+03 2.446568379270771566e-03 1.297223963683044167e+04 1.677783557404386401e+08 9.955161686679033211e-04
5.101597306960246897e+03 2.449732802341516181e-03 1.294212674892092764e+04 1.669111055687934458e+08 9.981045340230071134e-04
5.095006067040766538e+03 2.452901318317838621e-03 1.291208636065414066e+04 1.660484462182357907e+08 1.000698973203406486e-03
5.088423341303582674e+03 2.456073932493559389e-03 1.288211829231692354e+04 1.651903476676997244e+08 1.003299533645488724e-03
5.081849118750574235e+03 2.459250650169338571e-03 1.285222236465052083e+04 1.643367784837763011e+08 1.005906262785635037e-03
5.075283388397813724e+03 2.462431476652700117e-03 1.282239839884926914e+04 1.634877109268569052e+08 1.008519205657591906e-03
5.068726139275570858e+03 2.465616417258026643e-03 1.279264621655957490e+04 1.626431154834348261e+08 1.011138401421834976e-03
5.062177360428288011e+03 2.468805477306574171e-03 1.276296563987869558e+04 1.618029630293315053e+08 1.013763893276839858e-03
5.055637040914544741e+03 2.471998662126488611e-03 1.273335649135354288e+04 1.609672267281852067e+08 1.016395720164370861e-03
5.049105169807073253e+03 2.475195977052797088e-03 1.270381859397965127e+04 1.601358785522252619e+08 1.019033921026184491e-03
5.042581736192701101e+03 2.478397427427437866e-03 1.267435177119988293e+04 1.593088909468286335e+08 1.021678537281064947e-03
5.036066729172368468e+03 2.481603018599249939e-03 1.264495584690343094e+04 1.584862376172921956e+08 1.024329602922943380e-03
5.029560137861092699e+03 2.484812755923992110e-03 1.261563064542460597e+04 1.576678926166544259e+08 1.026987154276495480e-03
5.023061951387939189e+03 2.488026644764356442e-03 1.258637599154164673e+04 1.568538286234929562e+08 1.029651228185175316e-03
5.016572158896033216e+03 2.491244690489962180e-03 1.255719171047572127e+04 1.560440212673939168e+08 1.032321861492430017e-03
5.010090749542507183e+03 2.494466898477382642e-03 1.252807762788964283e+04 1.552384447727487087e+08 1.034999083149873910e-03
5.003617712498512446e+03 2.497693274110138282e-03 1.249903356988686573e+04 1.544370738059354424e+08 1.037682930287774172e-03
4.997153036949187481e+03 2.500923822778714032e-03 1.247005936301031034e+04 1.536398839887273908e+08 1.040373434344503108e-03
4.990696712093628776e+03 2.504158549880571884e-03 1.244115483424118429e+04 1.528468512136697769e+08 1.043070626514822552e-03
4.984248727144903569e+03 2.507397460820146983e-03 1.241231981099799668e+04 1.520579506757678688e+08 1.045774537993486531e-03
4.977809071329991639e+03 2.510640561008873652e-03 1.238355412113527200e+04 1.512731589967493117e+08 1.048485199975256231e-03
4.971377733889806223e+03 2.513887855865178447e-03 1.235485759294259515e+04 1.504924527735259831e+08 1.051202642704909904e-03
4.964954704079155817e+03 2.517139350814496211e-03 1.232623005514342185e+04 1.497158081329974830e+08 1.053926894175540637e-03
4.958539971166717805e+03 2.520395051289285246e-03 1.229767133689392176e+04 1.489432025069808066e+08 1.056657984834601582e-03
4.952133524435042091e+03 2.523654962729025147e-03 1.226918126778198348e+04 1.481746129649038315e+08 1.059395942269569747e-03
4.945735353180523816e+03 2.526919090580229382e-03 1.224075967782605585e+04 1.474100167904728055e+08 1.062140794067922573e-03
4.939345446713374258e+03 2.530187440296463499e-03 1.221240639747400382e+04 1.466493916698825061e+08 1.064892567817142489e-03
4.932963794357625375e+03 2.533460017338337762e-03 1.218412125760210802e+04 1.458927155783149004e+08 1.067651291104704551e-03
4.926590385451086149e+03 2.536736827173534034e-03 1.215590408951385689e+04 1.451399665216911435e+08 1.070416991518091622e-03
4.920225209345350777e+03 2.540017875276799272e-03 1.212775472493897541e+04 1.443911226220569313e+08 1.073189694722473343e-03
4.913868255405767741e+03 2.543303167129962010e-03 1.209967299603227002e+04 1.436461626037014425e+08 1.075969427046912126e-03
4.907519513011409799e+03 2.546592708221947533e-03 1.207165873537248990e+04 1.429050650014518797e+08 1.078756213706052580e-03
4.901178971555084900e+03 2.549886504048771811e-03 1.204371177596137568e+04 1.421678085415051579e+08 1.081550079573050539e-03
4.894846620443289794e+03 2.553184560113567949e-03 1.201583195122245161e+04 1.414343724855399728e+08 1.084351049521069862e-03
4.888522449096215496e+03 2.556486881926580117e-03 1.198801909500003967e+04 1.407047359564222991e+08 1.087159148423268770e-03
4.882206446947718177e+03 2.559793475005180466e-03 1.196027304155814272e+04 1.399788781697912216e+08 1.089974401152805049e-03
4.875898603445291883e+03 2.563104344873883000e-03 1.193259362557933309e+04 1.392567788972676396e+08 1.092796832582842558e-03
4.869598908050079444e+03 2.566419497064338379e-03 1.190498068216380489e+04 1.385384177994254231e+08 1.095626467586537133e-03
4.863307350236816092e+03 2.569738937115362103e-03 1.187743404682813161e+04 1.378237745692896545e+08 1.098463329536718052e-03
4.857023919493851281e+03 2.573062670572925405e-03 1.184995355550438398e+04 1.371128293860970438e+08 1.101307440099546587e-03
4.850748605323109587e+03 2.576390702990173469e-03 1.182253904453896030e+04 1.364055624643699527e+08 1.104158824937232506e-03
4.844481397240064325e+03 2.579723039927440606e-03 1.179519035069151505e+04 1.357019539326011539e+08 1.107017506670040629e-03
4.838222284773747560e+03 2.583059686952244183e-03 1.176790731113399670e+04 1.350019843859271109e+08 1.109883507918227969e-03
4.831971257466703719e+03 2.586400649639311079e-03 1.174068976344948169e+04 1.343056344174781144e+08 1.112756851302059780e-03
4.825728304874994137e+03 2.589745933570572912e-03 1.171353754563121583e+04 1.336128847002441287e+08 1.115637559441794808e-03
4.819493416568173416e+03 2.593095544335179917e-03 1.168645049608154295e+04 1.329237161670679450e+08 1.118525654957692453e-03
4.813266582129258495e+03 2.596449487529518298e-03 1.165942845361080435e+04 1.322381098406523168e+08 1.121421160470017749e-03
4.807047791154732295e+03 2.599807768757206750e-03 1.163247125743637116e+04 1.315560467308444679e+08 1.124324098599029662e-03
4.800837033254515518e+03 2.603170393629111214e-03 1.160557874718157655e+04 1.308775082357393801e+08 1.127234491964987373e-03
4.794634298051940277e+03 2.606537367763361347e-03 1.157875076287463708e+04 1.302024757331406176e+08 1.130152363188155918e-03
4.788439575183759189e+03 2.609908696785344893e-03 1.155198714494772139e+04 1.295309306200660616e+08 1.133077734888792310e-03
4.782252854300092622e+03 2.613284386327734132e-03 1.152528773423577331e+04 1.288628546091427207e+08 1.136010629687161586e-03
4.776074125064445070e+03 2.616664442030480243e-03 1.149865237197563329e+04 1.281982294593069106e+08 1.138951066306172818e-03
4.769903377153672409e+03 2.620048869540828485e-03 1.147208089980492878e+04 1.275370369671700150e+08 1.141899067916550027e-03
4.763740600257951883e+03 2.623437674513336409e-03 1.144557315976101381e+04 1.268792591530534476e+08 1.144854656731001882e-03
4.757585784080796657e+03 2.626830862609865185e-03 1.141912899428007950e+04 1.262248781218536049e+08 1.147817854283015183e-03
4.751438918339002157e+03 2.630228439499608228e-03 1.139274824619596802e+04 1.255738760261242539e+08 1.150788682106084317e-03
4.745299992762661532e+03 2.633630410859085121e-03 1.136643075873930866e+04 1.249262351804844439e+08 1.153767161733697819e-03
4.739168997095131090e+03 2.637036782372157231e-03 1.134017637553642635e+04 1.242819380385440439e+08 1.156753314699344223e-03
4.733045921093005745e+03 2.640447559730045059e-03 1.131398494060829580e+04 1.236409670809510499e+08 1.159747162536517917e-03
4.726930754526129022e+03 2.643862748631319558e-03 1.128785629836966291e+04 1.230033049501873404e+08 1.162748726778705700e-03
4.720823487177540301e+03 2.647282354781933366e-03 1.126179029362786605e+04 1.223689343830533773e+08 1.165758028959401962e-03
4.714724108843493013e+03 2.650706383895210828e-03 1.123578677158199753e+04 1.217378382001880556e+08 1.168775090612095020e-03
4.708632609333417349e+03 2.654134841691866212e-03 1.120984557782181400e+04 1.211099993190851212e+08 1.171799933270273623e-03
4.702548978469894791e+03 2.657567733900021486e-03 1.118396655832670513e+04 1.204854007909256667e+08 1.174832578467432161e-03
4.696473206088674488e+03 2.661005066255195482e-03 1.115814955946483497e+04 1.198640257394465655e+08 1.177873047737057217e-03
4.690405282038613223e+03 2.664446844500337717e-03 1.113239442799196695e+04 1.192458573666552901e+08 1.180921362612643395e-03
4.684345196181696338e+03 2.667893074385815824e-03 1.110670101105064714e+04 1.186308790277814418e+08 1.183977543875214516e-03
4.678292938393002260e+03 2.671343761669437659e-03 1.108106915616911465e+04 1.180190741170051694e+08 1.187041612491506522e-03
4.672248498560678854e+03 2.674798912116463454e-03 1.105549871126031394e+04 1.174104261404574960e+08 1.190113590133683261e-03
4.666211866585949792e+03 2.678258531499601476e-03 1.102998952462098350e+04 1.168049187132123113e+08 1.193193498250219239e-03
4.660183032383068166e+03 2.681722625599036215e-03 1.100454144493058448e+04 1.162025355315524489e+08 1.196281358289597637e-03
4.654161985879327403e+03 2.685191200202421448e-03 1.097915432125040206e+04 1.156032603581759036e+08 1.199377191700295130e-03
4.648148717015033981e+03 2.688664261104895415e-03 1.095382800302255964e+04 1.150070770795781165e+08 1.202481019930788176e-03
4.642143215743473775e+03 2.692141814109100771e-03 1.092856234006895465e+04 1.144139696750981510e+08 1.205592864429559739e-03
4.636145472030928431e+03 2.695623865025174610e-03 1.090335718259044916e+04 1.138239221605333537e+08 1.208712746645084759e-03
4.630155475856624435e+03 2.699110419670779255e-03 1.087821238116572204e+04 1.132369187184363902e+08 1.211840688025845767e-03
4.624173217212743111e+03 2.702601483871093589e-03 1.085312778675046138e+04 1.126529435428118706e+08 1.214976710020319655e-03
4.618198686104396074e+03 2.706097063458831695e-03 1.082810325067633130e+04 1.120719809558614641e+08 1.218120834076982881e-03
4.612231872549591571e+03 2.709597164274258480e-03 1.080313862464996782e+04 1.114940153623844087e+08 1.221273081644318626e-03
4.606272766579247218e+03 2.713101792165183591e-03 1.077823376075212946e+04 1.109190312418187112e+08 1.224433474170801396e-03
4.600321358237145432e+03 2.716610952986989614e-03 1.075338851143662941e+04 1.103470131433364004e+08 1.227602033104914373e-03
4.594377637579937982e+03 2.720124652602624697e-03 1.072860272952946434e+04 1.097779457370178699e+08 1.230778779895133797e-03
4.588441594677123248e+03 2.723642896882622066e-03 1.070387626822785933e+04 1.092118137497046441e+08 1.233963735989936561e-03
4.582513219611014392e+03 2.727165691705112603e-03 1.067920898109923291e+04 1.086486019932954758e+08 1.237156922837805628e-03
4.576592502476751179e+03 2.730693042955823109e-03 1.065460072208038036e+04 1.080882953546660095e+08 1.240358363974558824e-03
4.570679433382251773e+03 2.734224956528100593e-03 1.063005134547640773e+04 1.075308788358727545e+08 1.243568079496612869e-03
4.564774002448227293e+03 2.737761438322907932e-03 1.060556070595990059e+04 1.069763374598747343e+08 1.246786091319053175e-03
4.558876199808146339e+03 2.741302494248841221e-03 1.058112865856992539e+04 1.064246563821889758e+08 1.250012421396169910e-03
4.552986015608212256e+03 2.744848130222145386e-03 1.055675505871105452e+04 1.058758208154015243e+08 1.253247091682260176e-03
4.547103440007373138e+03 2.748398352166707675e-03 1.053243976215255316e+04 1.053298160544713885e+08 1.256490124131611971e-03
4.541228463177273625e+03 2.751953166014087151e-03 1.050818262502731704e+04 1.047866274652691931e+08 1.259741540698522183e-03
4.535361075302263998e+03 2.755512577703508187e-03 1.048398350383103207e+04 1.042462404994047433e+08 1.263001363337281410e-03
4.529501266579376534e+03 2.759076593181875644e-03 1.045984225542124295e+04 1.037086406793626994e+08 1.266269614002179600e-03
4.523649027218292758e+03 2.762645218403795254e-03 1.043575873701635101e+04 1.031738136055098623e+08 1.269546314647513859e-03
4.517804347441357095e+03 2.766218459331563212e-03 1.041173280619480647e+04 1.026417449550214261e+08 1.272831487227572183e-03
4.511967217483527747e+03 2.769796321935197835e-03 1.038776432089406990e+04 1.021124204884071946e+08 1.276125153696651676e-03
4.506137627592390345e+03 2.773378812192432187e-03 1.036385313940981541e+04 1.015858260261359215e+08 1.279427336009042286e-03
4.500315568028126108e+03 2.776965936088730564e-03 1.033999912039494484e+04 1.010619474754187912e+08 1.282738056119034830e-03
4.494501029063486385e+03 2.780557699617306269e-03 1.031620212285864545e+04 1.005407708030086160e+08 1.286057335980925762e-03
4.488694000983804472e+03 2.784154108779114244e-03 1.029246200616559690e+04 1.000222820707784742e+08 1.289385199792316685e-03
4.482894474086945593e+03 2.787755169582881859e-03 1.026877863003491439e+04 9.950646739539973438e+07 1.292721668715733326e-03
4.477102438683320543e+03 2.791360888045099804e-03 1.024515185453938102e+04 9.899331296639612317e+07 1.296066765007086339e-03
4.471317885095853853e+03 2.794971270190041608e-03 1.022158154010446924e+04 9.848280506218379736e+07 1.299420511314852353e-03
4.465540803659962876e+03 2.798586322049778814e-03 1.019806754750742766e+04 9.797493001354101300e+07 1.302782930287514282e-03
4.459771184723561419e+03 2.802206049664176645e-03 1.017460973787646435e+04 9.746967423395939171e+07 1.306154044573546152e-03
4.454009018647016092e+03 2.805830459080920890e-03 1.015120797268973365e+04 9.696702420134928823e+07 1.309533876821431311e-03
4.448254295803159039e+03 2.809459556355512269e-03 1.012786211377456129e+04 9.646696647297726572e+07 1.312922449679645954e-03
4.442507006577255197e+03 2.813093347551284644e-03 1.010457202330649125e+04 9.596948766737881303e+07 1.316319785796666274e-03
4.436767141366980468e+03 2.816731838739421068e-03 1.008133756380836894e+04 9.547457447225138545e+07 1.319725907820975836e-03
4.431034690582425355e+03 2.820375035998949013e-03 1.005815859814953910e+04 9.498221365322636068e+07 1.323140838401050835e-03
4.425309644646066772e+03 2.824022945416760320e-03 1.003503498954489805e+04 9.449239204523980618e+07 1.326564600185367246e-03
4.419591993992742573e+03 2.827675573087625946e-03 1.001196660155399513e+04 9.400509652688644826e+07 1.329997215822408636e-03
4.413881729069662470e+03 2.831332925114189887e-03 9.988953298080245077e+03 9.352031407821734250e+07 1.333438707960648813e-03
4.408178840336358917e+03 2.834995007606999975e-03 9.965994943369927569e+03 9.303803173954564333e+07 1.336889100589513024e-03
4.402483318264701666e+03 2.838661826684499637e-03 9.943091402011423270e+03 9.255823659035360813e+07 1.340348417106705832e-03
4.396795153338866839e+03 2.842333388473045671e-03 9.920242538934289769e+03 9.208091581743748486e+07 1.343816680187553047e-03
4.391114336055311469e+03 2.846009699106927335e-03 9.897448219408348450e+03 9.160605664849564433e+07 1.347293913081304417e-03
4.385440856922784405e+03 2.849690764728357237e-03 9.874708309042931432e+03 9.113364637891915441e+07 1.350780139037200799e-03
4.379774706462279028e+03 2.853376591487502122e-03 9.852022673785875668e+03 9.066367238068580627e+07 1.354275381304491941e-03
4.374115875207044155e+03 2.857067185542476809e-03 9.829391179922775336e+03 9.019612208917026222e+07 1.357779663132421084e-03
4.368464353702558583e+03 2.860762553059360228e-03 9.806813694076077809e+03 8.973098299240359664e+07 1.361293007770231038e-03
4.362820132506501977e+03 2.864462700212214944e-03 9.784290083204174152e+03 8.926824265994863212e+07 1.364815438749401085e-03
4.357183202188760333e+03 2.868167633183081513e-03 9.761820214600629697e+03 8.880788871154142916e+07 1.368346979781614450e-03
4.351553553331405055e+03 2.871877358161994964e-03 9.739403955893292732e+03 8.834990884002628922e+07 1.371887654374286981e-03
4.345931176528658398e+03 2.875591881347006485e-03 9.717041175043386829e+03 8.789429080116128922e+07 1.375437486250632611e-03
4.340316062386908015e+03 2.879311208944171710e-03 9.694731740344768696e+03 8.744102241056106985e+07 1.378996499133855729e-03
4.334708201524662400e+03 2.883035347167584982e-03 9.672475520422962290e+03 8.699009154464250803e+07 1.382564716747170267e-03
4.329107584572557244e+03 2.886764302239369379e-03 9.650272384234409401e+03 8.654148614821241796e+07 1.386142162813783002e-03
4.323514202173333615e+03 2.890498080389696228e-03 9.628122201065600166e+03 8.609519423090462387e+07 1.389728861070435237e-03
4.317928044981806124e+03 2.894236687856802884e-03 9.606024840532149028e+03 8.565120386108016968e+07 1.393324836173665720e-03
4.312349103664878385e+03 2.897980130886984064e-03 9.583980172578107158e+03 8.520950315790975094e+07 1.396930110879198187e-03
4.306777368901492082e+03 2.901728415734625231e-03 9.561988067474962008e+03 8.477008031728757918e+07 1.400544709577568455e-03
4.301212831382644254e+03 2.905481548662192191e-03 9.540048395820940641e+03 8.433292359191592038e+07 1.404168656659304966e-03
4.295655481811352729e+03 2.909239535940251909e-03 9.518161028540098414e+03 8.389802129241010547e+07 1.407801976514936812e-03
4.290105310902636120e+03 2.913002383847489423e-03 9.496325836881473151e+03 8.346536178653897345e+07 1.411444693534999375e-03
4.284562309383520187e+03 2.916770098670699168e-03 9.474542692418339357e+03 8.303493351579773426e+07 1.415096832110019362e-03
4.279026467992996004e+03 2.920542686704818373e-03 9.452811467047278711e+03 8.260672496569442749e+07 1.418758416630532372e-03
4.273497777482028141e+03 2.924320154252918382e-03 9.431132032987447019e+03 8.218072469345806539e+07 1.422429471487067065e-03
4.267976228613525564e+03 2.928102507626222876e-03 9.409504262779697456e+03 8.175692130679413676e+07 1.426110021070152098e-03
4.262461812162322531e+03 2.931889753144126080e-03 9.387928029285751109e+03 8.133530347226248682e+07 1.429800089770323504e-03
4.256954518915181325e+03 2.935681897134186265e-03 9.366403205687443915e+03 8.091585992267826200e+07 1.433499701978107341e-03
4.251454339670751324e+03 2.939478945932155231e-03 9.344929665485808073e+03 8.049857943772356212e+07 1.437208882084039423e-03
4.245961265239581735e+03 2.943280905881971807e-03 9.323507282500371730e+03 8.008345087015432119e+07 1.440927654478648843e-03
4.240475286444086123e+03 2.947087783335781367e-03 9.302135930868269497e+03 7.967046311808671057e+07 1.444656043552463610e-03
4.234996394118528769e+03 2.950899584653951004e-03 9.280815485043434819e+03 7.925960513798862696e+07 1.448394076078896421e-03
4.229524579109022852e+03 2.954716316205066064e-03 9.259545819795846910e+03 7.885086595000411570e+07 1.452141776637712149e-03
4.224059832273494976e+03 2.958537984365958336e-03 9.238326810210644908e+03 7.844423462403145432e+07 1.455899169675138822e-03
4.218602144481690630e+03 2.962364595521699978e-03 9.217158331687403916e+03 7.803970029703344405e+07 1.459666280436350012e-03
4.213151506615148719e+03 2.966196156065621301e-03 9.196040259939298267e+03 7.763725214035034180e+07 1.463443134166519726e-03
4.207707909567176102e+03 2.970032672399330279e-03 9.174972470992252056e+03 7.723687940489424765e+07 1.467229756110829128e-03
4.202271344242860323e+03 2.973874150932703450e-03 9.153954841184262477e+03 7.683857138664169610e+07 1.471026171514449405e-03
4.196841801559017767e+03 2.977720598083920169e-03 9.132987247164450309e+03 7.644231743563963473e+07 1.474832405622562154e-03
4.191419272444212766e+03 2.981572020279451337e-03 9.112069565892403261e+03 7.604810695537562668e+07 1.478648483680340946e-03
4.186003747838726667e+03 2.985428423954081083e-03 9.091201674637330143e+03 7.565592941139014065e+07 1.482474430932959573e-03
4.180595218694531468e+03 2.989289815550923678e-03 9.070383450977213215e+03 7.526577432093688846e+07 1.486310272625599414e-03
4.175193675975303449e+03 2.993156201521416596e-03 9.049614772798149716e+03 7.487763125287778676e+07 1.490156034058435185e-03
4.169799110656374069e+03 2.997027588325353042e-03 9.028895518293415080e+03 7.449148982283310592e+07 1.494011742220834223e-03
4.164411513724747238e+03 3.000903982430871975e-03 9.008225565962820838e+03 7.410733975636215508e+07 1.497877422443041808e-03
4.159030876179065672e+03 3.004785390314479790e-03 8.987604794611856050e+03 7.372517075091387331e+07 1.501753100815076325e-03
4.153657189029589972e+03 3.008671818461066804e-03 8.967033083350874222e+03 7.334497250990082324e+07 1.505638803426964179e-03
4.148290443298208629e+03 3.012563273363900312e-03 8.946510311594429368e+03 7.296673474654473364e+07 1.509534556368720935e-03
4.142930630018391639e+03 3.016459761524657116e-03 8.926036359060375617e+03 7.259044736362084746e+07 1.513440385730372784e-03
4.137577740235203237e+03 3.020361289453415282e-03 8.905611105769186906e+03 7.221610048743902147e+07 1.517356317601938542e-03
4.132231765005274610e+03 3.024267863668672791e-03 8.885234432043152992e+03 7.184368426124230027e+07 1.521282378073436376e-03
4.126892695396779345e+03 3.028179490697367054e-03 8.864906218505569996e+03 7.147318879857665300e+07 1.525218590347078790e-03
4.121560522489440700e+03 3.032096177074867106e-03 8.844626346080045550e+03 7.110460404174031317e+07 1.529164977778750935e-03
4.116235237374493408e+03 3.036017929345004827e-03 8.824394695989663887e+03 7.073792006604677439e+07 1.533121570829840564e-03
4.110916831154690044e+03 3.039944754060068446e-03 8.804211149756290979e+03 7.037312702711464465e+07 1.537088396187106382e-03
4.105605294944274647e+03 3.043876657780820744e-03 8.784075589199768729e+03 7.001021520955812931e+07 1.541065480537307094e-03
4.100300619868959075e+03 3.047813647076519014e-03 8.763987896437123709e+03 6.964917491727550328e+07 1.545052850567209431e-03
4.095002797065933919e+03 3.051755728524905512e-03 8.743947953881908688e+03 6.928999649363452196e+07 1.549050532963569494e-03
4.089711817683823028e+03 3.055702908712241723e-03 8.723955644243329516e+03 6.893267034731093049e+07 1.553058554096292242e-03
4.084427672882694424e+03 3.059655194233300117e-03 8.704010850525590286e+03 6.857718691342826188e+07 1.557076940397620355e-03
4.079150353834036650e+03 3.063612591691381500e-03 8.684113456027098437e+03 6.822353669555351138e+07 1.561105718837348284e-03
4.073879851720729221e+03 3.067575107698337130e-03 8.664263344339673495e+03 6.787171023985315859e+07 1.565144916538184191e-03
4.068616157737057620e+03 3.071542748874558307e-03 8.644460399347899511e+03 6.752169813500562310e+07 1.569194559885316812e-03
4.063359263088666467e+03 3.075515521849010638e-03 8.624704505228259222e+03 6.717349103694866598e+07 1.573254675829009568e-03
4.058109158992570428e+03 3.079493433259225792e-03 8.604995546448495588e+03 6.682707962490329891e+07 1.577325291672972314e-03
4.052865836677132847e+03 3.083476489751319286e-03 8.585333407766833261e+03 6.648245464478762448e+07 1.581406434720913825e-03
4.047629287382032999e+03 3.087464697980012163e-03 8.565717974231169137e+03 6.613960688403177261e+07 1.585498132276551980e-03
4.042399502358282916e+03 3.091458064608621457e-03 8.546149131178462994e+03 6.579852717757586390e+07 1.589600411643593168e-03
4.037176472868181008e+03 3.095456596309093585e-03 8.526626764233875292e+03 6.545920640762297809e+07 1.593713300125755268e-03
4.031960190185322972e+03 3.099460299761996537e-03 8.507150759310125068e+03 6.512163549737679958e+07 1.597836825026747488e-03
4.026750645594578600e+03 3.103469181656538095e-03 8.487721002606724142e+03 6.478580542892138660e+07 1.601971013650279035e-03
4.021547830392062224e+03 3.107483248690587514e-03 8.468337380609200409e+03 6.445170722805774212e+07 1.606115893300067788e-03
4.016351735885142716e+03 3.111502507570668586e-03 8.448999780088452098e+03 6.411933195382746309e+07 1.610271491279822954e-03
4.011162353392419391e+03 3.115526965011978285e-03 8.429708088099978340e+03 6.378867073091492057e+07 1.614437835745791833e-03
4.005979674243691989e+03 3.119556627738408888e-03 8.410462191983111552e+03 6.345971471090059727e+07 1.618614954966437081e-03
4.000803689779977049e+03 3.123591502482537131e-03 8.391261979360395344e+03 6.313245510600782186e+07 1.622802876155838864e-03
3.995634391353460614e+03 3.127631595985659770e-03 8.372107338136751423e+03 6.280688316788020730e+07 1.627001627459736827e-03
3.990471770327509603e+03 3.131676914997784476e-03 8.352998156498844764e+03 6.248299019327701628e+07 1.631211237023862158e-03
3.985315818076648156e+03 3.135727466277648482e-03 8.333934322914337827e+03 6.216076751990819722e+07 1.635431732993945612e-03
3.980166525986531724e+03 3.139783256592740702e-03 8.314915726131132033e+03 6.184020653537875414e+07 1.639663143515726618e-03
3.975023885453956609e+03 3.143844292719290452e-03 8.295942255176736580e+03 6.152129867312590778e+07 1.643905496734933760e-03
3.969887887886819954e+03 3.147910581442303450e-03 8.277013799357471726e+03 6.120403540805254877e+07 1.648158820797306252e-03
3.964758524704125648e+03 3.151982129555553572e-03 8.258130248257817584e+03 6.088840825339672714e+07 1.652423143848575065e-03
3.959635787335963414e+03 3.156058943861600637e-03 8.239291491739699268e+03 6.057440877744942904e+07 1.656698494034471170e-03
3.954519667223482884e+03 3.160141031171812085e-03 8.220497419941717453e+03 6.026202858632501215e+07 1.660984899500734429e-03
3.949410155818899966e+03 3.164228398306356046e-03 8.201747923278535382e+03 5.995125932388306409e+07 1.665282389646564713e-03
3.944307244585470471e+03 3.168321052094223451e-03 8.183042892440123069e+03 5.964209268818869442e+07 1.669590993184264091e-03
3.939210924997469647e+03 3.172418999373244949e-03 8.164382218391034257e+03 5.933452041454826295e+07 1.673910738373246901e-03
3.934121188540197181e+03 3.176522246990084834e-03 8.145765792369775227e+03 5.902853427543260902e+07 1.678241654229014300e-03
3.929038026709939459e+03 3.180630801800273574e-03 8.127193505888026266e+03 5.872412609668301791e+07 1.682583769767079154e-03
3.923961431013976835e+03 3.184744670668201300e-03 8.108665250730017760e+03 5.842128774060169607e+07 1.686937114002945437e-03
3.918891392970561355e+03 3.188863860467135158e-03 8.090180918951811691e+03 5.812001110633230954e+07 1.691301715952116909e-03
3.913827904108889015e+03 3.192988378079241862e-03 8.071740402880553120e+03 5.782028814130669087e+07 1.695677604630106434e-03
3.908770955969113402e+03 3.197118230395578145e-03 8.053343595113884476e+03 5.752211084123909473e+07 1.700064809052415169e-03
3.903720540102301584e+03 3.201253424316124595e-03 8.034990388519151566e+03 5.722547122729992867e+07 1.704463358234555763e-03
3.898676648070444116e+03 3.205393966749778278e-03 8.016680676232790574e+03 5.693036136883138120e+07 1.708873281192032408e-03
3.893639271446432303e+03 3.209539864614372254e-03 7.998414351659629574e+03 5.663677338222455233e+07 1.713294606940348862e-03
3.888608401814033186e+03 3.213691124836695091e-03 7.980191308472146375e+03 5.634469941402623802e+07 1.717727366473320713e-03
3.883584030767897275e+03 3.217847754352484366e-03 7.962011440609879173e+03 5.605413166172856838e+07 1.722171588572759312e-03
3.878566149913520348e+03 3.222009760106458749e-03 7.943874642278654392e+03 5.576506235266913474e+07 1.726627302937541264e-03
3.873554750867252551e+03 3.226177149052311070e-03 7.925780807949986411e+03 5.547748376232305914e+07 1.731094539305627362e-03
3.868549825256271561e+03 3.230349928152728700e-03 7.907729832360361797e+03 5.519138820254181325e+07 1.735573327414978179e-03
3.863551364718561672e+03 3.234528104379412201e-03 7.889721610510537175e+03 5.490676802548851818e+07 1.740063697003563833e-03
3.858559360902923345e+03 3.238711684713068382e-03 7.871756037664948053e+03 5.462361562316908687e+07 1.744565677809342078e-03
3.853573805468928185e+03 3.242900676143445435e-03 7.853833009350929387e+03 5.434192342357714474e+07 1.749079299934433365e-03
3.848594690086934406e+03 3.247095085669321653e-03 7.835952421358145330e+03 5.406168389951814711e+07 1.753604593531093818e-03
3.843622006438058179e+03 3.251294920298529716e-03 7.818114169737877091e+03 5.378288955880601704e+07 1.758141588736928740e-03
3.838655746214153169e+03 3.255500187047973178e-03 7.800318150802320815e+03 5.350553294489409775e+07 1.762690315878265518e-03
3.833695901117816447e+03 3.259710892943620819e-03 7.782564261124006407e+03 5.322960664862175286e+07 1.767250805281418528e-03
3.828742462862350749e+03 3.263927045020540482e-03 7.764852397535039927e+03 5.295510329248016328e+07 1.771823087272715374e-03
3.823795423171774019e+03 3.268148650322889957e-03 7.747182457126528789e+03 5.268201553314498067e+07 1.776407192178473902e-03
3.818854773780793039e+03 3.272375715903938671e-03 7.729554337247879630e+03 5.241033607872982323e+07 1.781003150325011523e-03
3.813920506434781601e+03 3.276608248826087203e-03 7.711967935506108006e+03 5.214005766182926297e+07 1.785610993357953811e-03
3.808992612889790962e+03 3.280846256160859040e-03 7.694423149765269045e+03 5.187117305735100061e+07 1.790230750374068947e-03
3.804071084912506649e+03 3.285089744988935710e-03 7.676919878145701659e+03 5.160367507760256529e+07 1.794862452519853119e-03
3.799155914280260276e+03 3.289338722400148539e-03 7.659458019023460110e+03 5.133755657174648345e+07 1.799506131003900848e-03
3.794247092781004085e+03 3.293593195493499035e-03 7.642037471029629160e+03 5.107281042240773141e+07 1.804161817034807087e-03
3.789344612213289565e+03 3.297853171377178837e-03 7.624658133049636490e+03 5.080942956000196934e+07 1.808829541821175679e-03
3.784448464386274736e+03 3.302118657168561910e-03 7.607319904222694277e+03 5.054740693984930217e+07 1.813509336571598324e-03
3.779558641119684580e+03 3.306389659994240105e-03 7.590022683941045216e+03 5.028673555553146452e+07 1.818201232494678866e-03
3.774675134243821503e+03 3.310666186990013620e-03 7.572766371849414099e+03 5.002740843883166462e+07 1.822905260799012042e-03
3.769797935599540779e+03 3.314948245300912248e-03 7.555550867844322056e+03 4.976941865953443199e+07 1.827621452693192587e-03
3.764927037038227354e+03 3.319235842081216196e-03 7.538376072073413525e+03 4.951275932107751817e+07 1.832349839385824346e-03
3.760062430421805402e+03 3.323528984494446975e-03 7.521241884934894188e+03 4.925742356246437877e+07 1.837090452085499018e-03
3.755204107622698302e+03 3.327827679713403833e-03 7.504148207076805193e+03 4.900340455447383970e+07 1.841843322000820881e-03
3.750352060523836371e+03 3.332131934920154644e-03 7.487094939396457448e+03 4.875069550557268411e+07 1.846608480340384238e-03
3.745506281018637765e+03 3.336441757306055859e-03 7.470081983039779516e+03 4.849928966746935993e+07 1.851385958312783825e-03
3.740666761010981190e+03 3.340757154071774624e-03 7.453109239400639126e+03 4.824918031130464375e+07 1.856175792987737813e-03
3.735833492415215915e+03 3.345078132427279673e-03 7.436176610120282930e+03 4.800036075726637244e+07 1.860978010923331144e-03
3.731006467156123563e+03 3.349404699591877321e-03 7.419283997086636191e+03 4.775282434954084456e+07 1.865792644437788304e-03
3.726185677168926304e+03 3.353736862794202359e-03 7.402431302433742530e+03 4.750656447619175166e+07 1.870619726184137360e-03
3.721371114399263661e+03 3.358074629272239306e-03 7.385618428541094545e+03 4.726157454636027664e+07 1.875459288815405946e-03
3.716562770803170679e+03 3.362418006273342353e-03 7.368845278032995338e+03 4.701784801495502144e+07 1.880311364984632323e-03
3.711760638347084750e+03 3.366767001054229297e-03 7.352111753777995546e+03 4.677537836619851738e+07 1.885175987344840870e-03
3.706964709007808324e+03 3.371121620881014063e-03 7.335417758888193021e+03 4.653415911965326220e+07 1.890053188549069632e-03
3.702174974772517089e+03 3.375481873029201069e-03 7.318763196718686231e+03 4.629418382215081900e+07 1.894943001250346676e-03
3.697391427638737696e+03 3.379847764783704307e-03 7.302147970866919422e+03 4.605544606370604038e+07 1.899845458101699852e-03
3.692614059614323651e+03 3.384219303438869026e-03 7.285571985172038694e+03 4.581793946005994081e+07 1.904760591756167205e-03
3.687842862717466232e+03 3.388596496298463493e-03 7.269035143714352671e+03 4.558165766234962642e+07 1.909688434866773114e-03
3.683077828976653109e+03 3.392979350675714555e-03 7.252537350814624006e+03 4.534659435248617828e+07 1.914629020086555840e-03
3.678318950430678342e+03 3.397367873893299400e-03 7.236078511033537325e+03 4.511274324659231305e+07 1.919582380068543016e-03
3.673566219128622379e+03 3.401762073283365502e-03 7.219658529171066220e+03 4.488009809600636363e+07 1.924548547465762928e-03
3.668819627129822948e+03 3.406161956187554480e-03 7.203277310265809319e+03 4.464865267718410492e+07 1.929527554931253401e-03
3.664079166503891884e+03 3.410567529956989516e-03 7.186934759594485513e+03 4.441840080582097918e+07 1.934519435118039034e-03
3.659344829330668290e+03 3.414978801952316123e-03 7.170630782671209090e+03 4.418933632515747100e+07 1.939524220679157869e-03
3.654616607700234454e+03 3.419395779543689135e-03 7.154365285246993153e+03 4.396145311292220652e+07 1.944541944267637757e-03
3.649894493712889016e+03 3.423818470110797860e-03 7.138138173309093872e+03 4.373474507377576828e+07 1.949572638536506549e-03
3.645178479479125599e+03 3.428246881042884726e-03 7.121949353080383844e+03 4.350920615432697535e+07 1.954616340151395498e-03
3.640468557119639172e+03 3.432681019738739649e-03 7.105798731018814578e+03 4.328483031540516019e+07 1.959673087164261803e-03
3.635764718765301950e+03 3.437120893606723879e-03 7.089686213816788950e+03 4.306161156767145544e+07 1.964742907321232693e-03
3.631066956557141111e+03 3.441566510064789086e-03 7.073611708400524549e+03 4.283954393628179282e+07 1.969825834983236334e-03
3.626375262646350166e+03 3.446017876540468684e-03 7.057575121929548004e+03 4.261862148914530128e+07 1.974921904511187445e-03
3.621689629194247118e+03 3.450475000470915564e-03 7.041576361795999219e+03 4.239883831807582080e+07 1.980031150266015495e-03
3.617010048372284473e+03 3.454937889302893417e-03 7.025615335624120235e+03 4.218018854831415415e+07 1.985153606608638238e-03
3.612336512362029225e+03 3.459406550492796686e-03 7.009691951269641322e+03 4.196266633501264453e+07 1.990289307899973867e-03
3.607669013355136030e+03 3.463880991506673983e-03 6.993806116819146155e+03 4.174626586230015755e+07 1.995438288500951847e-03
3.603007543553359938e+03 3.468361219820218118e-03 6.977957740589563400e+03 4.153098134563337266e+07 2.000600582772486466e-03
3.598352095168517280e+03 3.472847242918802521e-03 6.962146731127500061e+03 4.131680702520900965e+07 2.005776225075506323e-03
3.593702660422492499e+03 3.477339068297473877e-03 6.946372997208725792e+03 4.110373718111287802e+07 2.010965249770930476e-03
3.589059231547217223e+03 3.481836703460973806e-03 6.930636447837558990e+03 4.089176611781565100e+07 2.016167691219676247e-03
3.584421800784650713e+03 3.486340155923757945e-03 6.914936992246256523e+03 4.068088816163534671e+07 2.021383583782673538e-03
3.579790360386779867e+03 3.490849433209993781e-03 6.899274539894490772e+03 4.047109767870319635e+07 2.026612961820839671e-03
3.575164902615601932e+03 3.495364542853579733e-03 6.883649000468745726e+03 4.026238906416841596e+07 2.031855859695093705e-03
3.570545419743099501e+03 3.499885492398168135e-03 6.868060283881703981e+03 4.005475672954904288e+07 2.037112311766363804e-03
3.565931904051250967e+03 3.504412289397155697e-03 6.852508300271747430e+03 3.984819513194315135e+07 2.042382352395565124e-03
3.561324347831990508e+03 3.508944941413722103e-03 6.836992960002293330e+03 3.964269874444703013e+07 2.047666015943626697e-03
3.556722743387219907e+03 3.513483456020819167e-03 6.821514173661304994e+03 3.943826207508261502e+07 2.052963343152542502e-03
3.552127083028784909e+03 3.518027840801193819e-03 6.806071852060678793e+03 3.923487965905378014e+07 2.058274367771882520e-03
3.547537359078451573e+03 3.522578103347410224e-03 6.790665906235647526e+03 3.903254605578618497e+07 2.063599123990928798e-03
3.542953563867918092e+03 3.527134251261840239e-03 6.775296247444286564e+03 3.883125585796914250e+07 2.068937647575273646e-03
3.538375689738775691e+03 3.531696292156701143e-03 6.759962787166862654e+03 3.863100368382520974e+07 2.074289974290522819e-03
3.533803729042516807e+03 3.536264233654046098e-03 6.744665437105335513e+03 3.843178417827830464e+07 2.079656139902272098e-03
3.529237674140513718e+03 3.540838083385788437e-03 6.729404109182770299e+03 3.823359201645718515e+07 2.085036180176117263e-03
3.524677517403997626e+03 3.545417848993719871e-03 6.714178715542742793e+03 3.803642190078028291e+07 2.090430130877664501e-03
3.520123251214065931e+03 3.550003538129504858e-03 6.698989168548849193e+03 3.784026855748348683e+07 2.095838027772505257e-03
3.515574867961644941e+03 3.554595158454717466e-03 6.683835380784057634e+03 3.764512674352882057e+07 2.101259906626246586e-03
3.511032360047499424e+03 3.559192717640830960e-03 6.668717265050233436e+03 3.745099123945020139e+07 2.106695803204483835e-03
3.506495719882210324e+03 3.563796223369241657e-03 6.653634734367540659e+03 3.725785685445472598e+07 2.112145753617083836e-03
3.501964939886153388e+03 3.568405683331289744e-03 6.638587701973870026e+03 3.706571842790515721e+07 2.117609795915817959e-03
3.497440012489507353e+03 3.573021105228252337e-03 6.623576081324340521e+03 3.687457082082059234e+07 2.123087965673668698e-03
3.492920930132216654e+03 3.577642496771378175e-03 6.608599786090672751e+03 3.668440892378099263e+07 2.128580299608316597e-03
3.488407685264000520e+03 3.582269865681882420e-03 6.593658730160709638e+03 3.649522765078549832e+07 2.134086834437431794e-03
3.483900270344332512e+03 3.586903219690964865e-03 6.578752827637837981e+03 3.630702194534493983e+07 2.139607606878683559e-03
3.479398677842415054e+03 3.591542566539836397e-03 6.563881992840399107e+03 3.611978677236942202e+07 2.145142653649753303e-03
3.474902900237192625e+03 3.596187913979705976e-03 6.549046140301228661e+03 3.593351712809923291e+07 2.150692011468306394e-03
3.470412930017311737e+03 3.600839269771822712e-03 6.534245184767019964e+03 3.574820803190162778e+07 2.156255717619917633e-03
3.465928759681131396e+03 3.605496641687462849e-03 6.519479041197846527e+03 3.556385452637663484e+07 2.161833809131369702e-03
3.461450381736700365e+03 3.610160037507955354e-03 6.504747624766604531e+03 3.538045168669880182e+07 2.167426323304136142e-03
3.456977788701736245e+03 3.614829465024702298e-03 6.490050850858424383e+03 3.519799460242699087e+07 2.173033297717453551e-03
3.452510973103633660e+03 3.619504932039171487e-03 6.475388635070214150e+03 3.501647840053910762e+07 2.178654769950541612e-03
3.448049927479427879e+03 3.624186446362933321e-03 6.460760893210030190e+03 3.483589822624994069e+07 2.184290777582636057e-03
3.443594644375803455e+03 3.628874015817652125e-03 6.446167541296616946e+03 3.465624925049515814e+07 2.189941358192960905e-03
3.439145116349073760e+03 3.633567648235109127e-03 6.431608495558845789e+03 3.447752666773086786e+07 2.195606549360740178e-03
3.434701335965156431e+03 3.638267351457225452e-03 6.417083672435132030e+03 3.429972569877752662e+07 2.201286388665210040e-03
3.430263295799585194e+03 3.642973133336050839e-03 6.402592988572989270e+03 3.412284159082893282e+07 2.206980913963648133e-03
3.425830988437472570e+03 3.647685001733805277e-03 6.388136360828415491e+03 3.394686961370217800e+07 2.212690165136901345e-03
3.421404406473517156e+03 3.652402964522867730e-03 6.373713706265424662e+03 3.377180506098748744e+07 2.218414177547750089e-03
3.416983542511984979e+03 3.657127029585798255e-03 6.359324942155497411e+03 3.359764325158067048e+07 2.224152990142851463e-03
3.412568389166684483e+03 3.661857204815364020e-03 6.344969985977012584e+03 3.342437952722803503e+07 2.229906641868876441e-03
3.408158939060978810e+03 3.666593498114525864e-03 6.330648755414803418e+03 3.325200925564580411e+07 2.235675171672478652e-03
3.403755184827746234e+03 3.671335917396481227e-03 6.316361168359538169e+03 3.308052782572254539e+07 2.241458618500328636e-03
3.399357119109391988e+03 3.676084470584651577e-03 6.302107142907281741e+03 3.290993065027803555e+07 2.247257021299084358e-03
3.394964734557824613e+03 3.680839165612706694e-03 6.287886597358934523e+03 3.274021316766393557e+07 2.253070419015404217e-03
3.390578023834435498e+03 3.685600010424588523e-03 6.273699450219678511e+03 3.257137084147212654e+07 2.258898850595957887e-03
3.386196979610107519e+03 3.690367012974499900e-03 6.259545620198535289e+03 3.240339915231262520e+07 2.264742354987400296e-03
3.381821594565179566e+03 3.695140181226944879e-03 6.245425026207769406e+03 3.223629361111638322e+07 2.270600971136400685e-03
3.377451861389453825e+03 3.699919523156719632e-03 6.231337587362429076e+03 3.207004974507537112e+07 2.276474737989617886e-03
3.373087772782176216e+03 3.704705046748934562e-03 6.217283222979815946e+03 3.190466310754868388e+07 2.282363694493709429e-03
3.368729321452013210e+03 3.709496759999038155e-03 6.203261852578925755e+03 3.174012927863442153e+07 2.288267879595346291e-03
3.364376500117062733e+03 3.714294670912807010e-03 6.189273395880018143e+03 3.157644385300158709e+07 2.294187332241182098e-03
3.360029301504816885e+03 3.719098787506386165e-03 6.175317772804019114e+03 3.141360245485051349e+07 2.300122091377886958e-03
3.355687718352171032e+03 3.723909117806277827e-03 6.161394903472079932e+03 3.125160072501527891e+07 2.306072202336674048e-03
3.351351743405401976e+03 3.728725669849366955e-03 6.147504708205039606e+03 3.109043433384866640e+07 2.312037702216349164e-03
3.347021369420147494e+03 3.733548451682943380e-03 6.133647107522886472e+03 3.093009896646817401e+07 2.318018629300195969e-03
3.342696589161416796e+03 3.738377471364690962e-03 6.119822022144328912e+03 3.077059033542959765e+07 2.324015024614594239e-03
3.338377395403551418e+03 3.743212736962730092e-03 6.106029372986196904e+03 3.061190417391547188e+07 2.330026929185941530e-03
3.334063780930234770e+03 3.748054256555605982e-03 6.092269081163012743e+03 3.045403623402789980e+07 2.336054384040621955e-03
3.329755738534474403e+03 3.752902038232312516e-03 6.078541067986472626e+03 3.029698229403125495e+07 2.342097430205020495e-03
3.325453261018575631e+03 3.757756090092316970e-03 6.064845254964890955e+03 3.014073814839610830e+07 2.348156108705533839e-03
3.321156341194155630e+03 3.762616420245547873e-03 6.051181563802791970e+03 2.998529962157655880e+07 2.354230460568543064e-03
3.316864971882103418e+03 3.767483036812437503e-03 6.037549916400314942e+03 2.983066254783425853e+07 2.360320526820444426e-03
3.312579145912592594e+03 3.772355947923910612e-03 6.023950234852803078e+03 2.967682279497364536e+07 2.366426348487622906e-03
3.308298856125055408e+03 3.777235161721410016e-03 6.010382441450260558e+03 2.952377624371069670e+07 2.372547966596462617e-03
3.304024095368167309e+03 3.782120686356916540e-03 5.996846458676837756e+03 2.937151879795656726e+07 2.378685422173361548e-03
3.299754856499849666e+03 3.787012529992946422e-03 5.983342209210400142e+03 2.922004638345360383e+07 2.384838756244703380e-03
3.295491132387248399e+03 3.791910700802573423e-03 5.969869615921991681e+03 2.906935494371383637e+07 2.391008009836873092e-03
3.291232915906716244e+03 3.796815206969451819e-03 5.956428601875334607e+03 2.891944044862646982e+07 2.397193223976267808e-03
3.286980199943818207e+03 3.801726056687807290e-03 5.943019090326390142e+03 2.877029888309000060e+07 2.403394439689267303e-03
3.282732977393297915e+03 3.806643258162478553e-03 5.929641004722803700e+03 2.862192625374833122e+07 2.409611698002269570e-03
3.278491241159086712e+03 3.811566819608904789e-03 5.916294268703476519e+03 2.847431858988017589e+07 2.415845041651665855e-03
3.274254984154280919e+03 3.816496749253152961e-03 5.902978806098059067e+03 2.832747194175229594e+07 2.422094522026956454e-03
3.270024199301123645e+03 3.821433055331938198e-03 5.889694540926436275e+03 2.818138237477499992e+07 2.428360174473761894e-03
3.265798879531011607e+03 3.826375746092616856e-03 5.876441397398298250e+03 2.803604597583323717e+07 2.434642042355012609e-03
3.261579017784461030e+03 3.831324829793225552e-03 5.863219299912602764e+03 2.789145885530537739e+07 2.440940169033656380e-03
3.257364607011116732e+03 3.836280314702471186e-03 5.850028173057149615e+03 2.774761713934451342e+07 2.447254597872629278e-03
3.253155640169728485e+03 3.841242209099756527e-03 5.836867941608059482e+03 2.760451697823210433e+07 2.453585372234866075e-03
3.248952110228134643e+03 3.846210521275203204e-03 5.823738530529295531e+03 2.746215453501446918e+07 2.459932535483315419e-03
3.244754010163265775e+03 3.851185259529643894e-03 5.810639864972219584e+03 2.732052599912105128e+07 2.466296130980912080e-03
3.240561332961124208e+03 3.856166432174649647e-03 5.797571870275093715e+03 2.717962757408833876e+07 2.472676202090591264e-03
3.236374071616764013e+03 3.861154047532549833e-03 5.784534471962585485e+03 2.703945548565582186e+07 2.479072792175301618e-03
3.232192219134299648e+03 3.866148113936426073e-03 5.771527595745348663e+03 2.690000598159650713e+07 2.485485944597974010e-03
3.228015768526869579e+03 3.871148639730151268e-03 5.758551167519475712e+03 2.676127531873049214e+07 2.491915702721556655e-03
3.223844712816647643e+03 3.876155633268380061e-03 5.745605113366104888e+03 2.662325977956598252e+07 2.498362109908984757e-03
3.219679045034820774e+03 3.881169102916573119e-03 5.732689359550910922e+03 2.648595566692709923e+07 2.504825214379761359e-03
3.215518758221568532e+03 3.886189057051021422e-03 5.719803832523607525e+03 2.634935929893358424e+07 2.511305060219747292e-03
3.211363845426073567e+03 3.891215504058835855e-03 5.706948458917552671e+03 2.621346701357335225e+07 2.517801691953985930e-03
3.207214299706485235e+03 3.896248452337989707e-03 5.694123165549203804e+03 2.607827516846222058e+07 2.524315154860171193e-03
3.203070114129927333e+03 3.901287910297307395e-03 5.681327879417712211e+03 2.594378013556046411e+07 2.530845494215983992e-03
3.198931281772481270e+03 3.906333886356489621e-03 5.668562527704440072e+03 2.580997830671048164e+07 2.537392755299105671e-03
3.194797795719161513e+03 3.911386388946138520e-03 5.655827037772462063e+03 2.567686609212071449e+07 2.543956983387230582e-03
3.190669649063928773e+03 3.916445426507744222e-03 5.643121337166180638e+03 2.554443992170655355e+07 2.550538224075685721e-03
3.186546834909650443e+03 3.921511007493732118e-03 5.630445353610768507e+03 2.541269623988123238e+07 2.557136524456280705e-03
3.182429346368113784e+03 3.926583140367447683e-03 5.617799015011803021e+03 2.528163151613391563e+07 2.563751930727034035e-03
3.178317176560003645e+03 3.931661833603183366e-03 5.605182249454757766e+03 2.515124222483688220e+07 2.570384489734983246e-03
3.174210318614881999e+03 3.936747095686202874e-03 5.592594985204526893e+03 2.502152486807497591e+07 2.577034248327179315e-03
3.170108765671197489e+03 3.941838935112730764e-03 5.580037150705034037e+03 2.489247596494640037e+07 2.583701253350655438e-03
3.166012510876250417e+03 3.946937360389995812e-03 5.567508674578704813e+03 2.476409204249026626e+07 2.590385552196691754e-03
3.161921547386201837e+03 3.952042380036217134e-03 5.555009485626067544e+03 2.463636964938192070e+07 2.597087192474417574e-03
3.157835868366053546e+03 3.957154002580633677e-03 5.542539512825293059e+03 2.450930536261651292e+07 2.603806221373701664e-03
3.153755466989625802e+03 3.962272236563527637e-03 5.530098685331689921e+03 2.438289575907180831e+07 2.610542687854776594e-03
3.149680336439571420e+03 3.967397090536208849e-03 5.517686932477346090e+03 2.425713744102543592e+07 2.617296640877857152e-03
3.145610469907335300e+03 3.972528573061066826e-03 5.505304183770590498e+03 2.413202703179040551e+07 2.624068129403176342e-03
3.141545860593167163e+03 3.977666692711551676e-03 5.492950368895606516e+03 2.400756115928447247e+07 2.630857202390953723e-03
3.137486501706098807e+03 3.982811458072204464e-03 5.480625417711967202e+03 2.388373647311016917e+07 2.637663908801408420e-03
3.133432386463927742e+03 3.987962877738678892e-03 5.468329260254164183e+03 2.376054964719817787e+07 2.644488297594773871e-03
3.129383508093222190e+03 3.993120960317732629e-03 5.456061826731218389e+03 2.363799735805784538e+07 2.651330417880593329e-03
3.125339859829288343e+03 3.998285714427270675e-03 5.443823047526162554e+03 2.351607630253800377e+07 2.658190323843992800e-03
3.121301434916181279e+03 4.003457148696331486e-03 5.431612853195680145e+03 2.339478320332656428e+07 2.665068060923694946e-03
3.117268226606680400e+03 4.008635271765117331e-03 5.419431174469613325e+03 2.327411478634829447e+07 2.671963681941893435e-03
3.113240228162273525e+03 4.013820092285014240e-03 5.407277942250519118e+03 2.315406779280725867e+07 2.678877239720796246e-03
3.109217432853164610e+03 4.019011618918584203e-03 5.395153087613272874e+03 2.303463899277148396e+07 2.685808787082592276e-03
3.105199833958237832e+03 4.024209860339610263e-03 5.383056541804574408e+03 2.291582515743498877e+07 2.692758376849490373e-03
3.101187424765069863e+03 4.029414825233079180e-03 5.370988236242568746e+03 2.279762307720077038e+07 2.699726061843683335e-03
3.097180198569906224e+03 4.034626522295215248e-03 5.358948102516380459e+03 2.268002956361928210e+07 2.706711894887365698e-03
3.093178148677645368e+03 4.039844960233497650e-03 5.346936072385663465e+03 2.256304143837221339e+07 2.713715928802745009e-03
3.089181268401844136e+03 4.045070147766656118e-03 5.334952077780217223e+03 2.244665552912108600e+07 2.720738216412010163e-03
3.085189551064685020e+03 4.050302093624710831e-03 5.322996050799490149e+03 2.233086869698960707e+07 2.727778810537369574e-03
3.081202989996986162e+03 4.055540806548962006e-03 5.311067923712213997e+03 2.221567780746442825e+07 2.734837764001016476e-03
3.077221578538179529e+03 4.060786295292017657e-03 5.299167628955942746e+03 2.210107972935936227e+07 2.741915137187714464e-03
3.073245310036292267e+03 4.066038568617816144e-03 5.287295099136595127e+03 2.198707136837704480e+07 2.749010986326444646e-03
3.069274177847956253e+03 4.071297635301616633e-03 5.275450267028096277e+03 2.187364963071047887e+07 2.756125365220729422e-03
3.065308175338373530e+03 4.076563504130043328e-03 5.263633065571878433e+03 2.176081143064664304e+07 2.763258333314842514e-03
3.061347295881324499e+03 4.081836183901074201e-03 5.251843427876511669e+03 2.164855370907483995e+07 2.770409950053044201e-03
3.057391532859149265e+03 4.087115683424066143e-03 5.240081287217260979e+03 2.153687342184538767e+07 2.777580274879594326e-03
3.053440879662728094e+03 4.092402011519781849e-03 5.228346577035636074e+03 2.142576751881235093e+07 2.784769367238767047e-03
3.049495329691488223e+03 4.097695177020378547e-03 5.216639230939015761e+03 2.131523297854019701e+07 2.791977286574817436e-03
3.045554876353374311e+03 4.102995188769449630e-03 5.204959182700184101e+03 2.120526680463806167e+07 2.799204092332019649e-03
3.041619513064852072e+03 4.108302055622019451e-03 5.193306366256946603e+03 2.109586597900906578e+07 2.806449843954634399e-03
3.037689233250894631e+03 4.113615786444561537e-03 5.181680715711702760e+03 2.098702751887363568e+07 2.813714600886920228e-03
3.033764030344956609e+03 4.118936390115031550e-03 5.170082165330984935e+03 2.087874847125443816e+07 2.820998422573152593e-03
3.029843897788988215e+03 4.124263875522852542e-03 5.158510649545121851e+03 2.077102585342069343e+07 2.828301378367090342e-03
3.025928829033398415e+03 4.129598251568959190e-03 5.146966102947736545e+03 2.066385671690006182e+07 2.835623536689502525e-03
3.022018817537067662e+03 4.134939527165787387e-03 5.135448460295411678e+03 2.055723814815570787e+07 2.842964961293814857e-03
3.018113856767321977e+03 4.140287711237302000e-03 5.123957656507222055e+03 2.045116718357195705e+07 2.850325719462076628e-03
3.014213940199920216e+03 4.145642812719021152e-03 5.112493626664325348e+03 2.034564092470765859e+07 2.857705878476353607e-03
3.010319061319059074e+03 4.151004840558004082e-03 5.101056306009590116e+03 2.024065649581917375e+07 2.865105505618690748e-03
3.006429213617341247e+03 4.156373803712898850e-03 5.089645629947131965e+03 2.013621098172168061e+07 2.872524668171153820e-03
3.002544390595783170e+03 4.161749711153927590e-03 5.078261534041951563e+03 2.003230149973120540e+07 2.879963434611513586e-03
2.998664585763796822e+03 4.167132571862916003e-03 5.066903954019508092e+03 1.992892520930062234e+07 2.887421881883810593e-03
2.994789792639169718e+03 4.172522394833318507e-03 5.055572825765286325e+03 1.982607923178699613e+07 2.894900082795017968e-03
2.990920004748070824e+03 4.177919189070210433e-03 5.044268085324437379e+03 1.972376071353993937e+07 2.902398110106126083e-03
2.987055215625032361e+03 4.183322963590312311e-03 5.032989668901353980e+03 1.962196683125793189e+07 2.909916038639682838e-03
2.983195418812929347e+03 4.188733727422021096e-03 5.021737512859234812e+03 1.952069473183124885e+07 2.917453949346883197e-03
2.979340607862987781e+03 4.194151489605395418e-03 5.010511553719740732e+03 1.941994160804798827e+07 2.925011916611445963e-03
2.975490776334756447e+03 4.199576259192198957e-03 4.999311728162542749e+03 1.931970467830913886e+07 2.932590020084618540e-03
2.971645917796106914e+03 4.205008045245896102e-03 4.988137973024943676e+03 1.921998113516081870e+07 2.940188339667410781e-03
2.967806025823222626e+03 4.210446856841671033e-03 4.976990225301490682e+03 1.912076817429067194e+07 2.947806962676945836e-03
2.963971094000576159e+03 4.215892703066457213e-03 4.965868422143529642e+03 1.902206304225420579e+07 2.955445968519320853e-03
2.960141115920937409e+03 4.221345593018927846e-03 4.954772500858871354e+03 1.892386291874247417e+07 2.963105448589549787e-03
2.956316085185343127e+03 4.226805535809538376e-03 4.943702398911331329e+03 1.882616505393129960e+07 2.970785495110805311e-03
2.952495995403101915e+03 4.232272540560516952e-03 4.932658053920383281e+03 1.872896672836352140e+07 2.978486185557933843e-03
2.948680840191780135e+03 4.237746616405890440e-03 4.921639403660750759e+03 1.863226520299185812e+07 2.986207614672652458e-03
2.944870613177179166e+03 4.243227772491509585e-03 4.910646386061978774e+03 1.853605771425772458e+07 2.993949883791601624e-03
2.941065307993341776e+03 4.248716017975046402e-03 4.899678939208096381e+03 1.844034153199729696e+07 3.001713081801776328e-03
2.937264918282534836e+03 4.254211362026014999e-03 4.888737001337195579e+03 1.834511391912741587e+07 3.009497307720625757e-03
2.933469437695229317e+03 4.259713813825801061e-03 4.877820510841022042e+03 1.825037218260784447e+07 3.017302661939380397e-03
2.929678859890109379e+03 4.265223382567651447e-03 4.866929406264638601e+03 1.815611363816213608e+07 3.025129244546702432e-03
2.925893178534037816e+03 4.270740077456719290e-03 4.856063626305966864e+03 1.806233561800686643e+07 3.032977160591622968e-03
2.922112387302069692e+03 4.276263907710049252e-03 4.845223109815468888e+03 1.796903534220751747e+07 3.040846516091223837e-03
2.918336479877427337e+03 4.281794882556611351e-03 4.834407795795721540e+03 1.787621014104544744e+07 3.048737424714770012e-03
2.914565449951485789e+03 4.287333011237321780e-03 4.823617623401016317e+03 1.778385743224806711e+07 3.056649975977865624e-03
2.910799291223779619e+03 4.292878303005034230e-03 4.812852531937026470e+03 1.769197451552535966e+07 3.064584291974300611e-03
2.907037997401972461e+03 4.298430767124584127e-03 4.802112460860363171e+03 1.760055872930548340e+07 3.072540494797887465e-03
2.903281562201862016e+03 4.303990412872781696e-03 4.791397349778239914e+03 1.750960736634993181e+07 3.080518706542421329e-03
2.899529979347365042e+03 4.309557249538433638e-03 4.780707138448077785e+03 1.741911787328944728e+07 3.088519049301698648e-03
2.895783242570496895e+03 4.315131286422372626e-03 4.770041766777092562e+03 1.732908763849061728e+07 3.096541645169531478e-03
2.892041345611380166e+03 4.320712532837446031e-03 4.759401174821973655e+03 1.723951405382503942e+07 3.104586616239709759e-03
2.888304282218213302e+03 4.326300998108562751e-03 4.748785302788443914e+03 1.715039438070977479e+07 3.112654084606046416e-03
2.884572046147277888e+03 4.331896691572679342e-03 4.738194091030928575e+03 1.706172617860094085e+07 3.120744172362336158e-03
2.880844631162921360e+03 4.337499622578830372e-03 4.727627480052163264e+03 1.697350689381724223e+07 3.128857001602375430e-03
2.877122031037536999e+03 4.343109800488154440e-03 4.717085410502790182e+03 1.688573388712010160e+07 3.136992694419976722e-03
2.873404239551575301e+03 4.348727234673880303e-03 4.706567823181046151e+03 1.679840459959298372e+07 3.145151372908929540e-03
2.869691250493508051e+03 4.354351934521378045e-03 4.696074659032309683e+03 1.671151712898259051e+07 3.153333159163046375e-03
2.865983057659839233e+03 4.359983909428144337e-03 4.685605859148792661e+03 1.662506830826949887e+07 3.161538207279793785e-03
2.862279654855085937e+03 4.365623168803831056e-03 4.675161364769145621e+03 1.653905485474869981e+07 3.169766728761884249e-03
2.858581035891762440e+03 4.371269722070270439e-03 4.664741117278063939e+03 1.645347420638973452e+07 3.178018981505856960e-03
2.854887194590382478e+03 4.376923578661469014e-03 4.654345058205964051e+03 1.636832345923764445e+07 3.186295224995955040e-03
2.851198124779435148e+03 4.382584748023647496e-03 4.643973129228562357e+03 1.628359948769382946e+07 3.194595718716442857e-03
2.847513820295386722e+03 4.388253239615234717e-03 4.633625272166549621e+03 1.619929807134621032e+07 3.202920722151568738e-03
2.843834274982667466e+03 4.393929062906891912e-03 4.623301428985211714e+03 1.611541789183506742e+07 3.211270494785579705e-03
2.840159482693648897e+03 4.399612227381543943e-03 4.613001541794030345e+03 1.603195850885492377e+07 3.219645025487585278e-03
2.836489437288656063e+03 4.405302742534361951e-03 4.602725552846379287e+03 1.594891994420949556e+07 3.228043641484725900e-03
2.832824132635932983e+03 4.411000617872817137e-03 4.592473404539091462e+03 1.586630022341959737e+07 3.236466331761701353e-03
2.829163562611653106e+03 4.416705862916663408e-03 4.582245039412152437e+03 1.578409495697263815e+07 3.244913690190740808e-03
2.825507721099900664e+03 4.422418487197968609e-03 4.572040400148318440e+03 1.570230088503205776e+07 3.253386024624766674e-03
2.821856601992650667e+03 4.428138500261142273e-03 4.561859429572721638e+03 1.562091541214445978e+07 3.261883668437616599e-03
2.818210199189779360e+03 4.433865911662922613e-03 4.551702070652568182e+03 1.553993643526112847e+07 3.270406661341417401e-03
2.814568506599033299e+03 4.439600730972422492e-03 4.541568266496725300e+03 1.545936167637346499e+07 3.278955168362013197e-03
2.810931518136035720e+03 4.445342967771121617e-03 4.531457960355400246e+03 1.537918900380224176e+07 3.287529362317857546e-03
2.807299227724267894e+03 4.451092631652893428e-03 4.521371095619762855e+03 1.529941587470554002e+07 3.296129386369609990e-03
2.803671629295055482e+03 4.456849732224029380e-03 4.511307615821581749e+03 1.522004034532303549e+07 3.304755383411139575e-03
2.800048716787570811e+03 4.462614279103232877e-03 4.501267464632895098e+03 1.514106022043091245e+07 3.313407528533761880e-03
2.796430484148806954e+03 4.468386281921660902e-03 4.491250585865619541e+03 1.506247304505281709e+07 3.322085950588146187e-03
2.792816925333582731e+03 4.474165750322918814e-03 4.481256923471228220e+03 1.498427712285478413e+07 3.330790788073418728e-03
2.789208034304526336e+03 4.479952693963082898e-03 4.471286421540389711e+03 1.490647001419603638e+07 3.339522216051907851e-03
2.785603805032055789e+03 4.485747122510731592e-03 4.461339024302580583e+03 1.482904978105540946e+07 3.348280345409508640e-03
2.782004231494389387e+03 4.491549045646932477e-03 4.451414676125795268e+03 1.475201464271416329e+07 3.357065316214661015e-03
2.778409307677512970e+03 4.497358473065291712e-03 4.441513321516132237e+03 1.467536195271734335e+07 3.365877280288189985e-03
2.774819027575189011e+03 4.503175414471940162e-03 4.431634905117495691e+03 1.459909041322042607e+07 3.374716347161966969e-03
2.771233385188938428e+03 4.508999879585562885e-03 4.421779371711222666e+03 1.452319776767191291e+07 3.383582646097260758e-03
2.767652374528022847e+03 4.514831878137426889e-03 4.411946666215716505e+03 1.444768207838050649e+07 3.392476304056552244e-03
2.764075989609451426e+03 4.520671419871372457e-03 4.402136733686143998e+03 1.437254173146836273e+07 3.401397438350316129e-03
2.760504224457954933e+03 4.526518514543853913e-03 4.392349519314045210e+03 1.429777450167869776e+07 3.410346152181494266e-03
2.756937073105986656e+03 4.532373171923937023e-03 4.382584968427017884e+03 1.422337898821462877e+07 3.419322556421261743e-03
2.753374529593710122e+03 4.538235401793320675e-03 4.372843026488367286e+03 1.414935295125605166e+07 3.428326771226009040e-03
2.749816587968980457e+03 4.544105213946367239e-03 4.363123639096739680e+03 1.407569510315020755e+07 3.437358862998835321e-03
2.746263242287349385e+03 4.549982618190093892e-03 4.353426751985813098e+03 1.400240335655259714e+07 3.446418963288255723e-03
2.742714486612039309e+03 4.555867624344215119e-03 4.343752311023923539e+03 1.392947617401798069e+07 3.455507144532905632e-03
2.739170315013948311e+03 4.561760242241136645e-03 4.334100262213755741e+03 1.385691193466258235e+07 3.464623485913103599e-03
2.735630721571632421e+03 4.567660481725980583e-03 4.324470551691983019e+03 1.378470875929705054e+07 3.473768074827252375e-03
2.732095700371290604e+03 4.573568352656614926e-03 4.314863125728915293e+03 1.371286532205504179e+07 3.482941008947592048e-03
2.728565245506770225e+03 4.579483864903641406e-03 4.305277930728203501e+03 1.364137966647195630e+07 3.492142334089659746e-03
2.725039351079537937e+03 4.585407028350444933e-03 4.295714913226445788e+03 1.357025062774178572e+07 3.501372136741351306e-03
2.721518011198687418e+03 4.591337852893183184e-03 4.286174019892902834e+03 1.349947610091331415e+07 3.510630486081663029e-03
2.718001219980920723e+03 4.597276348440811761e-03 4.276655197529134057e+03 1.342905517577574216e+07 3.519917431889981688e-03
2.714488971550534188e+03 4.603222524915115410e-03 4.267158393068653822e+03 1.335898563978215866e+07 3.529233038261424520e-03
2.710981260039422523e+03 4.609176392250695017e-03 4.257683553576633130e+03 1.328926662625197135e+07 3.538577373526447835e-03
2.707478079587051070e+03 4.615137960395018779e-03 4.248230626249519446e+03 1.321989604330723919e+07 3.547950474910297521e-03
2.703979424340463083e+03 4.621107239308406590e-03 4.238799558414747480e+03 1.315087298890419677e+07 3.557352398407649489e-03
2.700485288454259262e+03 4.627084238964067342e-03 4.229390297530383577e+03 1.308219538114086166e+07 3.566783201837545395e-03
2.696995666090593659e+03 4.633068969348104992e-03 4.220002791184803755e+03 1.301386238179721683e+07 3.576242921867057827e-03
2.693510551419156855e+03 4.639061440459546319e-03 4.210636987096349912e+03 1.294587193649994582e+07 3.585731607415274750e-03
2.690029938617170501e+03 4.645061662310352203e-03 4.201292833113009692e+03 1.287822319841046818e+07 3.595249270168549005e-03
2.686553821869382773e+03 4.651069644925425427e-03 4.191970277212101792e+03 1.281091412119721621e+07 3.604795993091445064e-03
2.683082195368050634e+03 4.657085398342637565e-03 4.182669267499930356e+03 1.274394369765185192e+07 3.614371822810364884e-03
2.679615053312936197e+03 4.663108932612841130e-03 4.173389752211470295e+03 1.267730992989623733e+07 3.623976840894762349e-03
2.676152389911286264e+03 4.669140257799899059e-03 4.164131679710014396e+03 1.261101203893219493e+07 3.633611035923513862e-03
2.672694199377840960e+03 4.675179383980675174e-03 4.154894998486899567e+03 1.254504848140515946e+07 3.643274390056882792e-03
2.669240475934802816e+03 4.681226321245084490e-03 4.145679657161122122e+03 1.247941832783644646e+07 3.652966850056149715e-03
2.665791213811844500e+03 4.687281079696079336e-03 4.136485604479062204e+03 1.241411976576793753e+07 3.662688504933430452e-03
2.662346407246094714e+03 4.693343669449677111e-03 4.127312789314152724e+03 1.234915125844042934e+07 3.672439453985912230e-03
2.658906050482116825e+03 4.699414100634995844e-03 4.118161160666521027e+03 1.228451131818699464e+07 3.682219767798314107e-03
2.655470137771919326e+03 4.705492383394235117e-03 4.109030667662724227e+03 1.222019848521278426e+07 3.692029476085372398e-03
2.652038663374925818e+03 4.711578527882730703e-03 4.099921259555376309e+03 1.215621178090320528e+07 3.701868562478677002e-03
2.648611621557982744e+03 4.717672544268939824e-03 4.090832885722873016e+03 1.209254955166996829e+07 3.711737034024274393e-03
2.645189006595342107e+03 4.723774442734472376e-03 4.081765495669053962e+03 1.202921067445040680e+07 3.721634935716683096e-03
2.641770812768645555e+03 4.729884233474119550e-03 4.072719039022866582e+03 1.196619354385039955e+07 3.731562293819382353e-03
2.638357034366928929e+03 4.736001926695842558e-03 4.063693465538089185e+03 1.190349678928219527e+07 3.741519179732315844e-03
2.634947665686598157e+03 4.742127532620821206e-03 4.054688725092974892e+03 1.184111915822280198e+07 3.751505602919928857e-03
2.631542701031431989e+03 4.748261061483444352e-03 4.045704767689970140e+03 1.177905900146496668e+07 3.761521598440271605e-03
2.628142134712568350e+03 4.754402523531336792e-03 4.036741543455389092e+03 1.171731528105971776e+07 3.771567199253478709e-03
2.624745961048485697e+03 4.760551929025392225e-03 4.027799002639074388e+03 1.165588637553442828e+07 3.781642427967420606e-03
2.621354174365011659e+03 4.766709288239756766e-03 4.018877095614133395e+03 1.159477098492957838e+07 3.791747342253405130e-03
2.617966768995294842e+03 4.772874611461882730e-03 4.009975772876579413e+03 1.153396782524856552e+07 3.801881965753606870e-03
2.614583739279808924e+03 4.779047908992517350e-03 4.001094985045051544e+03 1.147347524203810655e+07 3.812046341589934648e-03
2.611205079566339464e+03 4.785229191145729671e-03 3.992234682860500470e+03 1.141329213069141097e+07 3.822240509270241615e-03
2.607830784209966168e+03 4.791418468248940903e-03 3.983394817185850570e+03 1.135341698033697344e+07 3.832464511158380216e-03
2.604460847573070168e+03 4.797615750642914879e-03 3.974575339005739806e+03 1.129384838066943921e+07 3.842718385680847244e-03
2.601095264025304459e+03 4.803821048681806635e-03 3.965776199426157746e+03 1.123458508480685204e+07 3.853002167956474586e-03
2.597734027943603451e+03 4.810034372733148524e-03 3.956997349674187262e+03 1.117562551553081349e+07 3.863315913351402300e-03
2.594377133712163868e+03 4.816255733177886647e-03 3.948238741097673028e+03 1.111696841847813502e+07 3.873659665615568522e-03
2.591024575722430654e+03 4.822485140410402542e-03 3.939500325164905917e+03 1.105861245471990108e+07 3.884033477613786905e-03
2.587676348373101973e+03 4.828722604838507106e-03 3.930782053464351520e+03 1.100055601538932696e+07 3.894437399894994881e-03
2.584332446070102833e+03 4.834968136883490038e-03 3.922083877704305905e+03 1.094279793451082334e+07 3.904871463284042069e-03
2.580992863226590543e+03 4.841221746980105961e-03 3.913405749712628676e+03 1.088533681082271971e+07 3.915335736626047308e-03
2.577657594262940165e+03 4.847483445576606514e-03 3.904747621436425561e+03 1.082817104662730172e+07 3.925830278293901757e-03
2.574326633606725864e+03 4.853753243134771578e-03 3.896109444941727816e+03 1.077129948942499608e+07 3.936355134372924135e-03
2.570999975692730914e+03 4.860031150129892792e-03 3.887491172413236654e+03 1.071472072488537990e+07 3.946910365223207234e-03
2.567677614962917232e+03 4.866317177050829071e-03 3.878892756153967184e+03 1.065843316010436416e+07 3.957496037495285973e-03
2.564359545866432654e+03 4.872611334399993589e-03 3.870314148584997383e+03 1.060243563760421053e+07 3.968112203314550293e-03
2.561045762859595925e+03 4.878913632693382407e-03 3.861755302245150688e+03 1.054672674079691805e+07 3.978758927442798549e-03
2.557736260405880785e+03 4.885224082460605695e-03 3.853216169790682216e+03 1.049130492207406461e+07 3.989436283775030234e-03
2.554431032975920061e+03 4.891542694244876456e-03 3.844696703995015014e+03 1.043616895420444198e+07 4.000144332566953759e-03
2.551130075047481114e+03 4.897869478603061703e-03 3.836196857748405364e+03 1.038131745402983762e+07 4.010883140339992041e-03
2.547833381105471744e+03 4.904204446105669447e-03 3.827716584057687214e+03 1.032674893546606973e+07 4.021652786291273103e-03
2.544540945641922917e+03 4.910547607336879054e-03 3.819255836045953401e+03 1.027246206429119781e+07 4.032453335821959729e-03
2.541252763155973753e+03 4.916898972894574206e-03 3.810814566952250971e+03 1.021845551187259518e+07 4.043284864984863537e-03
2.537968828153878803e+03 4.923258553390327287e-03 3.802392730131325152e+03 1.016472787694101594e+07 4.054147453255031730e-03
2.534689135148979403e+03 4.929626359449454896e-03 3.793990279053281029e+03 1.011127767429161631e+07 4.065041179234980297e-03
2.531413678661711856e+03 4.936002401711000499e-03 3.785607167303334791e+03 1.005810365720771998e+07 4.075966122991304952e-03
2.528142453219589697e+03 4.942386690827771725e-03 3.777243348581501323e+03 1.000520444311440550e+07 4.086922370212023141e-03
2.524875453357189599e+03 4.948779237466364653e-03 3.768898776702289979e+03 9.952578606568992138e+06 4.097910003358487714e-03
2.521612673616155917e+03 4.955180052307156871e-03 3.760573405594449014e+03 9.900224756390940398e+06 4.108929105429683093e-03
2.518354108545175677e+03 4.961589146044356920e-03 3.752267189300640894e+03 9.848141596287718043e+06 4.119979772198363588e-03
2.515099752699985402e+03 4.968006529385989543e-03 3.743980081977188547e+03 9.796327775168716908e+06 4.131062096417250501e-03
2.511849600643351096e+03 4.974432213053933856e-03 3.735712037893767956e+03 9.744781836478138342e+06 4.142176155708822589e-03
2.508603646945059609e+03 4.980866207783945891e-03 3.727463011433111660e+03 9.693502441442113370e+06 4.153322064165140305e-03
2.505361886181917725e+03 4.987308524325652533e-03 3.719232957090756827e+03 9.642488298703886569e+06 4.164499910211384888e-03
2.502124312937730792e+03 4.993759173442600952e-03 3.711021829474716924e+03 9.591738048994211480e+06 4.175709789620517948e-03
2.498890921803304991e+03 5.000218165912247333e-03 3.702829583305234792e+03 9.541250268341308460e+06 4.186951809956125127e-03
2.495661707376436880e+03 5.006685512525986363e-03 3.694656173414489786e+03 9.491023610634494573e+06 4.198226072922549290e-03
2.492436664261892020e+03 5.013161224089185061e-03 3.686501554746286729e+03 9.441056799859808758e+06 4.209532679832171664e-03
2.489215787071414525e+03 5.019645311421168030e-03 3.678365682355818535e+03 9.391348480508020148e+06 4.220871739837085863e-03
2.485999070423701141e+03 5.026137785355271233e-03 3.670248511409343791e+03 9.341897321063278243e+06 4.232243365974791387e-03
2.482786508944405796e+03 5.032638656738828986e-03 3.662149997183938922e+03 9.292701869728626683e+06 4.243647664655168274e-03
2.479578097266124132e+03 5.039147936433206916e-03 3.654070095067201237e+03 9.243760903006074950e+06 4.255084753717715967e-03
2.476373830028378961e+03 5.045665635313831450e-03 3.646008760556957895e+03 9.195073097601793706e+06 4.266554746150470930e-03
2.473173701877626627e+03 5.052191764270176806e-03 3.637965949261023979e+03 9.146637137025276199e+06 4.278057761275623309e-03
2.469977707467228811e+03 5.058726334205822239e-03 3.629941616896875530e+03 9.098451674108739942e+06 4.289593913575424911e-03
2.466785841457461629e+03 5.065269356038432959e-03 3.621935719291420355e+03 9.050515309673305601e+06 4.301163326908487468e-03
2.463598098515498805e+03 5.071820840699797425e-03 3.613948212380696987e+03 9.002826842071620747e+06 4.312766130588908606e-03
2.460414473315394389e+03 5.078380799135857708e-03 3.605979052209584552e+03 8.955384947916246951e+06 4.324402433192049700e-03
2.457234960538093674e+03 5.084949242306692138e-03 3.598028194931570852e+03 8.908188327189056203e+06 4.336072400488339383e-03
2.454059554871400906e+03 5.091526181186576024e-03 3.590095596808421760e+03 8.861235690716469660e+06 4.347776119027457406e-03
2.450888251009991563e+03 5.098111626763964302e-03 3.582181214209963400e+03 8.814525663724156097e+06 4.359513736606005982e-03
2.447721043655390986e+03 5.104705590041528837e-03 3.574285003613774279e+03 8.768056990029387176e+06 4.371285399662464509e-03
2.444557927515969368e+03 5.111308082036169695e-03 3.566406921604921536e+03 8.721828430604521185e+06 4.383091226360046576e-03
2.441398897306931303e+03 5.117919113779042031e-03 3.558546924875689911e+03 8.675838693616194651e+06 4.394931360542249192e-03
2.438243947750305779e+03 5.124538696315571705e-03 3.550704970225304805e+03 8.630086502907967195e+06 4.406805942406557923e-03
2.435093073574943446e+03 5.131166840705461349e-03 3.542881014559676714e+03 8.584570599552083760e+06 4.418715113378829905e-03
2.431946269516503889e+03 5.137803558022721595e-03 3.535075014891124283e+03 8.539289673138672486e+06 4.430659009190002044e-03
2.428803530317446530e+03 5.144448859355683218e-03 3.527286928338103735e+03 8.494242438013574108e+06 4.442637789008263387e-03
2.425664850727020166e+03 5.151102755807026624e-03 3.519516712124935566e+03 8.449427707955347374e+06 4.454651592588347760e-03
2.422530225501254336e+03 5.157765258493793997e-03 3.511764323581537610e+03 8.404844225893458351e+06 4.466700569109537805e-03
2.419399649402957493e+03 5.164436378547397101e-03 3.504029720143176291e+03 8.360490744816710241e+06 4.478784872779682270e-03
2.416273117201702007e+03 5.171116127113647640e-03 3.496312859350186045e+03 8.316366033539297991e+06 4.490904654582484126e-03
2.413150623673817336e+03 5.177804515352771135e-03 3.488613698847707838e+03 8.272468854044885375e+06 4.503060066273048383e-03
2.410032163602374567e+03 5.184501554439441620e-03 3.480932196385405405e+03 8.228797976672161371e+06 4.515251267040765008e-03
2.406917731777191875e+03 5.191207255562766895e-03 3.473268309817237423e+03 8.185352125778201967e+06 4.527478413418360020e-03
2.403807322994810875e+03 5.197921629926345773e-03 3.465621997101161014e+03 8.142130121111751534e+06 4.539741671143442819e-03
2.400700932058498438e+03 5.204644688748255935e-03 3.457993216298890729e+03 8.099130770202322863e+06 4.552041196581849483e-03
2.397598553778236692e+03 5.211376443261080821e-03 3.450381925575633886e+03 8.056352872954270802e+06 4.564377157210686847e-03
2.394500182970703918e+03 5.218116904711950395e-03 3.442788083199804078e+03 8.013795230706429109e+06 4.576749715089952278e-03
2.391405814459283192e+03 5.224866084362519460e-03 3.435211647542804258e+03 7.971456647712246515e+06 4.589159033125590585e-03
2.388315443074035556e+03 5.231623993489030976e-03 3.427652577078718423e+03 7.929335940250067972e+06 4.601605292309613078e-03
2.385229063651707293e+03 5.238390643382296111e-03 3.420110830384097426e+03 7.887431929281325080e+06 4.614088646243994646e-03
2.382146671035713553e+03 5.245166045347729802e-03 3.412586366137674304e+03 7.845743439018033445e+06 4.626609277793792586e-03
2.379068260076124261e+03 5.251950210705385452e-03 3.405079143120099161e+03 7.804269303374716081e+06 4.639167351255212013e-03
2.375993825629670482e+03 5.258743150789937579e-03 3.397589120213711340e+03 7.763008357763534412e+06 4.651763047112181075e-03
2.372923362559718043e+03 5.265544876950740798e-03 3.390116256402247018e+03 7.721959401048420928e+06 4.664396532476845075e-03
2.369856865736275267e+03 5.272355400551815077e-03 3.382660510770617748e+03 7.681121339461711235e+06 4.677067995340175761e-03
2.366794330035976600e+03 5.279174732971876963e-03 3.375221842504637152e+03 7.640493032025748864e+06 4.689777608106405517e-03
2.363735750342068059e+03 5.286002885604376006e-03 3.367800210890752624e+03 7.600073345387435518e+06 4.702525549541021130e-03
2.360681121544413145e+03 5.292839869857480888e-03 3.360395575315825226e+03 7.559861152898699977e+06 4.715312003175312593e-03
2.357630438539468742e+03 5.299685697154131458e-03 3.353007895266838659e+03 7.519855333309340291e+06 4.728137143600037555e-03
2.354583696230291480e+03 5.306540378932029199e-03 3.345637130330684613e+03 7.480054776461083442e+06 4.741001152211253913e-03
2.351540889526518640e+03 5.313403926643671046e-03 3.338283240193880829e+03 7.440458375837807544e+06 4.753904218291927705e-03
2.348502013344360421e+03 5.320276351756378884e-03 3.330946184642325534e+03 7.401065030884747393e+06 4.766846521437908407e-03
2.345467062606599484e+03 5.327157665752287399e-03 3.323625923561063246e+03 7.361873653733773157e+06 4.779828243450540831e-03
2.342436032242570946e+03 5.334047880128402197e-03 3.316322416934008743e+03 7.322883160631078295e+06 4.792849574896546234e-03
2.339408917188164196e+03 5.340947006396585921e-03 3.309035624843719233e+03 7.284092470619330183e+06 4.805910701546061738e-03
2.336385712385810621e+03 5.347855056083589478e-03 3.301765507471141518e+03 7.245500519695244730e+06 4.819011798535970635e-03
2.333366412784469503e+03 5.354772040731086737e-03 3.294512025095344143e+03 7.207106248099772260e+06 4.832153056954143280e-03
2.330351013339631663e+03 5.361697971895662378e-03 3.287275138093302303e+03 7.168908594156279229e+06 4.845334672149967381e-03
2.327339509013296720e+03 5.368632861148865676e-03 3.280054806939615446e+03 7.130906518690261990e+06 4.858556826391159482e-03
2.324331894773978547e+03 5.375576720077198355e-03 3.272850992206295814e+03 7.093098984400783665e+06 4.871819691924705355e-03
2.321328165596689360e+03 5.382529560282150148e-03 3.265663654562499687e+03 7.055484953372477554e+06 4.885123466037181832e-03
2.318328316462926523e+03 5.389491393380230026e-03 3.258492754774277728e+03 7.018063408430740237e+06 4.898468345503985237e-03
2.315332342360678922e+03 5.396462231002950583e-03 3.251338253704359431e+03 6.980833336227199994e+06 4.911854500227652055e-03
2.312340238284400584e+03 5.403442084796891351e-03 3.244200112311871635e+03 6.943793722337489016e+06 4.925282126895511037e-03
2.309351999235018866e+03 5.410430966423677990e-03 3.237078291652130247e+03 6.906943571604507975e+06 4.938751398960856444e-03
2.306367620219916716e+03 5.417428887560022180e-03 3.229972752876376944e+03 6.870281895319214091e+06 4.952262514790105319e-03
2.303387096252921765e+03 5.424435859897751115e-03 3.222883457231531338e+03 6.833807703671892174e+06 4.965815651320893212e-03
2.300410422354309503e+03 5.431451895143796227e-03 3.215810366059976786e+03 6.797520021764848381e+06 4.979411000086740070e-03
2.297437593550781003e+03 5.438477005020249562e-03 3.208753440799287546e+03 6.761417886674184352e+06 4.993048734206854966e-03
2.294468604875466099e+03 5.445511201264349038e-03 3.201712642982012312e+03 6.725500331914871000e+06 5.006729044467931634e-03
2.291503451367912021e+03 5.452554495628516608e-03 3.194687934235430930e+03 6.689766403204811737e+06 5.020452113922008880e-03
2.288542128074067023e+03 5.459606899880386013e-03 3.187679276281295188e+03 6.654215162930996157e+06 5.034218123499157108e-03
2.285584630046286748e+03 5.466668425802794981e-03 3.180686630935625089e+03 6.618845666989037767e+06 5.048027233989792022e-03
2.282630952343309218e+03 5.473739085193838130e-03 3.173709960108430096e+03 6.583656982772330754e+06 5.061879655813714129e-03
2.279681090030262567e+03 5.480818889866858300e-03 3.166749225803512672e+03 6.548648194345974363e+06 5.075775557875140433e-03
2.276735038178648665e+03 5.487907851650475170e-03 3.159804390118209994e+03 6.513818382343996316e+06 5.089715098892306534e-03
2.273792791866329480e+03 5.495005982388623429e-03 3.152875415243145198e+03 6.479166632330335677e+06 5.103698481745321848e-03
2.270854346177534353e+03 5.502113293940537157e-03 3.145962263462033206e+03 6.444692050657439977e+06 5.117725878368914981e-03
2.267919696202833620e+03 5.509229798180808810e-03 3.139064897151395598e+03 6.410393739546807483e+06 5.131797462542618364e-03
2.264988837039144983e+03 5.516355506999376206e-03 3.132183278780366891e+03 6.376270803963591345e+06 5.145913397435382571e-03
2.262061763789720771e+03 5.523490432301552885e-03 3.125317370910447607e+03 6.342322308641402982e+06 5.160073871774716048e-03
2.259138471564131578e+03 5.530634586008068877e-03 3.118467136195253261e+03 6.308547421876559034e+06 5.174279044480432736e-03
2.256218955478273529e+03 5.537787980055050747e-03 3.111632537380318809e+03 6.274945278363926336e+06 5.188529104402851699e-03
2.253303210654344184e+03 5.544950626394084051e-03 3.104813537302824898e+03 6.241515018524961546e+06 5.202824223531093799e-03
2.250391232220847087e+03 5.552122536992197717e-03 3.098010098891403231e+03 6.208255783551527187e+06 5.217164561936995897e-03
2.247483015312579482e+03 5.559303723831898747e-03 3.091222185165893734e+03 6.175166715632420033e+06 5.231550300484093079e-03
2.244578555070616858e+03 5.566494198911206906e-03 3.084449759237093986e+03 6.142246967787313275e+06 5.245981613607893917e-03
2.241677846642319309e+03 5.573693974243641713e-03 3.077692784306569138e+03 6.109495695872576907e+06 5.260458676554348977e-03
2.238780885181306076e+03 5.580903061858279689e-03 3.070951223666378155e+03 6.076912059588214383e+06 5.274981663803610804e-03
2.235887665847464632e+03 5.588121473799742209e-03 3.064225040698889188e+03 6.044495222364050336e+06 5.289550746609143067e-03
2.232998183806932957e+03 5.595349222128229334e-03 3.057514198876526734e+03 6.012244350867317058e+06 5.304166108436945970e-03
2.230112434232088162e+03 5.602586318919553637e-03 3.050818661761539715e+03 5.980158510522081517e+06 5.318827917203531805e-03
2.227230412301551041e+03 5.609832776265127191e-03 3.044138393005799117e+03 5.948236977059043944e+06 5.333536353303556382e-03
2.224352113200162876e+03 5.617088606272021417e-03 3.037473356350545146e+03 5.916478928145125508e+06 5.348291597175250031e-03
2.221477532118989529e+03 5.624353821062953208e-03 3.030823515626183053e+03 5.884883551404319704e+06 5.363093829900156609e-03
2.218606664255307805e+03 5.631628432776322225e-03 3.024188834752047114e+03 5.853450024529325776e+06 5.377943235082174693e-03
2.215739504812600444e+03 5.638912453566224774e-03 3.017569277736185541e+03 5.822177529500768520e+06 5.392840010718592120e-03
2.212876049000542025e+03 5.646205895602486764e-03 3.010964808675121731e+03 5.791065262381235138e+06 5.407784339689919971e-03
2.210016292034994422e+03 5.653508771070674122e-03 3.004375391753637359e+03 5.760112391960868612e+06 5.422776422944089285e-03
2.207160229138004070e+03 5.660821092172104059e-03 2.997800991244565921e+03 5.729317992239142768e+06 5.437816448639896764e-03
2.204307855537786963e+03 5.668142871123880641e-03 2.991241571508550805e+03 5.698681386810113676e+06 5.452904619512699558e-03
2.201459166468725016e+03 5.675474120158904325e-03 2.984697096993834748e+03 5.668201767736071721e+06 5.468041129770053084e-03
2.198614157171351962e+03 5.682814851525907519e-03 2.978167532236029274e+03 5.637878319817684591e+06 5.483226196244568237e-03
2.195772822892349268e+03 5.690165077489466733e-03 2.971652841857897783e+03 5.607710248534647748e+06 5.498460037566006015e-03
2.192935158884543853e+03 5.697524810330009508e-03 2.965152990569150006e+03 5.577696751798600890e+06 5.513742884246751637e-03
2.190101160406891267e+03 5.704894062343853454e-03 2.958667943166205077e+03 5.547836912515608594e+06 5.529074932314503518e-03
2.187270822724473419e+03 5.712272845843214923e-03 2.952197664531985993e+03 5.518129968059760518e+06 5.544456420262469480e-03
2.184444141108483109e+03 5.719661173156249771e-03 2.945742119635680865e+03 5.488575189410312101e+06 5.559887558283301001e-03
2.181621110836229491e+03 5.727059056627040352e-03 2.939301273532557843e+03 5.459171762285227887e+06 5.575368627031974771e-03
2.178801727191113969e+03 5.734466508615653629e-03 2.932875091363714091e+03 5.429918893227112480e+06 5.590899846065608934e-03
2.175985985462637018e+03 5.741883541498129032e-03 2.926463538355888886e+03 5.400815794918431900e+06 5.606481453982454892e-03
2.173173880946382724e+03 5.749310167666512282e-03 2.920066579821232608e+03 5.371861470513984561e+06 5.622113718542695593e-03
2.170365408944006958e+03 5.756746399528895296e-03 2.913684181157081639e+03 5.343055291128332727e+06 5.637796903162913854e-03
2.167560564763243292e+03 5.764192249509393629e-03 2.907316307845776464e+03 5.314396488636116497e+06 5.653531243742939728e-03
2.164759343717876618e+03 5.771647730048217600e-03 2.900962925454406104e+03 5.285884256130475551e+06 5.669317031855516595e-03
2.161961741127753157e+03 5.779112853601648878e-03 2.894623999634630309e+03 5.257517803628997877e+06 5.685154571053637092e-03
2.159167752318763178e+03 5.786587632642082972e-03 2.888299496122451728e+03 5.229296172629892826e+06 5.701044105581458236e-03
2.156377372622829625e+03 5.794072079658060467e-03 2.881989380737989450e+03 5.201218695957551710e+06 5.716985913104605764e-03
2.153590597377912673e+03 5.801566207154255743e-03 2.875693619385301190e+03 5.173284632803369313e+06 5.732980305099550158e-03
2.150807421927988344e+03 5.809070027651535954e-03 2.869412178052134550e+03 5.145493211803952232e+06 5.749027573597859618e-03
2.148027841623050790e+03 5.816583553686949758e-03 2.863145022809744205e+03 5.117843613046441227e+06 5.765128021242294822e-03
2.145251851819101375e+03 5.824106797813760270e-03 2.856892119812670444e+03 5.090334865631395951e+06 5.781281959420069526e-03
2.142479447878135488e+03 5.831639772601481496e-03 2.850653435298522254e+03 5.062966422661447898e+06 5.797489670478624298e-03
2.139710625168146635e+03 5.839182490635865322e-03 2.844428935587788601e+03 5.035737508950805292e+06 5.813751478891256326e-03
2.136945379063104156e+03 5.846734964518963094e-03 2.838218587083603779e+03 5.008647357880408876e+06 5.830067720271562420e-03
2.134183704942958229e+03 5.854297206869110877e-03 2.832022356271561875e+03 4.981694993657889776e+06 5.846438718427485713e-03
2.131425598193627593e+03 5.861869230320963277e-03 2.825840209719502127e+03 4.954879800686905161e+06 5.862864769742922796e-03
2.128671054206985445e+03 5.869451047525535078e-03 2.819672114077286551e+03 4.928201089184028096e+06 5.879346208383933077e-03
2.125920068380864450e+03 5.877042671150180426e-03 2.813518036076623048e+03 4.901658112474237569e+06 5.895883394507691472e-03
2.123172636119035360e+03 5.884644113878660480e-03 2.807377942530827113e+03 4.875249911157359369e+06 5.912476658824231124e-03
2.120428752831211568e+03 5.892255388411126067e-03 2.801251800334644940e+03 4.848975849399005994e+06 5.929126301003599490e-03
2.117688413933035008e+03 5.899876507464153243e-03 2.795139576464033780e+03 4.822835291158476844e+06 5.945832687724180408e-03
2.114951614846064331e+03 5.907507483770783191e-03 2.789041237975946842e+03 4.796827506052235141e+06 5.962596180579470342e-03
2.112218350997781727e+03 5.915148330080502274e-03 2.782956752008164131e+03 4.770951486339711584e+06 5.979417131935772095e-03
2.109488617821564731e+03 5.922799059159312290e-03 2.776886085779042787e+03 4.745206719153880142e+06 5.996295844061120053e-03
2.106762410756698500e+03 5.930459683789707052e-03 2.770829206587355657e+03 4.719592551329348236e+06 6.013232696700759015e-03
2.104039725248357172e+03 5.938130216770717493e-03 2.764786081812067550e+03 4.694108219448733144e+06 6.030228074414227708e-03
2.101320556747595674e+03 5.945810670917940285e-03 2.758756678912130155e+03 4.668752746848497540e+06 6.047282313568348548e-03
2.098604900711350183e+03 5.953501059063530040e-03 2.752740965426301955e+03 4.643525743940845132e+06 6.064395735635544869e-03
2.095892752602417659e+03 5.961201394056259151e-03 2.746738908972915397e+03 4.618426516713842750e+06 6.081568747380562689e-03
2.093184107889464030e+03 5.968911688761502181e-03 2.740750477249709547e+03 4.593454122445803136e+06 6.098801727654454968e-03
2.090478962047006007e+03 5.976631956061274030e-03 2.734775638033614541e+03 4.568607969221374020e+06 6.116094994604934741e-03
2.087777310555401073e+03 5.984362208854268964e-03 2.728814359180538759e+03 4.543887525262209587e+06 6.133448936115286527e-03
2.085079148900853852e+03 5.992102460055840664e-03 2.722866608625206482e+03 4.519292003946999088e+06 6.150863947460174022e-03
2.082384472575390191e+03 5.999852722598069885e-03 2.716932354380915967e+03 4.494820524529571645e+06 6.168340371960211350e-03
2.079693277076866252e+03 6.007613009429749705e-03 2.711011564539378469e+03 4.470472735285055824e+06 6.185878575308207880e-03
2.077005557908952142e+03 6.015383333516419358e-03 2.705104207270502684e+03 4.446247969177283347e+06 6.203478957142677733e-03
2.074321310581122361e+03 6.023163707840404127e-03 2.699210250822193757e+03 4.422145129864138551e+06 6.221141894950134310e-03
2.071640530608657627e+03 6.030954145400800603e-03 2.693329663520176382e+03 4.398164010492619127e+06 6.238867728653675962e-03
2.068963213512626226e+03 6.038754659213538267e-03 2.687462413767776070e+03 4.374303968113913201e+06 6.256656873019827633e-03
2.066289354819886285e+03 6.046565262311366477e-03 2.681608470045741797e+03 4.350563934961771592e+06 6.274509718761965039e-03
2.063618950063073498e+03 6.054385967743892635e-03 2.675767800912045914e+03 4.326943646081480198e+06 6.292426586352119905e-03
2.060951994780590667e+03 6.062216788577615145e-03 2.669940375001679968e+03 4.303442529388825409e+06 6.310407908245471535e-03
2.058288484516609969e+03 6.070057737895914740e-03 2.664126161026481896e+03 4.280059526563773863e+06 6.328454072822330481e-03
2.055628414821052047e+03 6.077908828799115197e-03 2.658325127774915472e+03 4.256794378041335382e+06 6.346565407418112460e-03
2.052971781249591459e+03 6.085770074404465990e-03 2.652537244111903874e+03 4.233646546979364008e+06 6.364742338756490363e-03
2.050318579363643948e+03 6.093641487846186526e-03 2.646762478978627314e+03 4.210614938642787747e+06 6.382985261348543375e-03
2.047668804730352804e+03 6.101523082275496501e-03 2.641000801392317044e+03 4.187699391019074246e+06 6.401294491189337549e-03
2.045022452922595448e+03 6.109414870860606361e-03 2.635252180446092552e+03 4.164899322919531725e+06 6.419670479281876056e-03
2.042379519518960024e+03 6.117316866786779751e-03 2.629516585308741014e+03 4.142213658636552747e+06 6.438113576987105312e-03
2.039740000103751754e+03 6.125229083256317035e-03 2.623793985224550852e+03 4.119642327131423168e+06 6.456624146182493411e-03
2.037103890266979988e+03 6.133151533488595195e-03 2.618084349513114375e+03 4.097184596998932306e+06 6.475202616461988442e-03
2.034471185604344782e+03 6.141084230720105994e-03 2.612387647569122237e+03 4.074839639894813299e+06 6.493849302196542418e-03
2.031841881717242586e+03 6.149027188204440365e-03 2.606703848862205177e+03 4.052607296785104554e+06 6.512564601241272247e-03
2.029215974212745323e+03 6.156980419212350862e-03 2.601032922936714840e+03 4.030486680128417909e+06 6.531348949935364065e-03
2.026593458703604028e+03 6.164943937031740380e-03 2.595374839411560515e+03 4.008477309760160279e+06 6.550202606779961106e-03
2.023974330808237028e+03 6.172917754967698588e-03 2.589729567980011325e+03 3.986578888496254571e+06 6.569126040849670653e-03
2.021358586150717429e+03 6.180901886342539224e-03 2.584097078409496589e+03 3.964790322533078026e+06 6.588119588078329009e-03
2.018746220360778125e+03 6.188896344495786218e-03 2.578477340541451213e+03 3.943111582590342499e+06 6.607183551043437422e-03
2.016137229073789740e+03 6.196901142784238745e-03 2.572870324291091492e+03 3.921541964833160397e+06 6.626318414491929459e-03
2.013531607930766313e+03 6.204916294581955608e-03 2.567275999647261870e+03 3.900080769438396674e+06 6.645524423762561375e-03
2.010929352578351200e+03 6.212941813280299479e-03 2.561694336672232112e+03 3.878727870757407509e+06 6.664801972412678736e-03
2.008330458668812298e+03 6.220977712287947305e-03 2.556125305501521325e+03 3.857482233670824673e+06 6.684151451938184080e-03
2.005734921860030909e+03 6.229024005030930206e-03 2.550568876343703778e+03 3.836343773323809262e+06 6.703573113968634006e-03
2.003142737815496048e+03 6.237080704952645618e-03 2.545025019480229275e+03 3.815311871901070699e+06 6.723067398307005539e-03
2.000553902204303313e+03 6.245147825513866838e-03 2.539493705265250355e+03 3.794385832415002864e+06 6.742634561669787023e-03
1.997968410701140101e+03 6.253225380192782915e-03 2.533974904125429020e+03 3.773565604550055228e+06 6.762274970623980905e-03
1.995386258986282883e+03 6.261313382485010799e-03 2.528468586559758478e+03 3.752850101808311418e+06 6.781988946619973459e-03
1.992807442745584922e+03 6.269411845903633505e-03 2.522974723139374419e+03 3.732239387689702678e+06 6.801776769998277641e-03
1.990231957670471502e+03 6.277520783979212253e-03 2.517493284507376757e+03 3.711732707736170385e+06 6.821638823051145994e-03
1.987659799457937652e+03 6.285640210259798612e-03 2.512024241378660463e+03 3.691329659504305106e+06 6.841575282489213358e-03
1.985090963810534731e+03 6.293770138310971797e-03 2.506567564539720934e+03 3.671029927487323992e+06 6.861586579645966022e-03
1.982525446436367247e+03 6.301910581715850813e-03 2.501123224848484369e+03 3.650832706948247273e+06 6.881672905251983753e-03
1.979963243049078301e+03 6.310061554075142159e-03 2.495691193234110870e+03 3.630738084545110818e+06 6.901834529635296478e-03
1.977404349367855048e+03 6.318223069007118144e-03 2.490271440696841182e+03 3.610744983634660952e+06 6.922071797132561474e-03
1.974848761117406866e+03 6.326395140147691477e-03 2.484863938307792068e+03 3.590853568880650681e+06 6.942384857783487698e-03
1.972296474027971954e+03 6.334577781150390989e-03 2.479468657208800778e+03 3.571063034790681675e+06 6.962774035823428992e-03
1.969747483835302319e+03 6.342771005686408461e-03 2.474085568612236329e+03 3.551373156813823152e+06 6.983239482924622626e-03
1.967201786280655142e+03 6.350974827444631592e-03 2.468714643800814429e+03 3.531783488096044865e+06 7.003781530956870206e-03
1.964659377110793912e+03 6.359189260131635317e-03 2.463355854127442853e+03 3.512293562980046961e+06 7.024400231625595528e-03
1.962120252077970235e+03 6.367414317471740796e-03 2.458009171015018183e+03 3.492903158461567480e+06 7.045095912210970306e-03
1.959584406939927476e+03 6.375650013207006736e-03 2.452674565956273455e+03 3.473611599069810472e+06 7.065868680892589161e-03
1.957051837459889157e+03 6.383896361097264952e-03 2.447352010513595360e+03 3.454418936526793055e+06 7.086718700935834211e-03
1.954522539406546457e+03 6.392153374920161134e-03 2.442041476318834157e+03 3.435324261649492197e+06 7.107646119991012368e-03
1.951996508554063439e+03 6.400421068471137502e-03 2.436742935073159060e+03 3.416327816962920595e+06 7.128651116233800100e-03
1.949473740682054995e+03 6.408699455563505662e-03 2.431456358546850424e+03 3.397428621271080337e+06 7.149733719772189897e-03
1.946954231575593894e+03 6.416988550028422320e-03 2.426181718579154676e+03 3.378626938955429941e+06 7.170894049777725050e-03
1.944437977025197370e+03 6.425288365714935251e-03 2.420918987078101509e+03 3.359921871443558950e+06 7.192132249712769945e-03
1.941924972826813928e+03 6.433598916490024071e-03 2.415668136020315160e+03 3.341313626008096617e+06 7.213448274837516369e-03
1.939415214781831082e+03 6.441920216238577676e-03 2.410429137450872531e+03 3.322801386239835061e+06 7.234842209759133683e-03
1.936908698697052387e+03 6.450252278863467977e-03 2.405201963483103100e+03 3.304385271442061290e+06 7.256314060837999388e-03
1.934405420384702438e+03 6.458595118285533412e-03 2.399986586298434304e+03 3.286064602522616275e+06 7.277863840997811189e-03
1.931905375662416418e+03 6.466948748443615384e-03 2.394782978146221922e+03 3.267839438743520062e+06 7.299491433522370745e-03
1.929408560353225994e+03 6.475313183294603356e-03 2.389591111343558623e+03 3.249709117391755339e+06 7.321196914763948051e-03
1.926914970285565687e+03 6.483688436813414904e-03 2.384410958275135272e+03 3.231673751338215545e+06 7.342980071268804046e-03
1.924424601293251726e+03 6.492074522993065110e-03 2.379242491393039018e+03 3.213732687922304496e+06 7.364840874466667582e-03
1.921937449215487050e+03 6.500471455844652677e-03 2.374085683216612779e+03 3.195886010694381781e+06 7.386779162804791785e-03
1.919453509896849482e+03 6.508879249397395497e-03 2.368940506332270616e+03 3.178133126378352754e+06 7.408794795743035497e-03
1.916972779187279457e+03 6.517297917698676619e-03 2.363806933393324925e+03 3.160474164646422490e+06 7.430887513868178647e-03
1.914495252942084562e+03 6.525727474814024300e-03 2.358684937119836832e+03 3.142908443789890967e+06 7.453057201558126871e-03
1.912020927021919533e+03 6.534167934827183125e-03 2.353574490298425189e+03 3.125436192584390286e+06 7.475303536822986220e-03
1.909549797292792164e+03 6.542619311840094931e-03 2.348475565782123795e+03 3.108056777152615599e+06 7.497626215985907401e-03
1.907081859626048526e+03 6.551081619972943040e-03 2.343388136490200395e+03 3.090770301338229328e+06 7.520025008286736375e-03
1.904617109898364561e+03 6.559554873364189555e-03 2.338312175407985706e+03 3.073576316536300816e+06 7.542499518148145302e-03
1.902155543991747891e+03 6.568039086170562348e-03 2.333247655586726523e+03 3.056474841504318174e+06 7.565049319688159531e-03
1.899697157793520091e+03 6.576534272567120115e-03 2.328194550143397464e+03 3.039465478669967037e+06 7.587674057172082154e-03
1.897241947196318733e+03 6.585040446747241101e-03 2.323152832260555442e+03 3.022548190498112701e+06 7.610373269878661223e-03
1.894789908098088290e+03 6.593557622922660393e-03 2.318122475186168231e+03 3.005722763366008177e+06 7.633146387011170014e-03
1.892341036402066493e+03 6.602085815323511554e-03 2.313103452233439839e+03 2.988988961826645304e+06 7.655992992486642702e-03
1.889895328016789790e+03 6.610625038198311883e-03 2.308095736780668631e+03 2.972346732271481771e+06 7.678912486453152476e-03
1.887452778856072882e+03 6.619175305814029193e-03 2.303099302271059514e+03 2.955795827265092172e+06 7.701904197099545754e-03
1.885013384839014407e+03 6.627736632456067943e-03 2.298114122212582515e+03 2.939336168515798170e+06 7.724967536401602074e-03
1.882577141889983750e+03 6.636309032428309995e-03 2.293140170177802247e+03 2.922967528737766668e+06 7.748101826141956354e-03
1.880144045938610361e+03 6.644892520053154519e-03 2.288177419803703287e+03 2.906689889260388445e+06 7.771306280959451411e-03
1.877714092919788300e+03 6.653487109671502378e-03 2.283225844791555573e+03 2.890503019464804791e+06 7.794580168451424422e-03
1.875287278773655089e+03 6.662092815642828118e-03 2.278285418906720679e+03 2.874406848894963972e+06 7.817922697548228966e-03
1.872863599445598993e+03 6.670709652345159155e-03 2.273356115978523576e+03 2.858401272595811635e+06 7.841332943363152688e-03
1.870443050886244919e+03 6.679337634175120005e-03 2.268437909900072100e+03 2.842486147213311400e+06 7.864810027781620611e-03
1.868025629051443730e+03 6.687976775547974789e-03 2.263530774628094150e+03 2.826661355181958526e+06 7.888353063362444489e-03
1.865611329902276793e+03 6.696627090897608152e-03 2.258634684182798537e+03 2.810926886807433795e+06 7.911960973830000146e-03
1.863200149405036427e+03 6.705288594676597248e-03 2.253749612647689901e+03 2.795282534233487677e+06 7.935632748090910155e-03
1.860792083531230219e+03 6.713961301356195267e-03 2.248875534169432285e+03 2.779728262951768003e+06 7.959367387190580123e-03
1.858387128257568975e+03 6.722645225426372197e-03 2.244012422957682247e+03 2.764264012800781988e+06 7.983163648127455936e-03
1.855985279565956716e+03 6.731340381395857324e-03 2.239160253284920145e+03 2.748889580304629635e+06 8.007020414767343844e-03
1.853586533443493408e+03 6.740046783792122756e-03 2.234318999486315988e+03 2.733605091790763196e+06 8.030936506400436145e-03
1.851190885882456769e+03 6.748764447161452809e-03 2.229488635959546173e+03 2.718410263605965767e+06 8.054910619629434762e-03
1.848798332880306134e+03 6.757493386068929263e-03 2.224669137164658878e+03 2.703305135719624348e+06 8.078941444632619859e-03
1.846408870439670864e+03 6.766233615098472993e-03 2.219860477623909446e+03 2.688289621132745873e+06 8.103027720659026004e-03
1.844022494568339198e+03 6.774985148852884741e-03 2.215062631921592583e+03 2.673363496040329337e+06 8.127168016343545159e-03
1.841639201279262807e+03 6.783748001953829494e-03 2.210275574703912298e+03 2.658527030879279133e+06 8.151360884506016896e-03
1.839258986590537233e+03 6.792522189041908486e-03 2.205499280678797732e+03 2.643779795536366757e+06 8.175604869338331734e-03
1.836881846525405990e+03 6.801307724776640973e-03 2.200733724615773554e+03 2.629121830538748764e+06 8.199898526950336400e-03
1.834507777112249869e+03 6.810104623836505874e-03 2.195978881345793525e+03 2.614553232338078320e+06 8.224240269718919791e-03
1.832136774384575801e+03 6.818912900918986005e-03 2.191234725761082700e+03 2.600073575775934383e+06 8.248628535522588984e-03
1.829768834381019360e+03 6.827732570740551593e-03 2.186501232814996456e+03 2.585683109007616527e+06 8.273061796261914000e-03
1.827403953145327478e+03 6.836563648036730542e-03 2.181778377521849961e+03 2.571381612875170074e+06 8.297538270838556579e-03
1.825042126726363449e+03 6.845406147562089344e-03 2.177066134956786300e+03 2.557168769570045639e+06 8.322056425829000084e-03
1.822683351178090788e+03 6.854260084090288592e-03 2.172364480255607759e+03 2.543045011163111310e+06 8.346614583846971233e-03
1.820327622559573456e+03 6.863125472414088185e-03 2.167673388614634405e+03 2.529009767505839001e+06 8.371210927758254358e-03
1.817974936934961988e+03 6.872002327345394165e-03 2.162992835290539460e+03 2.515062889612514060e+06 8.395843871570992517e-03
1.815625290373491453e+03 6.880890663715270861e-03 2.158322795600207428e+03 2.501204824325795285e+06 8.420511602462599221e-03
1.813278678949477580e+03 6.889790496373952161e-03 2.153663244920587658e+03 2.487434803140395787e+06 8.445212358688879498e-03
1.810935098742305627e+03 6.898701840190886621e-03 2.149014158688534735e+03 2.473752833743599243e+06 8.469944514796894433e-03
1.808594545836426278e+03 6.907624710054749602e-03 2.144375512400665684e+03 2.460159197711648885e+06 8.494706137022283582e-03
1.806257016321345873e+03 6.916559120873482305e-03 2.139747281613199902e+03 2.446653112814944237e+06 8.519495566599644132e-03
1.803922506291620948e+03 6.925505087574312588e-03 2.135129441941815912e+03 2.433234614384946879e+06 8.544311173159247971e-03
1.801591011846856873e+03 6.934462625103761033e-03 2.130521969061508571e+03 2.419903899791435804e+06 8.569151001512754010e-03
1.799262529091695569e+03 6.943431748427686054e-03 2.125924838706434002e+03 2.406660122643806972e+06 8.594013454362611076e-03
1.796937054135812332e+03 6.952412472531296905e-03 2.121338026669763167e+03 2.393503264569671359e+06 8.618896991578953518e-03
1.794614583093902866e+03 6.961404812419204856e-03 2.116761508803525430e+03 2.380433560592950787e+06 8.643799662117732791e-03
1.792295112085688061e+03 6.970408783115402372e-03 2.112195261018480323e+03 2.367450030490575358e+06 8.668719997146526884e-03
1.789978637235894894e+03 6.979424399663338580e-03 2.107639259283946103e+03 2.354552505201922264e+06 8.693656589300048990e-03
1.787665154674260975e+03 6.988451677125901915e-03 2.103093479627678335e+03 2.341741408944679424e+06 8.718607603659174476e-03
1.785354660535522953e+03 6.997490630585464361e-03 2.098557898135707092e+03 2.329015543275271077e+06 8.743571695928846130e-03
1.783047150959406054e+03 7.006541275143923081e-03 2.094032490952190074e+03 2.316374620296717621e+06 8.768547634945667024e-03
1.780742622090628174e+03 7.015603625922683072e-03 2.089517234279281183e+03 2.303819009909576271e+06 8.793533849770272456e-03
1.778441070078880784e+03 7.024677698062733490e-03 2.085012104376966363e+03 2.291347618914725259e+06 8.818529105326482209e-03
1.776142491078833928e+03 7.033763506724627704e-03 2.080517077562937629e+03 2.278959947478191927e+06 8.843532434634994097e-03
1.773846881250124625e+03 7.042861067088528396e-03 2.076032130212440279e+03 2.266656023149299435e+06 8.868542588056542789e-03
1.771554236757346189e+03 7.051970394354250063e-03 2.071557238758118274e+03 2.254435231680763420e+06 8.893558543210829809e-03
1.769264553770052316e+03 7.061091503741243405e-03 2.067092379689893733e+03 2.242296693315403536e+06 8.918579622726133943e-03
1.766977828462738671e+03 7.070224410488667316e-03 2.062637529554798220e+03 2.230239992747025564e+06 8.943604908196650660e-03
1.764694057014846294e+03 7.079369129855375004e-03 2.058192664956850876e+03 2.218265178210898302e+06 8.968633809367717105e-03
1.762413235610752736e+03 7.088525677119953891e-03 2.053757762556907892e+03 2.206370892499442678e+06 8.993665884814478276e-03
1.760135360439759097e+03 7.097694067580770719e-03 2.049332799072510170e+03 2.194556605355024338e+06 9.018700595063149084e-03
1.757860427696094348e+03 7.106874316555957666e-03 2.044917751277761681e+03 2.182821944747198839e+06 9.043737948564441881e-03
1.755588433578898730e+03 7.116066439383480872e-03 2.040512596003167573e+03 2.171166237629482523e+06 9.068777759269413055e-03
1.753319374292226030e+03 7.125270451421128297e-03 2.036117310135508433e+03 2.159588490432803519e+06 9.093819819023643558e-03
1.751053246045033120e+03 7.134486368046552215e-03 2.031731870617695677e+03 2.148087811399472412e+06 9.118864651127172108e-03
1.748790045051170182e+03 7.143714204657310857e-03 2.027356254448619438e+03 2.136664059359675273e+06 9.143912797942313486e-03
1.746529767529383889e+03 7.152953976670854523e-03 2.022990438683029652e+03 2.125316124108420219e+06 9.168964233443533535e-03
1.744272409703298763e+03 7.162205699524600185e-03 2.018634400431373024e+03 2.114042873102189973e+06 9.194019888572557003e-03
1.742017967801422628e+03 7.171469388675912396e-03 2.014288116859674346e+03 2.102843467864909675e+06 9.219080971288436122e-03
1.739766438057134792e+03 7.180745059602148400e-03 2.009951565189388248e+03 2.091717834294436034e+06 9.244148070771280104e-03
1.737517816708675582e+03 7.190032727800702364e-03 2.005624722697252537e+03 2.080664327436253428e+06 9.269222330595431811e-03
1.735272099999150669e+03 7.199332408788988030e-03 2.001307566715169514e+03 2.069681993802554673e+06 9.294305416957044513e-03
1.733029284176512419e+03 7.208644118104515913e-03 1.997000074630044537e+03 2.058770057122598169e+06 9.319398728256751349e-03
1.730789365493564674e+03 7.217967871304872482e-03 1.992702223883670285e+03 2.047927946351513965e+06 9.344503735362448549e-03
1.728552340207951374e+03 7.227303683967766998e-03 1.988413991972578515e+03 2.037154242505225353e+06 9.369622376008360926e-03
1.726318204582146336e+03 7.236651571691077485e-03 1.984135356447897038e+03 2.026448017974544549e+06 9.394756546478855858e-03
1.724086954883457338e+03 7.246011550092829913e-03 1.979866294915231265e+03 2.015808245902765309e+06 9.419908313630060565e-03
1.721858587384007478e+03 7.255383634811275392e-03 1.975606785034505720e+03 2.005234179810713511e+06 9.445080069555671781e-03
1.719633098360740632e+03 7.264767841504873695e-03 1.971356804519850130e+03 1.994724761377256131e+06 9.470273958824847182e-03
1.717410484095408492e+03 7.274164185852338357e-03 1.967116331139449812e+03 1.984278822175514419e+06 9.495492327709336572e-03
1.715190740874563062e+03 7.283572683552678312e-03 1.962885342715410843e+03 1.973895357825341402e+06 9.520737922205393250e-03
1.712973864989557342e+03 7.292993350325185746e-03 1.958663817123634772e+03 1.963573456368825398e+06 9.546013406330162987e-03
1.710759852736530320e+03 7.302426201909508093e-03 1.954451732293670375e+03 1.953312334080375265e+06 9.571321313395046715e-03
1.708548700416409474e+03 7.311871254065629815e-03 1.950249066208594286e+03 1.943110744456436252e+06 9.596664453918136994e-03
1.706340404334900086e+03 7.321328522573923581e-03 1.946055796904870022e+03 1.932967730983957415e+06 9.622045736008864175e-03
1.704134960802475916e+03 7.330798023235187560e-03 1.941871902472207466e+03 1.922882368771258509e+06 9.647468074086494941e-03
1.701932366134381709e+03 7.340279771870635017e-03 1.937697361053445547e+03 1.912853814543531742e+06 9.672934283242066306e-03
1.699732616650616592e+03 7.349773784321965431e-03 1.933532150844401940e+03 1.902881201992361806e+06 9.698447100896749953e-03
1.697535708675937485e+03 7.359280076451348886e-03 1.929376250093756880e+03 1.892963542279248359e+06 9.724009454641070055e-03
1.695341638539849100e+03 7.368798664141474643e-03 1.925229637102915149e+03 1.883099950080804294e+06 9.749624267335891409e-03
1.693150402576592342e+03 7.378329563295591906e-03 1.921092290225861234e+03 1.873289532210450154e+06 9.775294600956914784e-03
1.690961997125150219e+03 7.387872789837493341e-03 1.916964187869054513e+03 1.863531429771279916e+06 9.801023670786624883e-03
1.688776418529227840e+03 7.397428359711594875e-03 1.912845308491268952e+03 1.853824923939613393e+06 9.826814239587535263e-03
1.686593663137259227e+03 7.406996288882913143e-03 1.908735630603488516e+03 1.844169205810105661e+06 9.852668990349963685e-03
1.684413727302393454e+03 7.416576593337118398e-03 1.904635132768760286e+03 1.834563498246676056e+06 9.878590846829581745e-03
1.682236607382487136e+03 7.426169289080572673e-03 1.900543793602063943e+03 1.825007145346268546e+06 9.904582371837458710e-03
1.680062299740107619e+03 7.435774392140315908e-03 1.896461591770197401e+03 1.815499446979997912e+06 9.930646285551535113e-03
1.677890800742514102e+03 7.445391918564144874e-03 1.892388505991625379e+03 1.806039637666212860e+06 9.956785258707427991e-03
1.675722106761663326e+03 7.455021884420591494e-03 1.888324515036369576e+03 1.796627125129102031e+06 9.983001873925152758e-03
1.673556214174198658e+03 7.464664305798972277e-03 1.884269597725873837e+03 1.787261298408219591e+06 1.000929860056622329e-02
1.671393119361439403e+03 7.474319198809431693e-03 1.880223732932865232e+03 1.777941504628213122e+06 1.003567808345065884e-02
1.669232818709384446e+03 7.483986579582928289e-03 1.876186899581244006e+03 1.768667212502019014e+06 1.006214276056273393e-02
1.667075308608696560e+03 7.493666464271306685e-03 1.872159076645939422e+03 1.759437868429043563e+06 1.008869490888988051e-02
1.664920585454703769e+03 7.503358869047287161e-03 1.868140243152793573e+03 1.750252826142840553e+06 1.011533693021756004e-02
1.662768645647391395e+03 7.513063810104503824e-03 1.864130378178432466e+03 1.741111563465912594e+06 1.014207122444527216e-02
1.660619485591390230e+03 7.522781303657558385e-03 1.860129460850128453e+03 1.732013623294173740e+06 1.016890010138705482e-02
1.658473101695981541e+03 7.532511365941996738e-03 1.856137470345692691e+03 1.722958473414768698e+06 1.019582596880893623e-02
1.656329490375078421e+03 7.542254013214393094e-03 1.852154385893326889e+03 1.713945633449965157e+06 1.022285113401239648e-02
1.654188648047231254e+03 7.552009261752324829e-03 1.848180186771518720e+03 1.704974625909310067e+06 1.024997790715924222e-02
1.652050571135616565e+03 7.561777127854425393e-03 1.844214852308905165e+03 1.696045001117041102e+06 1.027720848334076793e-02
1.649915256068026565e+03 7.571557627840427677e-03 1.840258361884141550e+03 1.687156134942186531e+06 1.030454520742094676e-02
1.647782699276874155e+03 7.581350778051146669e-03 1.836310694925794223e+03 1.678307567071830854e+06 1.033199073261298687e-02
1.645652897199174504e+03 7.591156594848559244e-03 1.832371830912194810e+03 1.669498878430336248e+06 1.035954749964884160e-02
1.643525846276549373e+03 7.600975094615785958e-03 1.828441749371334254e+03 1.660729603976838756e+06 1.038721818112110611e-02
1.641401542955216200e+03 7.610806293757142217e-03 1.824520429880730035e+03 1.651999289334821980e+06 1.041500525988638473e-02
1.639279983685983552e+03 7.620650208698157360e-03 1.820607852067304975e+03 1.643307541096411645e+06 1.044291121573527777e-02
1.637161164924242939e+03 7.630506855885614559e-03 1.816703995607258776e+03 1.634653866612309124e+06 1.047093844299781806e-02
1.635045083129963359e+03 7.640376251787574235e-03 1.812808840225947733e+03 1.626037707409126684e+06 1.049909001450926270e-02
1.632931734767690386e+03 7.650258412893381002e-03 1.808922365697770374e+03 1.617458441201195819e+06 1.052736911306585352e-02
1.630821116306534805e+03 7.660153355713713100e-03 1.805044551846035120e+03 1.608915606102772756e+06 1.055577887871405815e-02
1.628713224220169423e+03 7.670061096780599746e-03 1.801175378542841599e+03 1.600408761383684585e+06 1.058432259741817240e-02
1.626608054986818615e+03 7.679981652647468841e-03 1.797314825708953776e+03 1.591937463177372934e+06 1.061300356711134853e-02
1.624505605089260825e+03 7.689915039889137424e-03 1.793462873313691262e+03 1.583501226217100397e+06 1.064182480795165114e-02
1.622405871014813101e+03 7.699861275101881931e-03 1.789619501374791753e+03 1.575099364795204485e+06 1.067079036097051160e-02
1.620308849255333371e+03 7.709820374903428655e-03 1.785784689958304625e+03 1.566731280836591497e+06 1.069990450280207915e-02
1.618214536307211574e+03 7.719792355932994510e-03 1.781958419178465874e+03 1.558396391692751786e+06 1.072917167580285380e-02
1.616122928671359205e+03 7.729777234851339940e-03 1.778140669197567377e+03 1.550094244560237741e+06 1.075859582925080792e-02
1.614034022853213401e+03 7.739775028340747237e-03 1.774331420225858437e+03 1.541824391216220567e+06 1.078818074786275401e-02
1.611947815362718984e+03 7.749785753105102939e-03 1.770530652521400270e+03 1.533586312298452947e+06 1.081792972356083148e-02
1.609864302714334599e+03 7.759809425869877014e-03 1.766738346389971184e+03 1.525379209501078818e+06 1.084784754441534167e-02
1.607783481427020206e+03 7.769846063382173165e-03 1.762954482184935841e+03 1.517202553604520159e+06 1.087793966760376707e-02
1.605705348024228442e+03 7.779895682410777405e-03 1.759179040307117930e+03 1.509055766054971144e+06 1.090821125845527206e-02
1.603629899033908714e+03 7.789958299746135503e-03 1.755412001204704893e+03 1.500938142924091313e+06 1.093866785531204949e-02
1.601557130988489234e+03 7.800033932200439724e-03 1.751653345373102184e+03 1.492849054754744284e+06 1.096931522084736675e-02
1.599487040424881798e+03 7.810122596607605404e-03 1.747903053354839130e+03 1.484787937722837087e+06 1.100015889293829048e-02
1.597419623884472458e+03 7.820224309823320397e-03 1.744161105739443428e+03 1.476754038366765017e+06 1.103120482375619799e-02
1.595354877913109249e+03 7.830339088725097110e-03 1.740427483163311308e+03 1.468746665169995278e+06 1.106245966109873670e-02
1.593292799061108781e+03 7.840466950212248223e-03 1.736702166309614540e+03 1.460765236825952074e+06 1.109392972751990954e-02
1.591233383883237366e+03 7.850607911205972553e-03 1.732985135908159009e+03 1.452808960668766638e+06 1.112562172028378274e-02
1.589176628938717158e+03 7.860761988649331636e-03 1.729276372735290579e+03 1.444877101824849145e+06 1.115754307315172840e-02
1.587122530791213194e+03 7.870929199507305241e-03 1.725575857613765947e+03 1.436969044741146266e+06 1.118970097498922511e-02
1.585071086008826569e+03 7.881109560766834735e-03 1.721883571412634637e+03 1.429083980321772862e+06 1.122210291227552018e-02
1.583022291164096259e+03 7.891303089436805737e-03 1.718199495047138043e+03 1.421221135144325672e+06 1.125475713158230126e-02
1.580976142833983658e+03 7.901509802548127917e-03 1.714523609478575736e+03 1.413379714731873013e+06 1.128767187290450301e-02
1.578932637599875306e+03 7.911729717153724584e-03 1.710855895714206554e+03 1.405558925962331705e+06 1.132085520951116309e-02
1.576891772047574477e+03 7.921962850328569117e-03 1.707196334807128551e+03 1.397758086215613410e+06 1.135431642257125374e-02
1.574853542767290264e+03 7.932209219169742212e-03 1.703544907856156669e+03 1.389976489925191971e+06 1.138806455781029604e-02
1.572817946353641673e+03 7.942468840796412799e-03 1.699901596005724741e+03 1.382213353398891399e+06 1.142210874368983393e-02
1.570784979405641025e+03 7.952741732349919573e-03 1.696266380445754066e+03 1.374467868015881861e+06 1.145645882987068008e-02
1.568754638526698272e+03 7.963027910993748446e-03 1.692639242411555870e+03 1.366741057147265179e+06 1.149112106543695444e-02
1.566726920324610546e+03 7.973327393913586317e-03 1.689020163183711702e+03 1.359030989207497565e+06 1.152609699485658730e-02
1.564701821411553283e+03 7.983640198317369652e-03 1.685409124087953842e+03 1.351332856883834815e+06 1.156141652399029184e-02
1.562679338404083182e+03 7.993966341435261927e-03 1.681806106495067525e+03 1.343639834888960700e+06 1.159711980801765574e-02
1.560659467923121838e+03 8.004305840519743837e-03 1.678211091820761112e+03 1.335949920348963700e+06 1.163326386911020527e-02
1.558642206593959827e+03 8.014658712845589006e-03 1.674624061525571733e+03 1.328272000495578628e+06 1.166983247579195249e-02
1.556627551046247845e+03 8.025024975709909095e-03 1.671044997114744774e+03 1.320612382918225368e+06 1.170679157499997930e-02
1.554615497913985337e+03 8.035404646432214512e-03 1.667473880138117011e+03 1.312975646661899518e+06 1.174408485601029055e-02
1.552606043835524588e+03 8.045797742354390131e-03 1.663910692190018153e+03 1.305351918775987346e+06 1.178173346263222156e-02
1.550599185453556629e+03 8.056204280840773349e-03 1.660355414909148521e+03 1.297737263861868298e+06 1.181977876624677563e-02
1.548594919415111463e+03 8.066624279278145418e-03 1.656808029978477180e+03 1.290127255679290975e+06 1.185827028038681681e-02
1.546593242371551696e+03 8.077057755075771339e-03 1.653268519125130751e+03 1.282523666537975892e+06 1.189722950702763217e-02
1.544594150978560720e+03 8.087504725665457112e-03 1.649736864120271775e+03 1.274925633195122937e+06 1.193666885138497218e-02
1.542597641896147252e+03 8.097965208501527179e-03 1.646213046779008209e+03 1.267332214522636961e+06 1.197660388720123495e-02
1.540603711788629198e+03 8.108439221060909433e-03 1.642697048960264738e+03 1.259743084593072301e+06 1.201704869123721396e-02
1.538612357324637514e+03 8.118926780843116128e-03 1.639188852566689775e+03 1.252157759353767382e+06 1.205801647366967072e-02
1.536623575177106432e+03 8.129427905370288990e-03 1.635688439544540415e+03 1.244575861318702810e+06 1.209952006042659504e-02
1.534637362023263677e+03 8.139942612187261659e-03 1.632195791883564880e+03 1.236996537856446113e+06 1.214157424533057576e-02
1.532653714544634113e+03 8.150470918861528469e-03 1.628710891616912249e+03 1.229419081589898327e+06 1.218419517866819839e-02
1.530672629427024731e+03 8.161012842983332918e-03 1.625233720821006045e+03 1.221842808845513733e+06 1.222739967002500934e-02
1.528694103360527151e+03 8.171568402165650322e-03 1.621764261615451233e+03 1.214267133778902236e+06 1.227120456942455348e-02
1.526718133039508530e+03 8.182137614044236382e-03 1.618302496162921670e+03 1.206691465482079890e+06 1.231562667039861822e-02
1.524744715162602233e+03 8.192720496277679232e-03 1.614848406669044834e+03 1.199115162133198930e+06 1.236068342783453594e-02
1.522773846432710798e+03 8.203317066547378619e-03 1.611401975382309956e+03 1.191537769045952940e+06 1.240639235159776352e-02
1.520805523556991375e+03 8.213927342557629172e-03 1.607963184593945243e+03 1.183958827978288522e+06 1.245277057989259070e-02
1.518839743246858234e+03 8.224551342035606519e-03 1.604532016637827155e+03 1.176377786216581473e+06 1.249983599153616995e-02
1.516876502217973439e+03 8.235189082731414131e-03 1.601108453890365581e+03 1.168794313977137441e+06 1.254760662300904127e-02
1.514915797190237754e+03 8.245840582418133627e-03 1.597692478770393564e+03 1.161208104720110772e+06 1.259609992244812605e-02
1.512957624887794736e+03 8.256505858891805688e-03 1.594284073739076121e+03 1.153618719308908097e+06 1.264533369501714445e-02
1.511001982039013228e+03 8.267184929971520269e-03 1.590883221299786101e+03 1.146025920832343632e+06 1.269532662514151304e-02
1.509048865376493040e+03 8.277877813499390572e-03 1.587489903998018008e+03 1.138428956546117086e+06 1.274609600724291823e-02
1.507098271637054040e+03 8.288584527340608563e-03 1.584104104421274087e+03 1.130828110758557450e+06 1.279765979661429479e-02
1.505150197561727509e+03 8.299305089383493539e-03 1.580725805198951093e+03 1.123223286793335108e+06 1.285003674202228607e-02
1.503204639895760010e+03 8.310039517539474785e-03 1.577354989002257525e+03 1.115614513867306057e+06 1.290324419100401764e-02
1.501261595388596788e+03 8.320787829743173103e-03 1.573991638544087436e+03 1.108001645413028309e+06 1.295730003225681153e-02
1.499321060793885863e+03 8.331550043952392140e-03 1.570635736578931983e+03 1.100384683897751849e+06 1.301222312914046553e-02
1.497383032869469616e+03 8.342326178148153082e-03 1.567287265902773242e+03 1.092763830186398467e+06 1.306803079685511966e-02
1.495447508377372969e+03 8.353116250334762308e-03 1.563946209352968935e+03 1.085139099971490214e+06 1.312474066442157958e-02
1.493514484083809748e+03 8.363920278539783634e-03 1.560612549808169661e+03 1.077510588000627467e+06 1.318237158802361246e-02
1.491583956759166085e+03 8.374738280814123317e-03 1.557286270188197250e+03 1.069878658847718034e+06 1.324094081353770214e-02
1.489655923178002695e+03 8.385570275232016174e-03 1.553967353453956093e+03 1.062243488528956426e+06 1.330046570277413666e-02
1.487730380119046231e+03 8.396416279891082829e-03 1.550655782607323999e+03 1.054605257660157513e+06 1.336096493782959645e-02
1.485807324365185650e+03 8.407276312912340122e-03 1.547351540691054197e+03 1.046964479783660150e+06 1.342245575296088442e-02
1.483886752703462889e+03 8.418150392440260088e-03 1.544054610788667560e+03 1.039321481529838289e+06 1.348495523166065579e-02
1.481968661925070137e+03 8.429038536642783838e-03 1.540764976024354837e+03 1.031676522285937215e+06 1.354848181521993260e-02
1.480053048825346877e+03 8.439940763711335434e-03 1.537482619562879790e+03 1.024029441165540367e+06 1.361305262008845676e-02
1.478139910203771251e+03 8.450857091860875664e-03 1.534207524609472785e+03 1.016380986196126090e+06 1.367868398613583843e-02
1.476229242863957552e+03 8.461787539329914190e-03 1.530939674409735971e+03 1.008732003720898996e+06 1.374539389371136344e-02
1.474321043613643724e+03 8.472732124380578933e-03 1.527679052249529377e+03 1.001083219418120920e+06 1.381319957625237738e-02
1.472415309264697271e+03 8.483690865298583114e-03 1.524425641454890410e+03 9.934352035906987730e+05 1.388211768141863096e-02
1.470512036633098887e+03 8.494663780393324135e-03 1.521179425391915856e+03 9.857884387467472116e+05 1.395216572967269107e-02
1.468611222538945867e+03 8.505650887997855819e-03 1.517940387466676611e+03 9.781436921606191900e+05 1.402336118580767461e-02
1.466712863806442556e+03 8.516652206468949132e-03 1.514708511125110817e+03 9.705016420584348962e+05 1.409572051557314749e-02
1.464816957263893300e+03 8.527667754187132076e-03 1.511483779852923135e+03 9.628628509561871178e+05 1.416926125969123450e-02
1.462923499743702450e+03 8.538697549556686223e-03 1.508266177175493340e+03 9.552281319786749082e+05 1.424400078501122414e-02
1.461032488082362761e+03 8.549741611005719569e-03 1.505055686657768319e+03 9.475977801264737500e+05 1.431995553182398295e-02
1.459143919120456303e+03 8.560799956986156131e-03 1.501852291904173171e+03 9.399717551322085783e+05 1.439714208251428179e-02
1.457257789702646960e+03 8.571872605973784517e-03 1.498655976558511384e+03 9.323520368230962195e+05 1.447557752725655254e-02
1.455374096677669968e+03 8.582959576468315172e-03 1.495466724303855017e+03 9.247394412208187860e+05 1.455527833833397504e-02
1.453492836898336691e+03 8.594060886993354353e-03 1.492284518862466939e+03 9.171346595450055320e+05 1.463626172544240343e-02
1.451614007221518932e+03 8.605176556096496079e-03 1.489109343995685094e+03 9.095385534316191915e+05 1.471854528716024478e-02
1.449737604508151435e+03 8.616306602349304775e-03 1.485941183503837919e+03 9.019519815100176493e+05 1.480214570994175735e-02
1.447863625623225289e+03 8.627451044347362111e-03 1.482780021226145891e+03 8.943757854261469329e+05 1.488707988985562940e-02
1.445992067435776107e+03 8.638609900710325987e-03 1.479625841040613523e+03 8.868107240691026673e+05 1.497336510423245663e-02
1.444122926818890164e+03 8.649783190081906242e-03 1.476478626863952059e+03 8.792558939402602846e+05 1.506101913257754284e-02
1.442256200649686434e+03 8.660970931129958333e-03 1.473338362651462830e+03 8.717131882898663171e+05 1.515006125157570931e-02
1.440391885809322503e+03 8.672173142546459046e-03 1.470205032396959041e+03 8.641836930597260362e+05 1.524051382090414047e-02
1.438529979182985016e+03 8.683389843047562007e-03 1.467078620132663218e+03 8.566688913893095450e+05 1.533239069742624305e-02
1.436670477659879680e+03 8.694621051373649726e-03 1.463959109929103988e+03 8.491702392870900221e+05 1.542570320522508934e-02
1.434813378133236029e+03 8.705866786289314513e-03 1.460846485895038313e+03 8.416887376516493969e+05 1.552046027573112698e-02
1.432958677500291287e+03 8.717127066583452155e-03 1.457740732177336668e+03 8.342244917309912853e+05 1.561668108144318931e-02
1.431106372662294461e+03 8.728401911069234159e-03 1.454641832960905276e+03 8.267765634397738613e+05 1.571438845561283493e-02
1.429256460524497925e+03 8.739691338584164998e-03 1.451549772468586070e+03 8.193462434258464491e+05 1.581360763887485962e-02
1.427408937996147415e+03 8.750995367990139356e-03 1.448464534961053687e+03 8.119353756863488816e+05 1.591435782938710117e-02
1.425563801990486127e+03 8.762314018173414376e-03 1.445386104736738162e+03 8.045449353548178915e+05 1.601665548486437551e-02
1.423721049424739704e+03 8.773647308044708534e-03 1.442314466131714198e+03 7.971758846836185548e+05 1.612051622099567802e-02
1.421880677220119878e+03 8.784995256539173888e-03 1.439249603519622497e+03 7.898288721710753161e+05 1.622595815559375876e-02
1.420042682301814921e+03 8.796357882616455057e-03 1.436191501311569027e+03 7.825041901864873944e+05 1.633300073582063736e-02
1.418207061598980999e+03 8.807735205260744729e-03 1.433140143956026122e+03 7.752017419321361231e+05 1.644166277265281945e-02
1.416373812044747410e+03 8.819127243480752443e-03 1.430095515938758126e+03 7.679236693097216776e+05 1.655196347090665682e-02
1.414542930576198614e+03 8.830534016309812134e-03 1.427057601782706115e+03 7.606707404255790170e+05 1.666392223834543829e-02
1.412714414134379467e+03 8.841955542805849180e-03 1.424026386047913093e+03 7.534437049792798935e+05 1.677755883660825287e-02
1.410888259664287261e+03 8.853391842051435909e-03 1.421001853331428265e+03 7.462432941853380762e+05 1.689289335973165329e-02
1.409064464114860584e+03 8.864842933153855783e-03 1.417983988267204722e+03 7.390696252017265651e+05 1.700994610252210340e-02
1.407243024438984776e+03 8.876308835245070444e-03 1.414972775526024179e+03 7.319229766116670799e+05 1.712873610263184604e-02
1.405423937593476239e+03 8.887789567481820321e-03 1.411968199815389880e+03 7.248051183116906323e+05 1.724928386452868542e-02
1.403607200539086534e+03 8.899285149045595145e-03 1.408970245879449976e+03 7.177167288308100542e+05 1.737161053262412796e-02
1.401792810240492145e+03 8.910795599142701598e-03 1.405978898498898388e+03 7.106584687858354300e+05 1.749573757021160095e-02
1.399980763666287203e+03 8.922320937004308422e-03 1.402994142490879085e+03 7.036309849758007331e+05 1.762168679024652546e-02
1.398171057788987355e+03 8.933861181886423863e-03 1.400015962708913094e+03 6.966335428215378197e+05 1.774947922202899792e-02
1.396363689585012935e+03 8.945416353069996288e-03 1.397044344042787088e+03 6.896680385780901415e+05 1.787913562938135692e-02
1.394558656034693740e+03 8.956986469860889893e-03 1.394079271418478811e+03 6.827352236245826352e+05 1.801067858869421015e-02
1.392755954122260846e+03 8.968571551589938490e-03 1.391120729798064758e+03 6.758356770791094750e+05 1.814413116656707695e-02
1.390955580835837054e+03 8.980171617612999271e-03 1.388168704179621727e+03 6.689699692643329035e+05 1.827951670945921966e-02
1.389157533167440079e+03 8.991786687310937207e-03 1.385223179597150420e+03 6.621375514521310106e+05 1.841685806287463381e-02
1.387361808112968902e+03 9.003416780089713509e-03 1.382284141120474487e+03 6.553398021989744157e+05 1.855617744869255889e-02
1.385568402672206503e+03 9.015061915380368288e-03 1.379351573855161405e+03 6.485775684523612726e+05 1.869749908815466696e-02
1.383777313848811445e+03 9.026722112639070858e-03 1.376425462942431523e+03 6.418513445883395616e+05 1.884084756410524947e-02
1.381988538650308783e+03 9.038397391347180454e-03 1.373505793559060521e+03 6.351616005163094960e+05 1.898624808264642860e-02
1.380202074088094150e+03 9.050087771011223678e-03 1.370592550917306880e+03 6.285076076387895737e+05 1.913372494474782290e-02
1.378417917177419213e+03 9.061793271162986441e-03 1.367685720264809561e+03 6.218910216649246868e+05 1.928330233814265493e-02
1.376636064937394622e+03 9.073513911359493145e-03 1.364785286884511379e+03 6.153123315549824620e+05 1.943500660492705756e-02
1.374856514390980692e+03 9.085249711183067400e-03 1.361891236094566239e+03 6.087719610866871662e+05 1.958886444578471220e-02
1.373079262564980809e+03 9.097000690241382331e-03 1.359003553248247499e+03 6.022699005017684540e+05 1.974490260418779175e-02
1.371304306490043700e+03 9.108766868167436290e-03 1.356122223733874080e+03 5.958062275118064135e+05 1.990314663457290814e-02
1.369531643200647750e+03 9.120548264619660409e-03 1.353247232974706321e+03 5.893820894661064958e+05 2.006362396110499685e-02
1.367761269735107362e+03 9.132344899281882172e-03 1.350378566428875956e+03 5.829978443862292916e+05 2.022636268199552029e-02
1.365993183135561367e+03 9.144156791863391337e-03 1.347516209589291975e+03 5.766537976037976332e+05 2.039139171365951173e-02
1.364227380447966198e+03 9.155983962098993706e-03 1.344660147983548086e+03 5.703492938510775566e+05 2.055873918934490036e-02
1.362463858722099076e+03 9.167826429748988579e-03 1.341810367173852910e+03 5.640856680857248139e+05 2.072843325357616451e-02
1.360702615011543003e+03 9.179684214599264161e-03 1.338966852756925846e+03 5.578632100717516150e+05 2.090050415162504269e-02
1.358943646373691081e+03 9.191557336461276748e-03 1.336129590363927491e+03 5.516821858673273819e+05 2.107498272698946074e-02
1.357186949869737191e+03 9.203445815172106234e-03 1.333298565660367558e+03 5.455421940375616541e+05 2.125189923903301331e-02
1.355432522564667806e+03 9.215349670594516832e-03 1.330473764346013695e+03 5.394439803038326791e+05 2.143128361382728997e-02
1.353680361527265632e+03 9.227268922616925842e-03 1.327655172154821003e+03 5.333879806177173741e+05 2.161316817137619306e-02
1.351930463830094595e+03 9.239203591153514680e-03 1.324842774854831077e+03 5.273744190473349299e+05 2.179758545331771796e-02
1.350182826549504398e+03 9.251153696144188976e-03 1.322036558248102438e+03 5.214029146761008305e+05 2.198456800607312064e-02
1.348437446765619143e+03 9.263119257554661840e-03 1.319236508170616162e+03 5.154740461220112629e+05 2.217414816492573396e-02
1.346694321562336881e+03 9.275100295376453863e-03 1.316442610492199265e+03 5.095882136199761298e+05 2.236636010984423620e-02
1.344953448027319610e+03 9.287096829626964242e-03 1.313654851116432155e+03 5.037455425513384980e+05 2.256123856472328285e-02
1.343214823251990993e+03 9.299108880349482922e-03 1.310873215980569739e+03 4.979456424396149232e+05 2.275881849206770266e-02
1.341478444331534774e+03 9.311136467613206208e-03 1.308097691055463201e+03 4.921891338133215322e+05 2.295913443586058283e-02
1.339744308364885910e+03 9.323179611513295745e-03 1.305328262345469966e+03 4.864762173864440992e+05 2.316222283356072706e-02
1.338012412454727382e+03 9.335238332170897602e-03 1.302564915888374117e+03 4.808069515328755951e+05 2.336812114716447369e-02
1.336282753707481788e+03 9.347312649733206455e-03 1.299807637755297719e+03 4.751809926451239735e+05 2.357686608327766789e-02
1.334555329233313159e+03 9.359402584373446507e-03 1.297056414050628746e+03 4.695989393186164089e+05 2.378849504260926659e-02
1.332830136146115137e+03 9.371508156290959957e-03 1.294311230911928078e+03 4.640608335076831863e+05 2.400304736470817296e-02
1.331107171563512338e+03 9.383629385711196591e-03 1.291572074509856520e+03 4.585665765489412588e+05 2.422056266809849076e-02
1.329386432606852168e+03 9.395766292885764093e-03 1.288838931048088398e+03 4.531161503263717168e+05 2.444107989369997611e-02
1.327667916401197772e+03 9.407918898092488755e-03 1.286111786763226064e+03 4.477098332135480014e+05 2.466464003087489448e-02
1.325951620075330538e+03 9.420087221635389460e-03 1.283390627924730097e+03 4.423476492460585432e+05 2.489128485542226391e-02
1.324237540761736000e+03 9.432271283844781765e-03 1.280675440834822666e+03 4.370293576180765522e+05 2.512105595706600608e-02
1.322525675596606334e+03 9.444471105077253612e-03 1.277966211828418864e+03 4.317551802991792210e+05 2.535399580113045434e-02
1.320816021719834907e+03 9.456686705715717373e-03 1.275262927273044625e+03 4.265251590301775141e+05 2.559014834139099887e-02
1.319108576275004225e+03 9.468918106169479237e-03 1.272565573568743730e+03 4.213391897815362900e+05 2.582955772038804734e-02
1.317403336409392523e+03 9.481165326874204519e-03 1.269874137148017553e+03 4.161972073387454147e+05 2.607226858906075070e-02
1.315700299273957626e+03 9.493428388292028675e-03 1.267188604475723423e+03 4.110993115083244047e+05 2.631832690919249859e-02
1.313999462023341493e+03 9.505707310911526084e-03 1.264508962049013007e+03 4.060454465586846927e+05 2.656777916138043302e-02
1.312300821815861127e+03 9.518002115247769027e-03 1.261835196397242498e+03 4.010354461638245266e+05 2.682067259369081899e-02
1.310604375813501520e+03 9.530312821842391868e-03 1.259167294081891896e+03 3.960693762232657755e+05 2.707705548525026276e-02
1.308910121181917248e+03 9.542639451263565040e-03 1.256505241696493158e+03 3.911471591816924047e+05 2.733697658901827754e-02
1.307218055090420194e+03 9.554982024106093916e-03 1.253849025866542206e+03 3.862686823922033655e+05 2.760048572992788996e-02
1.305528174711982274e+03 9.567340560991394530e-03 1.251198633249427530e+03 3.814338961369245080e+05 2.786763376085640842e-02
1.303840477223226799e+03 9.579715082567561227e-03 1.248554050534349471e+03 3.766427034107156796e+05 2.813847197430034350e-02
1.302154959804420969e+03 9.592105609509413502e-03 1.245915264442234275e+03 3.718950109461919637e+05 2.841305265591870591e-02
1.300471619639479059e+03 9.604512162518478655e-03 1.243282261725669059e+03 3.671907415931375581e+05 2.869142946513302678e-02
1.298790453915947865e+03 9.616934762323099337e-03 1.240655029168808369e+03 3.625297387896772125e+05 2.897365633806523247e-02
1.297111459825011025e+03 9.629373429678398863e-03 1.238033553587310280e+03 3.579119042599154054e+05 2.925978809896607330e-02
1.295434634561480607e+03 9.641828185366343659e-03 1.235417821828252045e+03 3.533371838205046952e+05 2.954988115742719981e-02
1.293759975323788694e+03 9.654299050195807447e-03 1.232807820770047101e+03 3.488053381913744961e+05 2.984399275198576507e-02
1.292087479313990116e+03 9.666786045002546957e-03 1.230203537322380271e+03 3.443162592732876656e+05 3.014218004920126218e-02
1.290417143737750393e+03 9.679289190649299074e-03 1.227604958426116582e+03 3.398699342381385504e+05 3.044450268086229539e-02
1.288748965804348018e+03 9.691808508025756552e-03 1.225012071053237605e+03 3.354660365332390647e+05 3.075102020020757318e-02
1.287082942726665124e+03 9.704344018048639137e-03 1.222424862206755506e+03 3.311044563794220448e+05 3.106179350539495926e-02
1.285419071721182036e+03 9.716895741661738667e-03 1.219843318920636420e+03 3.267852090993740130e+05 3.137688486516473224e-02
1.283757350007978630e+03 9.729463699835905199e-03 1.217267428259732469e+03 3.225078887021398405e+05 3.169635730934199785e-02
1.282097774810721148e+03 9.742047913569145887e-03 1.214697177319692628e+03 3.182724068416368100e+05 3.202027390524517236e-02
1.280440343356665835e+03 9.754648403886602426e-03 1.212132553226899745e+03 3.140787696768500609e+05 3.234870092189170987e-02
1.278785052876650298e+03 9.767265191840610039e-03 1.209573543138387549e+03 3.099265127132878988e+05 3.268170440081835659e-02
1.277131900605085548e+03 9.779898298510759924e-03 1.207020134241760843e+03 3.058156039105442469e+05 3.301935043044759710e-02
1.275480883779960550e+03 9.792547745003869764e-03 1.204472313755134110e+03 3.017459780972411972e+05 3.336170889608626455e-02
1.273831999642826759e+03 9.805213552454096482e-03 1.201930068927038519e+03 2.977171455625881208e+05 3.370884887974360394e-02
1.272185245438801758e+03 9.817895742022905020e-03 1.199393387036360309e+03 2.937291734062749892e+05 3.406083984800478692e-02
1.270540618416563120e+03 9.830594334899129053e-03 1.196862255392263705e+03 2.897818437053259113e+05 3.441775514368246303e-02
1.268898115828337950e+03 9.843309352299033435e-03 1.194336661334106338e+03 2.858746849912673933e+05 3.477966743932160709e-02
1.267257734929907429e+03 9.856040815466293389e-03 1.191816592231379673e+03 2.820079139691025484e+05 3.514664967296624726e-02
1.265619472980593400e+03 9.868788745672095117e-03 1.189302035483620102e+03 2.781810623884867528e+05 3.551877908418832330e-02
1.263983327243261101e+03 9.881553164215106308e-03 1.186792978520347106e+03 2.743937296449930291e+05 3.589613068609757984e-02
1.262349294984311655e+03 9.894334092421547266e-03 1.184289408800984120e+03 2.706463394196339650e+05 3.627878242139273568e-02
1.260717373473673206e+03 9.907131551645248155e-03 1.181791313814778050e+03 2.669380600982800825e+05 3.666681452055869928e-02
1.259087559984806148e+03 9.919945563267621239e-03 1.179298681080741289e+03 2.632687939907960244e+05 3.706030521670455880e-02
1.257459851794687211e+03 9.932776148697770174e-03 1.176811498147560087e+03 2.596387152968757728e+05 3.745933780484288211e-02
1.255834246183814685e+03 9.945623329372462254e-03 1.174329752593536568e+03 2.560470243307726341e+05 3.786399473918092284e-02
1.254210740436199330e+03 9.958487126756192589e-03 1.171853432026509836e+03 2.524939182653769094e+05 3.827435856526403835e-02
1.252589331839357101e+03 9.971367562341244828e-03 1.169382524083776843e+03 2.489790915074660152e+05 3.869051730461562505e-02
1.250970017684312324e+03 9.984264657647663396e-03 1.166917016432033961e+03 2.455019396800503018e+05 3.911255561493121730e-02
1.249352795265584291e+03 9.997178434223364524e-03 1.164456896767287844e+03 2.420629987773637695e+05 3.954056187867049932e-02
1.247737661881189524e+03 1.001010891364411022e-02 1.162002152814796545e+03 2.386613359025738318e+05 3.997462716517241610e-02
1.246124614832636098e+03 1.002305611751356379e-02 1.159552772328994706e+03 2.352969062116628047e+05 4.041483920061808566e-02
1.244513651424913405e+03 1.003602006746336442e-02 1.157108743093410794e+03 2.319697979097364005e+05 4.086129332652910229e-02
1.242904768966497386e+03 1.004900078515308555e-02 1.154670052920613443e+03 2.286791607151163043e+05 4.131408159620804377e-02
1.241297964769335749e+03 1.006199829227035977e-02 1.152236689652121868e+03 2.254254475903877465e+05 4.177329768571116236e-02
1.239693236148852066e+03 1.007501261053083894e-02 1.149808641158349019e+03 2.222079384585995867e+05 4.223904135481113681e-02
1.238090580423937581e+03 1.008804376167826179e-02 1.147385895338523369e+03 2.190263723187369760e+05 4.271140651466880100e-02
1.236489994916943488e+03 1.010109176748452166e-02 1.144968440120613650e+03 2.158810417826502817e+05 4.319049547490972502e-02
1.234891476953684332e+03 1.011415664974963172e-02 1.142556263461270191e+03 2.127709270056090609e+05 4.367640804380839431e-02
1.233295023863424603e+03 1.012723843030183951e-02 1.140149353345740565e+03 2.096965310996465269e+05 4.416924455505173014e-02
1.231700632978881686e+03 1.014033713099760092e-02 1.137747697787810239e+03 2.066571304009579471e+05 4.466911246038725997e-02
1.230108301636219267e+03 1.015345277372163395e-02 1.135351284829728456e+03 2.036524620593291183e+05 4.517611257438221284e-02
1.228518027175037332e+03 1.016658538038699849e-02 1.132960102542130699e+03 2.006827942498547782e+05 4.569035552037772896e-02
1.226929806938378306e+03 1.017973497293505475e-02 1.130574139023983889e+03 1.977470704784520785e+05 4.621194752626758828e-02
1.225343638272711360e+03 1.019290157333558114e-02 1.128193382402499992e+03 1.948459565712432086e+05 4.674099728474719051e-02
1.223759518527936962e+03 1.020608520358674311e-02 1.125817820833080759e+03 1.919784719694393571e+05 4.727761980554697624e-02
1.222177445057377327e+03 1.021928588571517117e-02 1.123447442499238605e+03 1.891446459932744328e+05 4.782192279193795553e-02
1.220597415217775279e+03 1.023250364177597134e-02 1.121082235612533850e+03 1.863444046827515413e+05 4.837402619707079771e-02
1.219019426369285611e+03 1.024573849385279796e-02 1.118722188412499236e+03 1.835768736099468370e+05 4.893404192114687856e-02
1.217443475875472814e+03 1.025899046405786934e-02 1.116367289166573528e+03 1.808428836121885397e+05 4.950208939570217154e-02
1.215869561103309479e+03 1.027225957453198162e-02 1.114017526170037627e+03 1.781410310536485340e+05 5.007828876115883593e-02
1.214297679423168120e+03 1.028554584744457989e-02 1.111672887745939306e+03 1.754719107958794339e+05 5.066275731761030188e-02
1.212727828208818892e+03 1.029884930499377557e-02 1.109333362245029775e+03 1.728347932100351318e+05 5.125562305734846641e-02
1.211160004837422093e+03 1.031216996940641575e-02 1.106998938045689329e+03 1.702294958082052763e+05 5.185700382106349371e-02
1.209594206689529301e+03 1.032550786293806241e-02 1.104669603553868001e+03 1.676561020117590087e+05 5.246703177929734618e-02
1.208030431149071774e+03 1.033886300787309823e-02 1.102345347203006668e+03 1.651136385224326514e+05 5.308582939328579386e-02
1.206468675603363408e+03 1.035223542652470054e-02 1.100026157453980886e+03 1.626029635748009896e+05 5.371352843306054919e-02
1.204908937443093009e+03 1.036562514123490902e-02 1.097712022795028361e+03 1.601226090128222713e+05 5.435026009915846362e-02
1.203351214062316558e+03 1.037903217437468641e-02 1.095402931741675502e+03 1.576733729308431793e+05 5.499615362448070921e-02
1.201795502858461077e+03 1.039245654834389417e-02 1.093098872836683540e+03 1.552542130465095397e+05 5.565134877509352734e-02
1.200241801232310308e+03 1.040589828557140183e-02 1.090799834649966215e+03 1.528653265616356221e+05 5.631597463998555542e-02
1.198690106588008803e+03 1.041935740851506614e-02 1.088505805778535432e+03 1.505063537467603746e+05 5.699017657839020035e-02
1.197140416333055555e+03 1.043283393966178314e-02 1.086216774846432600e+03 1.481768303813174134e+05 5.767408623362531295e-02
1.195592727878293545e+03 1.044632790152756618e-02 1.083932730504651090e+03 1.458770305238401634e+05 5.836785202122771188e-02
1.194047038637915193e+03 1.045983931665751647e-02 1.081653661431085993e+03 1.436058825300463941e+05 5.907161093758617892e-02
1.192503346029449403e+03 1.047336820762592539e-02 1.079379556330454534e+03 1.413642522308948683e+05 5.978551145240448839e-02
1.190961647473763605e+03 1.048691459703626067e-02 1.077110403934239230e+03 1.391506078004779120e+05 6.050969859853876087e-02
1.189421940395056481e+03 1.050047850752122182e-02 1.074846193000618996e+03 1.369660210572990763e+05 6.124431926475989302e-02
1.187884222220851598e+03 1.051405996174281307e-02 1.072586912314397978e+03 1.348090280446113029e+05 6.198952694900309451e-02
1.186348490381998772e+03 1.052765898239231036e-02 1.070332550686951436e+03 1.326803489480638818e+05 6.274546767419923732e-02
1.184814742312663611e+03 1.054127559219037412e-02 1.068083096956148438e+03 1.305790029268179496e+05 6.351230238510442716e-02
1.183282975450327967e+03 1.055490981388703016e-02 1.065838539986295928e+03 1.285052581332032714e+05 6.429017734801870110e-02
1.181753187235784708e+03 1.056856167026172175e-02 1.063598868668070509e+03 1.264585545480800502e+05 6.507925947061947436e-02
1.180225375113128621e+03 1.058223118412339112e-02 1.061364071918447962e+03 1.244387665535020351e+05 6.587969729075435210e-02
1.178699536529760735e+03 1.059591837831043958e-02 1.059134138680650949e+03 1.224457131897998479e+05 6.669166158245086462e-02
1.177175668936375359e+03 1.060962327569084547e-02 1.056909057924070339e+03 1.204789069884371711e+05 6.751530452048835895e-02
1.175653769786962584e+03 1.062334589916213816e-02 1.054688818644212688e+03 1.185385081290371018e+05 6.835080025662600145e-02
1.174133836538801461e+03 1.063708627165146393e-02 1.052473409862630888e+03 1.166237215262526151e+05 6.919830490416872815e-02
1.172615866652452496e+03 1.065084441611564847e-02 1.050262820626856183e+03 1.147349848033405142e+05 7.005799524143366264e-02
1.171099857591760156e+03 1.066462035554117602e-02 1.048057040010343826e+03 1.128712520625089383e+05 7.093003233625699844e-02
1.169585806823841949e+03 1.067841411294429693e-02 1.045856057112399640e+03 1.110331971531259478e+05 7.181459483492841356e-02
1.168073711819089112e+03 1.069222571137100342e-02 1.043659861058123624e+03 1.092195593415932963e+05 7.271184891186148469e-02
1.166563570051161378e+03 1.070605517389709542e-02 1.041468440998345159e+03 1.074312023057054757e+05 7.362197546103728396e-02
1.165055378996978106e+03 1.071990252362825004e-02 1.039281786109553423e+03 1.056667112527303689e+05 7.454514512486536126e-02
1.163549136136722382e+03 1.073376778369998681e-02 1.037099885593845102e+03 1.039270769736358052e+05 7.548154115533800557e-02
1.162044838953827821e+03 1.074765097727779263e-02 1.034922728678850035e+03 1.022107818039564299e+05 7.643133909832106054e-02
1.160542484934981985e+03 1.076155212755708530e-02 1.032750304617678694e+03 1.005189042029220000e+05 7.739472437083362577e-02
1.159042071570119333e+03 1.077547125776328468e-02 1.030582602688855559e+03 9.884986530247675546e+04 7.837187641882228939e-02
1.157543596352413033e+03 1.078940839115187858e-02 1.028419612196250910e+03 9.720477656810013286e+04 7.936298436837917192e-02
1.156047056778279057e+03 1.080336355100839502e-02 1.026261322469030574e+03 9.558206209621633752e+04 8.036823049489760784e-02
1.154552450347362765e+03 1.081733676064852018e-02 1.024107722861580442e+03 9.398280768901876581e+04 8.138780759845255786e-02
1.153059774562542543e+03 1.083132804341806719e-02 1.021958802753455871e+03 9.240548466693845694e+04 8.242190093335224899e-02
1.151569026929922984e+03 1.084533742269304379e-02 1.019814551549315979e+03 9.085111636578525940e+04 8.347070739528519856e-02
1.150080204958826016e+03 1.085936492187972516e-02 1.017674958678855205e+03 8.931826675175060518e+04 8.453441392092232720e-02
1.148593306161795908e+03 1.087341056441461749e-02 1.015540013596755216e+03 8.780783704826426401e+04 8.561322273813354311e-02
1.147108328054585854e+03 1.088747437376457947e-02 1.013409705782609649e+03 8.631854746358108241e+04 8.670732169700180736e-02
1.145625268156160473e+03 1.090155637342679618e-02 1.011284024740873747e+03 8.485112441784438852e+04 8.781691814734222945e-02
1.144144123988689898e+03 1.091565658692884161e-02 1.009162960000798876e+03 8.340448370481295569e+04 8.894220112495901387e-02
1.142664893077541592e+03 1.092977503782874976e-02 1.007046501116367949e+03 8.197914067454697215e+04 9.008338337593019274e-02
1.141187572951283755e+03 1.094391174971498862e-02 1.004934637666244271e+03 8.057425360685351188e+04 9.124065421795664321e-02
1.139712161141673278e+03 1.095806674620656944e-02 1.002827359253699228e+03 7.919006728331561317e+04 9.241423187121998450e-02
1.138238655183658238e+03 1.097224005095302768e-02 1.000724655506563067e+03 7.782604180382657796e+04 9.360430633424750291e-02
1.136767052615370176e+03 1.098643168763448891e-02 9.986265160771577030e+02 7.648210546538566996e+04 9.481110012296498080e-02
1.135297350978119084e+03 1.100064167996172952e-02 9.965329306422362379e+02 7.515805494367158099e+04 9.603480523678882552e-02
1.133829547816393870e+03 1.101487005167616287e-02 9.944438889029296433e+02 7.385346643299869902e+04 9.727564718778841657e-02
1.132363640677852118e+03 1.102911682654994160e-02 9.923593805846772966e+02 7.256851993498946831e+04 9.853382083855016793e-02
1.130899627113321230e+03 1.104338202838594206e-02 9.902793954371759355e+02 7.130238380329642678e+04 9.980955270748359531e-02
1.129437504676793196e+03 1.105766568101782150e-02 9.882039232343175854e+02 7.005567335606474080e+04 1.011030435983849146e-01
1.127977270925416406e+03 1.107196780831009968e-02 9.861329537741253262e+02 6.882711047939560376e+04 1.024145168737271433e-01
1.126518923419498378e+03 1.108628843415812061e-02 9.840664768787027015e+02 6.761777643555236864e+04 1.037441832114915363e-01
1.125062459722494623e+03 1.110062758248817234e-02 9.820044823941656205e+02 6.642610550974405487e+04 1.050922593615649103e-01
1.123607877401010683e+03 1.111498527725746435e-02 9.799469601905915397e+02 6.525310924032182811e+04 1.064589680508050279e-01
1.122155174024795542e+03 1.112936154245418828e-02 9.778939001619568216e+02 6.409755609134792758e+04 1.078445181473866726e-01
1.120704347166734578e+03 1.114375640209759426e-02 9.758452922260750029e+02 6.295996591409036046e+04 1.092491432026957976e-01
1.119255394402851834e+03 1.115816988023796141e-02 9.738011263245462033e+02 6.183969910043955315e+04 1.106730467509540738e-01
1.117808313312299560e+03 1.117260200095671063e-02 9.717613924226902782e+02 6.073666656540368422e+04 1.121164687315150676e-01
1.116363101477358896e+03 1.118705278836638548e-02 9.697260805094955458e+02 5.965085865833590651e+04 1.135796129579877550e-01
1.114919756483434639e+03 1.120152226661071462e-02 9.676951805975581919e+02 5.858154888294694683e+04 1.150627186729470675e-01
1.113478275919047974e+03 1.121601045986468301e-02 9.656686827230207655e+02 5.752938522873602051e+04 1.165659970638230764e-01
1.112038657375838511e+03 1.123051739233450405e-02 9.636465769455227246e+02 5.649308449336434569e+04 1.180896794625554830e-01
1.110600898448552925e+03 1.124504308825774457e-02 9.616288533481322247e+02 5.547364654886761127e+04 1.196339920200781420e-01
1.109164996735048135e+03 1.125958757190328487e-02 9.596155020372990521e+02 5.446979748888773611e+04 1.211991513546737953e-01
1.107730949836282889e+03 1.127415086757140722e-02 9.576065131427913002e+02 5.348203077430959820e+04 1.227853988220229398e-01
1.106298755356315723e+03 1.128873299959381495e-02 9.556018768176408003e+02 5.250984500245504023e+04 1.243929414051259397e-01
1.104868410902298365e+03 1.130333399233370006e-02 9.536015832380822985e+02 5.155295275712301373e+04 1.260220261728600966e-01
1.103439914084473003e+03 1.131795387018576932e-02 9.516056226034987731e+02 5.061164816657183837e+04 1.276728620282644444e-01
1.102013262516171608e+03 1.133259265757625804e-02 9.496139851363692514e+02 4.968488237441924866e+04 1.293456886076267132e-01
1.100588453813807291e+03 1.134725037896300998e-02 9.476266610822051462e+02 4.877365377859264117e+04 1.310407304256935024e-01
1.099165485596873623e+03 1.136192705883548593e-02 9.456436407094997776e+02 4.787663115938469855e+04 1.327582083316704575e-01
1.097744355487936900e+03 1.137662272171484877e-02 9.436649143096648231e+02 4.699432719748729869e+04 1.344983655569079728e-01
1.096325061112634785e+03 1.139133739215397213e-02 9.416904721969802949e+02 4.612629707542817050e+04 1.362614089193939504e-01
1.094907600099673573e+03 1.140607109473747161e-02 9.397203047085381513e+02 4.527215801062509854e+04 1.380475860292803558e-01
1.093491970080822284e+03 1.142082385408176547e-02 9.377544022041846574e+02 4.443237884520900116e+04 1.398571087461066009e-01
1.092078168690909024e+03 1.143559569483510417e-02 9.357927550664650198e+02 4.360587746587977017e+04 1.416902106633391445e-01
1.090666193567815526e+03 1.145038664167764841e-02 9.338353537005656335e+02 4.279340122676074679e+04 1.435471241499252371e-01
1.089256042352477380e+03 1.146519671932143963e-02 9.318821885342649693e+02 4.199406959824479418e+04 1.454280596487397270e-01
1.087847712688874481e+03 1.148002595251052319e-02 9.299332500178692271e+02 4.120791377125878353e+04 1.473332636968986420e-01
1.086441202224032395e+03 1.149487436602091885e-02 9.279885286241656104e+02 4.043503673007881298e+04 1.492629404114557967e-01
1.085036508608016675e+03 1.150974198466069021e-02 9.260480148483649145e+02 3.967458381453507900e+04 1.512173279743817267e-01
1.083633629493924900e+03 1.152462883327002099e-02 9.241116992080402497e+02 3.892736338532413356e+04 1.531966490158452598e-01
1.082232562537890772e+03 1.153953493672117865e-02 9.221795722430838396e+02 3.819232650205541722e+04 1.552011150204722079e-01
1.080833305399071151e+03 1.155446031991864790e-02 9.202516245156404011e+02 3.746965538279143220e+04 1.572309631561763232e-01
1.079435855739650151e+03 1.156940500779908565e-02 9.183278466100628066e+02 3.675935090787843365e+04 1.592864025501411485e-01
1.078040211224831182e+03 1.158436902533141293e-02 9.164082291328525116e+02 3.606064877199845068e+04 1.613676623570344804e-01
1.076646369522832174e+03 1.159935239751685651e-02 9.144927627126048719e+02 3.537429876040559611e+04 1.634749607057686127e-01
1.075254328304882620e+03 1.161435514938898711e-02 9.125814379999550283e+02 3.469933321818905097e+04 1.656085019436792649e-01
1.073864085245222896e+03 1.162937730601372802e-02 9.106742456675297035e+02 3.403583938484729151e+04 1.677685169824182365e-01
1.072475638021095392e+03 1.164441889248944012e-02 9.087711764098853564e+02 3.338395289632587082e+04 1.699552115492898030e-01
1.071088984312745424e+03 1.165947993394693058e-02 9.068722209434627075e+02 3.274288504643434499e+04 1.721688032342892916e-01
1.069704121803411454e+03 1.167456045554953435e-02 9.049773700065230742e+02 3.211321363205913804e+04 1.744095094512524424e-01
1.068321048179325771e+03 1.168966048249313328e-02 9.030866143591027821e+02 3.149427246614625619e+04 1.766775207749818055e-01
1.066939761129710860e+03 1.170478004000617342e-02 9.011999447829601877e+02 3.088584471456621759e+04 1.789730671681972474e-01
1.065560258346773026e+03 1.171991915334974835e-02 8.993173520815182655e+02 3.028840333777925116e+04 1.812963382051243633e-01
1.064182537525700809e+03 1.173507784781760953e-02 8.974388270798148142e+02 2.970103113574000963e+04 1.836475394254102889e-01
1.062806596364657025e+03 1.175025614873625654e-02 8.955643606244454986e+02 2.912404346520993931e+04 1.860268876250576464e-01
1.061432432564781948e+03 1.176545408146490411e-02 8.936939435835182621e+02 2.855726252945541637e+04 1.884345595374042059e-01
1.060060043830181257e+03 1.178067167139561049e-02 8.918275668465920489e+02 2.800012178025085814e+04 1.908707679929202150e-01
1.058689427867929226e+03 1.179590894395324101e-02 8.899652213246317842e+02 2.745319662281469209e+04 1.933357092316777548e-01
1.057320582388062348e+03 1.181116592459555137e-02 8.881068979499542593e+02 2.691576486192271113e+04 1.958295590154818244e-01
1.055953505103571615e+03 1.182644263881325181e-02 8.862525876761698100e+02 2.638766114641726381e+04 1.983525289458065999e-01
1.054588193730406829e+03 1.184173911212998281e-02 8.844022814781411626e+02 2.586935846934434085e+04 2.009047904594094547e-01
1.053224645987463873e+03 1.185705537010243830e-02 8.825559703519204504e+02 2.536000340945303833e+04 2.034865264024627585e-01
1.051862859596588123e+03 1.187239143832033612e-02 8.807136453147055590e+02 2.485976736101816277e+04 2.060979373265854342e-01
1.050502832282568306e+03 1.188774734240649264e-02 8.788752974047869202e+02 2.436870255631902182e+04 2.087391771971075227e-01
1.049144561773128089e+03 1.190312310801689734e-02 8.770409176814891907e+02 2.388619043564081585e+04 2.114104321457374591e-01
1.047788045798931535e+03 1.191851876084067986e-02 8.752104972251310073e+02 2.341255613516591984e+04 2.141118857841513845e-01
1.046433282093569460e+03 1.193393432660023838e-02 8.733840271369634820e+02 2.294752149160858244e+04 2.168436718783701145e-01
1.045080268393563301e+03 1.194936983105121184e-02 8.715614985391263190e+02 2.249065712510403318e+04 2.196059972386765202e-01
1.043729002438358293e+03 1.196482529998254933e-02 8.697429025745939271e+02 2.204240011813306410e+04 2.223990122295405047e-01
1.042379481970317102e+03 1.198030075921658819e-02 8.679282304071218732e+02 2.160222632340632481e+04 2.252228569447265738e-01
1.041031704734722098e+03 1.199579623460902272e-02 8.661174732212023173e+02 2.116985273813514141e+04 2.280777061433384434e-01
1.039685668479764672e+03 1.201131175204903090e-02 8.643106222220064865e+02 2.074578980634337859e+04 2.309637070024668781e-01
1.038341370956547962e+03 1.202684733745924481e-02 8.625076686353405648e+02 2.032934566947102940e+04 2.338809923639291743e-01
1.036998809919078667e+03 1.204240301679583569e-02 8.607086037075908962e+02 1.992034626216705874e+04 2.368297262404386594e-01
1.035657983124265911e+03 1.205797881604853648e-02 8.589134187056766905e+02 1.951933289920667448e+04 2.398100383784002587e-01
1.034318888331914877e+03 1.207357476124071467e-02 8.571221049169967046e+02 1.912552500001326916e+04 2.428220547392321849e-01
1.032981523304723169e+03 1.208919087842940353e-02 8.553346536493785379e+02 1.873884866642851921e+04 2.458659266136766774e-01
1.031645885808282173e+03 1.210482719370530730e-02 8.535510562310370233e+02 1.835975304331698499e+04 2.489417682323041836e-01
1.030311973611067060e+03 1.212048373319289662e-02 8.517713040105148821e+02 1.798752530810955795e+04 2.520496956352132334e-01
1.028979784484437232e+03 1.213616052305041375e-02 8.499953883566390687e+02 1.762209747551875626e+04 2.551898458551544180e-01
1.027649316202628825e+03 1.215185758946995924e-02 8.482233006584664281e+02 1.726388854530358003e+04 2.583623207877769890e-01
1.026320566542753340e+03 1.216757495867751108e-02 8.464550323252371982e+02 1.691222186665429763e+04 2.615672223279319475e-01
1.024993533284795149e+03 1.218331265693294724e-02 8.446905747863274883e+02 1.656700778268028080e+04 2.648046738416845458e-01
1.023668214211605573e+03 1.219907071053011847e-02 8.429299194911975519e+02 1.622869117348806867e+04 2.680747644377609595e-01
1.022344607108901073e+03 1.221484914579687615e-02 8.411730579093446067e+02 1.589660290468888161e+04 2.713775800160588281e-01
1.021022709765256195e+03 1.223064798909514334e-02 8.394199815302498564e+02 1.557064562810613279e+04 2.747132291096576751e-01
1.019702519972101982e+03 1.224646726682094601e-02 8.376706818633330158e+02 1.525122438071743636e+04 2.780817906554073904e-01
1.018384035523724719e+03 1.226230700540442177e-02 8.359251504379060407e+02 1.493776777743414095e+04 2.814833311306385033e-01
1.017067254217258665e+03 1.227816723130990828e-02 8.341833788031206041e+02 1.463014344395614717e+04 2.849179430710048200e-01
1.015752173852684678e+03 1.229404797103596063e-02 8.324453585279221670e+02 1.432866168586245476e+04 2.883856971098847644e-01
1.014438792232823175e+03 1.230994925111543112e-02 8.307110812009974552e+02 1.403292537797312070e+04 2.918866385470075264e-01
1.013127107163333449e+03 1.232587109811548835e-02 8.289805384307312579e+02 1.374273390855099024e+04 2.954208424196020366e-01
1.011817116452710820e+03 1.234181353863763805e-02 8.272537218451574290e+02 1.345828488873775314e+04 2.989883715752526538e-01
1.010508817912280392e+03 1.235777659931781153e-02 8.255306230919093196e+02 1.317939224049163931e+04 3.025892510462849239e-01
1.009202209356195567e+03 1.237376030682637434e-02 8.238112338381746440e+02 1.290576804879771953e+04 3.062235364098758184e-01
1.007897288601431569e+03 1.238976468786821133e-02 8.220955457706434117e+02 1.263748194195379438e+04 3.098912785368098666e-01
1.006594053467783283e+03 1.240578976918274741e-02 8.203835505954623386e+02 1.237459038815538224e+04 3.135924891328236708e-01
1.005292501777863890e+03 1.242183557754397184e-02 8.186752400381911912e+02 1.211670178515410407e+04 3.173271993268313440e-01
1.003992631357098162e+03 1.243790213976051287e-02 8.169706058437511729e+02 1.186374499411528268e+04 3.210954459230720426e-01
1.002694440033720866e+03 1.245398948267566371e-02 8.152696397763800178e+02 1.161604540576815816e+04 3.248972336041169306e-01
1.001397925638770289e+03 1.247009763316745887e-02 8.135723336195817410e+02 1.137309387756707656e+04 3.287325636284208485e-01
1.000103086006086301e+03 1.248622661814869847e-02 8.118786791760809365e+02 1.113481192724261564e+04 3.326014555439685827e-01
9.988099189723087648e+02 1.250237646456696730e-02 8.101886682677803719e+02 1.090138407601190374e+04 3.365039124051896757e-01
9.975184223768715128e+02 1.251854719940471636e-02 8.085022927357092613e+02 1.067260354473713960e+04 3.404399062013975796e-01
9.962285940619995017e+02 1.253473884967928713e-02 8.068195444399788130e+02 1.044825134460990193e+04 3.444094356673758628e-01
9.949404318727036980e+02 1.255095144244298445e-02 8.051404152597333450e+02 1.022833206550654359e+04 3.484124953369062139e-01
9.936539336567786904e+02 1.256718500478310602e-02 8.034648970931054919e+02 1.001298818257370840e+04 3.524490433634913655e-01
9.923690972648008710e+02 1.258343956382195969e-02 8.017929818571728902e+02 9.801841448247938388e+03 3.565190485255688713e-01
9.910859205501220686e+02 1.259971514671694853e-02 8.001246614879074741e+02 9.594820778128814709e+03 3.606224878051841332e-01
9.898044013688681844e+02 1.261601178066058468e-02 7.984599279401328431e+02 9.392100989571443279e+03 3.647593218230069101e-01
9.885245375799324847e+02 1.263232949288058127e-02 7.967987731874748079e+02 9.193466096417581866e+03 3.689294860206855931e-01
9.872463270449742367e+02 1.264866831063985939e-02 7.951411892223172799e+02 8.998738990163123162e+03 3.731329359052744654e-01
9.859697676284164345e+02 1.266502826123658623e-02 7.934871680557596392e+02 8.807888363381631279e+03 3.773696251589968020e-01
9.846948571974397737e+02 1.268140937200424624e-02 7.918367017175668252e+02 8.621101582306540877e+03 3.816394740321394363e-01
9.834215936219810601e+02 1.269781167031166710e-02 7.901897822561275007e+02 8.438013774631905108e+03 3.859424083871506039e-01
9.821499747747267293e+02 1.271423518356309436e-02 7.885464017384042563e+02 8.258560241730398047e+03 3.902783622386297169e-01
9.808799985311113687e+02 1.273067993919822262e-02 7.869065522498908649e+02 8.082814147073594540e+03 3.946472614508089727e-01
9.796116627693154442e+02 1.274714596469221292e-02 7.852702258945701033e+02 7.910740204253580487e+03 3.990490000492595279e-01
9.783449653702592741e+02 1.276363328755577599e-02 7.836374147948640712e+02 7.742103826960204060e+03 4.034834866030722056e-01
9.770799042176017792e+02 1.278014193533519131e-02 7.820081110915930367e+02 7.576844334426776186e+03 4.079506348976407737e-01
9.758164771977336613e+02 1.279667193561239216e-02 7.803823069439264373e+02 7.415099786456922629e+03 4.124503406136788564e-01
9.745546821997756979e+02 1.281322331600498639e-02 7.787599945293408155e+02 7.256691977976499402e+03 4.169824735516920455e-01
9.732945171155774915e+02 1.282979610416627725e-02 7.771411660435770727e+02 7.101475823933528773e+03 4.215469284593335031e-01
9.720359798397106488e+02 1.284639032778535014e-02 7.755258137005936305e+02 6.949394852423007251e+03 4.261435921037716179e-01
9.707790682694674160e+02 1.286300601458709170e-02 7.739139297325233429e+02 6.800616960670181470e+03 4.307723345164849449e-01
9.695237803048546539e+02 1.287964319233226955e-02 7.723055063896267711e+02 6.654890894323491921e+03 4.354330080760487887e-01
9.682701138485915635e+02 1.289630188881755665e-02 7.707005359402494378e+02 6.512126027140689075e+03 4.401254843853247833e-01
9.670180668061083225e+02 1.291298213187556075e-02 7.690990106707808991e+02 6.372268803964464496e+03 4.448496288823142741e-01
9.657676370855400592e+02 1.292968394937489378e-02 7.675009228856075651e+02 6.235487894935545228e+03 4.496052860625098790e-01
9.645188225977248067e+02 1.294640736922020481e-02 7.659062649070704083e+02 6.101519809200477539e+03 4.543922905395063605e-01
9.632716212561963403e+02 1.296315241935227201e-02 7.643150290754171010e+02 5.970295977233658050e+03 4.592104911367727582e-01
9.620260309771878156e+02 1.297991912774796100e-02 7.627272077487674551e+02 5.841765701261351751e+03 4.640597323940331420e-01
9.607820496796196039e+02 1.299670752242037576e-02 7.611427933030587383e+02 5.716076023322974834e+03 4.689398385656838308e-01
9.595396752851040674e+02 1.301351763141881009e-02 7.595617781320131598e+02 5.592998757106593985e+03 4.738506231357099696e-01
9.582989057179372594e+02 1.303034948282884471e-02 7.579841546470883031e+02 5.472461988185842529e+03 4.787919140856155553e-01
9.570597389050943775e+02 1.304720310477241844e-02 7.564099152774325603e+02 5.354418962562752313e+03 4.837635345687218980e-01
9.558221727762321507e+02 1.306407852540779346e-02 7.548390524698503441e+02 5.238973815803690741e+03 4.887652919609476454e-01
9.545862052636776980e+02 1.308097577292970451e-02 7.532715586887480868e+02 5.125974592897815455e+03 4.937969802665485575e-01
9.533518343024319392e+02 1.309789487556931552e-02 7.517074264161016117e+02 5.015325664577512725e+03 4.988584055275553375e-01
9.521190578301630012e+02 1.311483586159430635e-02 7.501466481514081579e+02 4.906983268181101266e+03 5.039493708958204810e-01
9.508878737872007605e+02 1.313179875930895260e-02 7.485892164116426102e+02 4.800992392260947781e+03 5.090696713518948480e-01
9.496582801165387764e+02 1.314878359705409262e-02 7.470351237312207786e+02 4.697311185337985080e+03 5.142190784975234630e-01
9.484302747638245137e+02 1.316579040320726805e-02 7.454843626619496035e+02 4.595802366574806001e+03 5.193973780215958014e-01
9.472038556773615028e+02 1.318281920618268911e-02 7.439369257729915716e+02 4.496424250268744800e+03 5.246043537207869534e-01
9.459790208081037690e+02 1.319987003443131787e-02 7.423928056508204918e+02 4.399152091364834632e+03 5.298397883032465172e-01
9.447557681096494662e+02 1.321694291644094806e-02 7.408519948991751107e+02 4.304078533944832998e+03 5.351034404462599037e-01
9.435340955382436050e+02 1.323403788073617728e-02 7.393144861390255755e+02 4.211010482375073479e+03 5.403950708030430539e-01
9.423140010527677077e+02 1.325115495587854235e-02 7.377802720085215924e+02 4.119909415540848386e+03 5.457144478769522244e-01
9.410954826147428776e+02 1.326829417046648286e-02 7.362493451629613901e+02 4.030737978738603033e+03 5.510613409926033990e-01
9.398785381883217269e+02 1.328545555313544700e-02 7.347216982747409020e+02 3.943541899363383891e+03 5.564355049440002920e-01
9.386631657402883775e+02 1.330263913255790020e-02 7.331973240333195463e+02 3.858262208112557346e+03 5.618366620748382889e-01
9.374493632400509568e+02 1.331984493744342579e-02 7.316762151451719092e+02 3.774797146668433925e+03 5.672645728728104020e-01
9.362371286596413711e+02 1.333707299653873191e-02 7.301583643337514786e+02 3.693111127655604378e+03 5.727189860996002579e-01
9.350264599737118942e+02 1.335432333862769140e-02 7.286437643394475572e+02 3.613169325557698812e+03 5.781996473844989159e-01
9.338173551595309618e+02 1.337159599253141470e-02 7.271324079195462673e+02 3.535053323084756357e+03 5.837062894249733791e-01
9.326098121969802150e+02 1.338889098710827757e-02 7.256242878481866683e+02 3.458626228924685165e+03 5.892386364196978699e-01
9.314038290685492711e+02 1.340620835125400784e-02 7.241193969163202837e+02 3.383837941398888688e+03 5.947964241446699329e-01
9.301994037593339044e+02 1.342354811390170620e-02 7.226177279316708564e+02 3.310656636438929581e+03 6.003793849906500224e-01
9.289965342570343410e+02 1.344091030402186880e-02 7.211192737186958084e+02 3.239052566952273082e+03 6.059872479878062324e-01
9.277952185519490058e+02 1.345829495062248263e-02 7.196240271185424717e+02 3.169106561943109682e+03 6.116197286026102686e-01
9.265954546369734999e+02 1.347570208274903245e-02 7.181319809890104580e+02 3.100669564571530827e+03 6.172765402156303871e-01
9.253972405075944607e+02 1.349313172948460142e-02 7.166431282045076614e+02 3.033711370639734923e+03 6.229574033821505541e-01
9.242005741618876300e+02 1.351058391994988499e-02 7.151574616560116056e+02 2.968202142223759893e+03 6.286620352679795909e-01
9.230054536005162618e+02 1.352805868330322556e-02 7.136749742510318129e+02 2.904113188134288976e+03 6.343901437545633737e-01
9.218118768267258929e+02 1.354555604874068363e-02 7.121956589135672857e+02 2.841516107760231989e+03 6.401414569642825958e-01
9.206198418463417283e+02 1.356307604549607596e-02 7.107195085840673983e+02 2.780281363012071779e+03 6.459156627275792761e-01
9.194293466677634115e+02 1.358061870284105362e-02 7.092465162193892638e+02 2.720378960884588651e+03 6.517124708127499666e-01
9.182403893019634324e+02 1.359818405008512456e-02 7.077766747927611277e+02 2.661782079495595553e+03 6.575315883956246443e-01
9.170529677624849683e+02 1.361577211657568655e-02 7.063099772937431453e+02 2.604463693095803137e+03 6.633727209935406099e-01
9.158670800654363120e+02 1.363338293169810526e-02 7.048464167281853179e+02 2.548462910455571546e+03 6.692355679399853985e-01
9.146827242294896223e+02 1.365101652487574202e-02 7.033859861181907718e+02 2.493712186546972589e+03 6.751198183519424578e-01
9.134998982758744432e+02 1.366867292557003878e-02 7.019286785020722164e+02 2.440159999439195872e+03 6.810251728571955487e-01
9.123186002283764537e+02 1.368635216328054592e-02 7.004744869343155642e+02 2.387781924487985179e+03 6.869513304085690386e-01
9.111388281133358760e+02 1.370405426754493956e-02 6.990234044855427555e+02 2.336554109233629788e+03 6.928979873546442514e-01
9.099605799596414499e+02 1.372177926793911526e-02 6.975754242424687845e+02 2.286469950268942284e+03 6.988648404154225169e-01
9.087838537987287282e+02 1.373952719407721228e-02 6.961305393078654333e+02 2.237548350001405652e+03 7.048515763812144286e-01
9.076086476645748462e+02 1.375729807561169513e-02 6.946887428005193215e+02 2.189704088240873716e+03 7.108578828731679788e-01
9.064349595936964761e+02 1.377509194223337959e-02 6.932500278551952988e+02 2.142914501282020865e+03 7.168834524817214726e-01
9.052627876251478938e+02 1.379290882367146392e-02 6.918143876225991562e+02 2.097157672370688942e+03 7.229279801256258686e-01
9.040921298005160907e+02 1.381074874969360523e-02 6.903818152693366983e+02 2.052412398304365070e+03 7.289911530110427806e-01
9.029229841639182723e+02 1.382861175010595585e-02 6.889523039778767952e+02 2.008687936565441760e+03 7.350726432522093345e-01
9.017553487619966290e+02 1.384649785475324142e-02 6.875258469465103417e+02 1.965967294754359273e+03 7.411721709896355037e-01
9.005892216439166305e+02 1.386440709351878693e-02 6.861024373893131951e+02 1.924193225619568011e+03 7.472894101543388068e-01
8.994246008613653203e+02 1.388233949632454965e-02 6.846820685361111600e+02 1.883345553732455301e+03 7.534240461363670427e-01
8.982614844685455182e+02 1.390029509313119721e-02 6.832647336324379239e+02 1.843404665831319562e+03 7.595757688735299551e-01
8.970998705221745695e+02 1.391827391393813708e-02 6.818504259394995870e+02 1.804351688268291809e+03 7.657442447190702106e-01
8.959397570814782057e+02 1.393627598878359984e-02 6.804391387341333939e+02 1.766189135447991248e+03 7.719291999392868808e-01
8.947811422081891806e+02 1.395430134774467562e-02 6.790308653087718085e+02 1.728910527586206854e+03 7.781303078517998184e-01
8.936240239665459058e+02 1.397235002093732276e-02 6.776255989714077259e+02 1.692462083476515545e+03 7.843472503110539007e-01
8.924684004232858570e+02 1.399042203851647362e-02 6.762233330455522946e+02 1.656825919239021459e+03 7.905797150272687590e-01
8.913142696476452329e+02 1.400851743067604155e-02 6.748240608702006966e+02 1.621984510491229457e+03 7.968273946457116175e-01
8.901616297113523615e+02 1.402663622764902494e-02 6.734277757997912204e+02 1.587921073712368752e+03 8.030899792041744645e-01
8.890104786886263355e+02 1.404477845970752287e-02 6.720344712041697903e+02 1.554618923506201554e+03 8.093671599081595502e-01
8.878608146561755348e+02 1.406294415716276627e-02 6.706441404685543830e+02 1.522104634629495877e+03 8.156586106546666048e-01
8.867126356931921691e+02 1.408113335036519781e-02 6.692567769934966009e+02 1.490320457792947991e+03 8.219640313323419711e-01
8.855659398813501184e+02 1.409934606970451171e-02 6.678723741948438146e+02 1.459247258252916708e+03 8.282831319192410779e-01
8.844207253047998165e+02 1.411758234560972491e-02 6.664909255037014191e+02 1.428869427663142915e+03 8.346155902117368131e-01
8.832769900501664324e+02 1.413584220854921872e-02 6.651124243663973630e+02 1.399172053272644234e+03 8.409611023445411337e-01
8.821347322065481649e+02 1.415412568903075437e-02 6.637368642444465650e+02 1.370140441423498032e+03 8.473193509027026060e-01
8.809939498655111265e+02 1.417243281760156501e-02 6.623642386145122600e+02 1.341761304050535500e+03 8.536900534446184574e-01
8.798546411210872975e+02 1.419076362484837997e-02 6.609945409683710977e+02 1.314055324610512798e+03 8.600729098605724987e-01
8.787168040697690685e+02 1.420911814139751671e-02 6.596277648128730107e+02 1.286970604674141441e+03 8.664676050469187762e-01
8.775804368105074218e+02 1.422749639791490682e-02 6.582639036699076769e+02 1.260493290941618625e+03 8.728738395998205668e-01
8.764455374447110216e+02 1.424589842510611860e-02 6.569029510763695043e+02 1.234610140786427337e+03 8.792913184428100548e-01
8.753121040762399616e+02 1.426432425371644552e-02 6.555449005841186363e+02 1.209308225539666864e+03 8.857197447003705149e-01
8.741801348114046277e+02 1.428277391453093917e-02 6.541897457599469590e+02 1.184574385443155506e+03 8.921588239197053571e-01
8.730496277589596730e+02 1.430124743837449079e-02 6.528374801855386522e+02 1.160396231125324221e+03 8.986082487932077756e-01
8.719205810301032216e+02 1.431974485611186426e-02 6.514880974574369930e+02 1.136780358678549646e+03 9.050677478520344765e-01
8.707929927384743678e+02 1.433826619864771515e-02 6.501415911870092259e+02 1.113706171021418186e+03 9.115370279409212850e-01
8.696668610001482875e+02 1.435681149692668787e-02 6.487979550004088196e+02 1.091149973706249284e+03 9.180157955077112852e-01
8.685421839336346466e+02 1.437538078193343477e-02 6.474571825385411330e+02 1.069100422774715980e+03 9.245037631595863781e-01
8.674189596598710068e+02 1.439397408469272541e-02 6.461192674570248755e+02 1.047545982596559725e+03 9.310006479651877775e-01
8.662971863022251000e+02 1.441259143626940492e-02 6.447842034261612980e+02 1.026475583737847273e+03 9.375061679338145826e-01
8.651768619864860739e+02 1.443123286776854843e-02 6.434519841308937202e+02 1.005878583775380662e+03 9.440200430611355165e-01
8.640579848408661974e+02 1.444989841033542631e-02 6.421226032707767217e+02 9.857441698923728381e+02 9.505419846414951968e-01
8.629405529959957448e+02 1.446858809515558925e-02 6.407960545599393072e+02 9.660738235936445335e+02 9.570717299085784724e-01
8.618245645849170842e+02 1.448730195345496706e-02 6.394723317270460257e+02 9.468563213162865395e+02 9.636090073518426280e-01
8.607100177430876329e+02 1.450604001649982190e-02 6.381514285152693446e+02 9.280697328976112885e+02 9.701535368218147104e-01
8.595969106083699671e+02 1.452480231559691130e-02 6.368333386822459943e+02 9.097041636404956080e+02 9.767050483261864313e-01
8.584852413210347777e+02 1.454358888209344135e-02 6.355180560000501373e+02 8.917503519153540310e+02 9.832632773426233097e-01
8.573750080237546172e+02 1.456239974737716901e-02 6.342055742551543744e+02 8.741988279956073029e+02 9.898279572728887477e-01
8.562662088615992388e+02 1.458123494287648196e-02 6.328958872483929099e+02 8.570403794044990491e+02 9.963988252563720227e-01
8.551588419820373019e+02 1.460009450006037254e-02 6.315889887949330159e+02 8.402662153341019575e+02 1.002975612906658043e+00
8.540529055349275040e+02 1.461897845043858002e-02 6.302848727242335372e+02 8.238675599445568878e+02 1.009558074232180136e+00
8.529483976725207413e+02 1.463788682556156628e-02 6.289835328800163552e+02 8.078441964051118021e+02 1.016145963827537191e+00
8.518453165494546511e+02 1.465681965702059567e-02 6.276849631202297815e+02 7.921874884711996856e+02 1.022739015878516566e+00
8.507436603227487240e+02 1.467577697644783380e-02 6.263891573170113816e+02 7.768802275747885915e+02 1.029336979376922256e+00
8.496434271518054402e+02 1.469475881551631120e-02 6.250961093566590989e+02 7.619142359529735131e+02 1.035939607228341997e+00
8.485446151984024254e+02 1.471376520594007073e-02 6.238058131395920327e+02 7.472818592613460851e+02 1.042546654678597084e+00
8.474472226266937014e+02 1.473279617947414154e-02 6.225182625803199699e+02 7.329754226467083527e+02 1.049157879293492357e+00
8.463512476032042287e+02 1.475185176791463451e-02 6.212334516074085968e+02 7.189872992907022535e+02 1.055773041444185933e+00
8.452566882968280879e+02 1.477093200309877175e-02 6.199513741634453936e+02 7.053102559659168946e+02 1.062391904033327616e+00
8.441635428788229092e+02 1.479003691690498543e-02 6.186720242050038223e+02 6.919371940008471711e+02 1.069014232341765736e+00
8.430718095228088487e+02 1.480916654125293344e-02 6.173953957026116086e+02 6.788608326195374048e+02 1.075639794963089146e+00
8.419814864047666561e+02 1.482832090810353755e-02 6.161214826407186820e+02 6.660769964211351635e+02 1.082268370497381227e+00
8.408925717030326723e+02 1.484750004945906837e-02 6.148502790176612507e+02 6.535856795776820718e+02 1.088899718696430430e+00
8.398050635982967833e+02 1.486670399736317837e-02 6.135817788456292874e+02 6.413703249612717627e+02 1.095533614346716700e+00
8.387189602735977587e+02 1.488593278390098855e-02 6.123159761506317409e+02 6.294246247800471110e+02 1.102169840951037871e+00
8.376342599143212055e+02 1.490518644119912146e-02 6.110528649724636807e+02 6.177423924138278153e+02 1.108808180046632508e+00
8.365509607081983177e+02 1.492446500142572720e-02 6.097924393646761700e+02 6.063173899041688628e+02 1.115448415834457752e+00
8.354690608453005325e+02 1.494376849679057359e-02 6.085346933945393175e+02 5.951436477638495717e+02 1.122090334688828017e+00
8.343885585180381668e+02 1.496309695954507572e-02 6.072796211430121502e+02 5.842154376197130432e+02 1.128733727489956706e+00
8.333094519211546185e+02 1.498245042198238959e-02 6.060272167047054381e+02 5.735267790966215671e+02 1.135378385810610569e+00
8.322317392517255712e+02 1.500182891643744333e-02 6.047774741878525901e+02 5.630722311007053804e+02 1.142024105254636046e+00
8.311554187091567201e+02 1.502123247528695631e-02 6.035303877142769124e+02 5.528466088620092478e+02 1.148670682390070530e+00
8.300804884951793383e+02 1.504066113094953971e-02 6.022859514193568202e+02 5.428449000230151569e+02 1.155317918474655148e+00
8.290069468138481170e+02 1.506011491588572088e-02 6.010441594519957107e+02 5.330617856448918701e+02 1.161965623872450948e+00
8.279347918715361629e+02 1.507959386259804038e-02 5.998050059745852423e+02 5.234982275043206528e+02 1.168613588583161889e+00
8.268640218769335206e+02 1.509909800363107638e-02 5.985684851629761170e+02 5.141422221726975295e+02 1.175261621660538713e+00
8.257946350410455807e+02 1.511862737157147578e-02 5.973345912064465892e+02 5.049877790974129539e+02 1.181909537273611921e+00
8.247266295771879641e+02 1.513818199904804450e-02 5.961033183076677915e+02 4.960312167326566168e+02 1.188557157031927991e+00
8.236600037009851576e+02 1.515776191873177865e-02 5.948746606826731522e+02 4.872682883157467586e+02 1.195204294580158422e+00
8.225947556303647161e+02 1.517736716333595824e-02 5.936486125608237217e+02 4.786947495057984270e+02 1.201850768138584158e+00
8.215308835855564666e+02 1.519699776561617491e-02 5.924251681847781583e+02 4.703058975019052923e+02 1.208496398421032181e+00
8.204683857890905756e+02 1.521665375837036316e-02 5.912043218104613516e+02 4.620972629154127844e+02 1.215141009173381192e+00
8.194072604657925467e+02 1.523633517443888537e-02 5.899860677070313386e+02 4.540644991854244381e+02 1.221784427313734378e+00
8.183475058427817430e+02 1.525604204670457341e-02 5.887704001568482681e+02 4.462034413665065813e+02 1.228426482276621545e+00
8.172891201494661573e+02 1.527577440809281192e-02 5.875573134554408625e+02 4.385098301110865009e+02 1.235067006506375575e+00
8.162321016175409341e+02 1.529553229157157475e-02 5.863468019114754952e+02 4.309795006440324414e+02 1.241705835953949455e+00
8.151764484809866644e+02 1.531531573015145094e-02 5.851388598467267457e+02 4.236089367288067251e+02 1.248342808703032158e+00
8.141221589760647248e+02 1.533512475688573497e-02 5.839334815960436345e+02 4.163946156111659889e+02 1.254977764890182756e+00
8.130692313413154579e+02 1.535495940487046317e-02 5.827306615073194962e+02 4.093330207835061287e+02 1.261610546057704063e+00
8.120176638175529433e+02 1.537481970724450392e-02 5.815303939414582146e+02 4.024205222334835526e+02 1.268240996304264678e+00
8.109674546478639741e+02 1.539470569718958889e-02 5.803326732723450050e+02 3.956558820304247774e+02 1.274868962984387011e+00
8.099186020776057831e+02 1.541461740793034080e-02 5.791374938868156050e+02 3.890345294430964032e+02 1.281494294498322084e+00
8.088711043544020640e+02 1.543455487273436878e-02 5.779448501846246700e+02 3.825514817820339317e+02 1.288116843280034063e+00
8.078249597281403567e+02 1.545451812491229274e-02 5.767547365784145086e+02 3.762030227431208687e+02 1.294736464722619163e+00
8.067801664509674993e+02 1.547450719781785257e-02 5.755671474936825689e+02 3.699850205162842371e+02 1.301353019370894426e+00
8.057367227772883780e+02 1.549452212484792209e-02 5.743820773687522205e+02 3.638952659031743337e+02 1.307966369319167654e+00
8.046946269637641080e+02 1.551456293944254369e-02 5.731995206547435373e+02 3.579321405002449410e+02 1.314576381811891848e+00
8.036538772693068040e+02 1.553462967508502900e-02 5.720194718155397595e+02 3.520938630230027115e+02 1.321182913021234029e+00
8.026144719550784430e+02 1.555472236530198137e-02 5.708419253277581902e+02 3.463773082261767513e+02 1.327785819663782396e+00
8.015764092844857487e+02 1.557484104366339481e-02 5.696668756807176806e+02 3.407782198337994828e+02 1.334384964709778298e+00
8.005396875231785998e+02 1.559498574378268693e-02 5.684943173764098674e+02 3.352927613101402358e+02 1.340980236246447133e+00
7.995043049390488932e+02 1.561515649931671627e-02 5.673242449294698417e+02 3.299181636461306653e+02 1.347571498884897911e+00
7.984702598022248594e+02 1.563535334396589510e-02 5.661566528671431797e+02 3.246527226869384322e+02 1.354158633612553952e+00
7.974375503850703808e+02 1.565557631147420498e-02 5.649915357292583167e+02 3.194943149711059505e+02 1.360741517044109949e+00
7.964061749621789659e+02 1.567582543562930780e-02 5.638288880681923274e+02 3.144405095747112568e+02 1.367320027042475461e+00
7.953761318103738631e+02 1.569610075026255450e-02 5.626687044488445508e+02 3.094886675381360988e+02 1.373894041556181556e+00
7.943474192087046504e+02 1.571640228924903876e-02 5.615109794486056671e+02 3.046361084641725370e+02 1.380463453021344211e+00
7.933200354384438242e+02 1.573673008650767341e-02 5.603557076573276845e+02 2.998805990646347368e+02 1.387028143454855034e+00
7.922939787830846399e+02 1.575708417600123201e-02 5.592028836772939258e+02 2.952202090770374525e+02 1.393588001796233433e+00
7.912692475283361091e+02 1.577746459173644603e-02 5.580525021231874234e+02 2.906532179008056005e+02 1.400142915983924263e+00
7.902458399621214085e+02 1.579787136776403256e-02 5.569045576220623843e+02 2.861774491531488707e+02 1.406692776079008445e+00
7.892237543745775383e+02 1.581830453817871171e-02 5.557590448133178143e+02 2.817902868814595081e+02 1.413237474606306998e+00
7.882029890580487290e+02 1.583876413711932801e-02 5.546159583486628435e+02 2.774889142001553637e+02 1.419776908820906014e+00
7.871835423070858724e+02 1.585925019876886430e-02 5.534752928920904651e+02 2.732710135175676101e+02 1.426310979515697852e+00
7.861654124184408374e+02 1.587976275735455967e-02 5.523370431198445658e+02 2.691353346688754300e+02 1.432839589320878515e+00
7.851485976910688578e+02 1.590030184714785744e-02 5.512012037203963928e+02 2.650804970863271706e+02 1.439362639229953666e+00
7.841330964261189820e+02 1.592086750246459598e-02 5.500677693944084012e+02 2.611050208846561418e+02 1.445880032114328806e+00
7.831189069269371430e+02 1.594145975766495318e-02 5.489367348547099255e+02 2.572068306053693050e+02 1.452391672070939110e+00
7.821060274990610424e+02 1.596207864715354710e-02 5.478080948262678476e+02 2.533840403977266078e+02 1.458897465673780758e+00
7.810944564502150342e+02 1.598272420537953306e-02 5.466818440461528326e+02 2.496348168278914841e+02 1.465397319851175606e+00
7.800841920903121718e+02 1.600339646683657246e-02 5.455579772635169320e+02 2.459574499978992321e+02 1.471891147915738163e+00
7.790752327314456807e+02 1.602409546606300278e-02 5.444364892395578863e+02 2.423502201351771532e+02 1.478378859937747425e+00
7.780675766878916875e+02 1.604482123764177856e-02 5.433173747474965012e+02 2.388111489926387208e+02 1.484860373310325832e+00
7.770612222761034218e+02 1.606557381620059635e-02 5.422006285725447015e+02 2.353390577019648049e+02 1.491335602737546395e+00
7.760561678147072371e+02 1.608635323641197101e-02 5.410862455118746084e+02 2.319325524468940216e+02 1.497804467632956271e+00
7.750524116245034065e+02 1.610715953299322184e-02 5.399742203745955749e+02 2.285903231106425721e+02 1.504266885805474629e+00
7.740499520284591881e+02 1.612799274070661482e-02 5.388645479817191699e+02 2.253108583003605645e+02 1.510722777423978869e+00
7.730487873517099615e+02 1.614885289435934179e-02 5.377572231661363276e+02 2.220927170146931360e+02 1.517172064170604573e+00
7.720489159215545669e+02 1.616974002880361416e-02 5.366522407725864241e+02 2.189345568577200822e+02 1.523614669624043794e+00
7.710503360674503028e+02 1.619065417893676695e-02 5.355495956576257868e+02 2.158349044488792572e+02 1.530050518819903393e+00
7.700530461210157682e+02 1.621159537970120676e-02 5.344492826896070028e+02 2.127923215019369820e+02 1.536479538636346120e+00
7.690570444160211991e+02 1.623256366608459914e-02 5.333512967486419711e+02 2.098049829293674406e+02 1.542901657164504892e+00
7.680623292883916520e+02 1.625355907311981998e-02 5.322556327265803020e+02 2.068720258259798186e+02 1.549316808698206760e+00
7.670688990762008643e+02 1.627458163588506659e-02 5.311622855269787351e+02 2.039926841917270792e+02 1.555724925602011588e+00
7.660767521196702319e+02 1.629563138950389928e-02 5.300712500650732864e+02 2.011664205810958492e+02 1.562125936543478311e+00
7.650858867611635787e+02 1.631670836914533157e-02 5.289825212677500303e+02 1.983919123465262544e+02 1.568519773450144150e+00
7.640963013451860206e+02 1.633781261002386492e-02 5.278960940735183840e+02 1.956676037092281604e+02 1.574906373036128349e+00
7.631079942183827143e+02 1.635894414739952341e-02 5.268119634324845038e+02 1.929919345107240076e+02 1.581285668339808881e+00
7.621209637295335142e+02 1.638010301657794390e-02 5.257301243063220682e+02 1.903638030952596978e+02 1.587657597320396352e+00
7.611352082295521768e+02 1.640128925291042122e-02 5.246505716682451066e+02 1.877823835295269248e+02 1.594022101084486609e+00
7.601507260714811309e+02 1.642250289179399830e-02 5.235733005029792366e+02 1.852466946989444523e+02 1.600379121000691018e+00
7.591675156104902271e+02 1.644374396867150437e-02 5.224983058067342654e+02 1.827557928344050424e+02 1.606728600708529076e+00
7.581855752038756009e+02 1.646501251903157576e-02 5.214255825871796333e+02 1.803087916247297642e+02 1.613070481450468163e+00
7.572049032110543294e+02 1.648630857840877387e-02 5.203551258634134911e+02 1.779048525317225540e+02 1.619404706530910509e+00
7.562254979935638630e+02 1.650763218238359559e-02 5.192869306659383710e+02 1.755430718230815046e+02 1.625731219344743739e+00
7.552473579150561136e+02 1.652898336658259817e-02 5.182209920366294682e+02 1.732224506551827403e+02 1.632049969919152632e+00
7.542704813412973408e+02 1.655036216667840968e-02 5.171573050287113347e+02 1.709419825840715532e+02 1.638360903763112608e+00
7.532948666401656510e+02 1.657176861838977749e-02 5.160958647067302536e+02 1.687007505700902641e+02 1.644663968542958932e+00
7.523205121816472456e+02 1.659320275748165166e-02 5.150366661465268407e+02 1.664979774315259817e+02 1.650959114922246229e+00
7.513474163378341473e+02 1.661466461976523687e-02 5.139797044352081912e+02 1.643328484223679027e+02 1.657246294891655536e+00
7.503755774829201073e+02 1.663615424109807922e-02 5.129249746711211628e+02 1.622045687003561909e+02 1.663525459888086200e+00
7.494049939931990139e+02 1.665767165738410438e-02 5.118724719638253191e+02 1.601124426097309197e+02 1.669796561637367782e+00
7.484356642470633005e+02 1.667921690457364881e-02 5.108221914340679177e+02 1.580558441789448523e+02 1.676059554655578765e+00
7.474675866249996261e+02 1.670079001866356383e-02 5.097741282137556027e+02 1.560340929385456548e+02 1.682314393062974256e+00
7.465007595095870556e+02 1.672239103569724342e-02 5.087282774459283701e+02 1.540463402988350197e+02 1.688561036375372026e+00
7.455351812854930813e+02 1.674401999176472478e-02 5.076846342847316578e+02 1.520916396376978241e+02 1.694799438933598523e+00
7.445708503394715763e+02 1.676567692300272999e-02 5.066431938953907093e+02 1.501691459976803174e+02 1.701029554753707984e+00
7.436077650603612028e+02 1.678736186559469379e-02 5.056039514541847666e+02 1.482782737401409747e+02 1.707251346187230734e+00
7.426459238390816608e+02 1.680907485577086066e-02 5.045669021484205246e+02 1.464185780467140603e+02 1.713464773800624341e+00
7.416853250686317551e+02 1.683081592980832306e-02 5.035320411764053006e+02 1.445895209517246656e+02 1.719669799510042729e+00
7.407259671440847342e+02 1.685258512403112197e-02 5.024993637474199204e+02 1.427904792402585770e+02 1.725866382553999712e+00
7.397678484625871533e+02 1.687438247481028164e-02 5.014688650816930249e+02 1.410207797365460181e+02 1.732054485446941072e+00
7.388109674233570558e+02 1.689620801856384427e-02 5.004405404103766841e+02 1.392798104226304474e+02 1.738234074224411785e+00
7.378553224276795390e+02 1.691806179175696714e-02 4.994143849755181463e+02 1.375669470054050976e+02 1.744405106243333892e+00
7.369009118789061858e+02 1.693994383090195038e-02 4.983903940300357931e+02 1.358815416153325089e+02 1.750567552279602035e+00
7.359477341824489258e+02 1.696185417255835839e-02 4.973685628376901491e+02 1.342228637083090916e+02 1.756721377477530543e+00
7.349957877457801487e+02 1.698379285333303720e-02 4.963488866730601217e+02 1.325904296091621291e+02 1.762866548346532669e+00
7.340450709784300898e+02 1.700575990988015609e-02 4.953313608215181034e+02 1.309845116075977103e+02 1.769003033350520004e+00
7.330955822919830780e+02 1.702775537890130475e-02 4.943159805792021189e+02 1.294043319281728088e+02 1.775130799809121029e+00
7.321473201000760582e+02 1.704977929714552448e-02 4.933027412529924618e+02 1.278492777611216269e+02 1.781249816579850709e+00
7.312002828183938163e+02 1.707183170140942272e-02 4.922916381604826483e+02 1.263186844595190763e+02 1.787360051604944156e+00
7.302544688646671602e+02 1.709391262853720422e-02 4.912826666299554859e+02 1.248118894173247355e+02 1.793461474647230380e+00
7.293098766586729198e+02 1.711602211542068847e-02 4.902758220003605061e+02 1.233284200911624566e+02 1.799554057319789235e+00
7.283665046222276942e+02 1.713816019899943449e-02 4.892710996212839518e+02 1.218678798255928513e+02 1.805637771734488695e+00
7.274243511791880792e+02 1.716032691626075829e-02 4.882684948529270628e+02 1.204298256780682976e+02 1.811712590453883998e+00
7.264834147554446417e+02 1.718252230423985422e-02 4.872680030660769148e+02 1.190138499166864392e+02 1.817778486732573917e+00
7.255436937789220337e+02 1.720474640001980540e-02 4.862696196420841943e+02 1.176195830965995839e+02 1.823835434211886763e+00
7.246051866795760361e+02 1.722699924073164621e-02 4.852733399728376185e+02 1.162467128114072779e+02 1.829883406849034611e+00
7.236678918893908303e+02 1.724928086355443160e-02 4.842791594607383558e+02 1.148948593177507576e+02 1.835922378621746898e+00
7.227318078423757015e+02 1.727159130571531004e-02 4.832870735186749584e+02 1.135634832850190037e+02 1.841952324228986360e+00
7.217969329745626510e+02 1.729393060448958935e-02 4.822970775699980663e+02 1.122520500819776430e+02 1.847973221707069014e+00
7.208632657240028720e+02 1.731629879720080964e-02 4.813091670484947144e+02 1.109600046847412216e+02 1.853985046509211143e+00
7.199308045307672046e+02 1.733869592122073977e-02 4.803233373983665047e+02 1.096871749064051329e+02 1.859987778031074290e+00
7.189995478369404509e+02 1.736112201396950924e-02 4.793395840742016389e+02 1.084332705023709593e+02 1.865981394173295893e+00
7.180694940866205798e+02 1.738357711291563246e-02 4.783579025409522387e+02 1.071986794312845888e+02 1.871965873513775414e+00
7.171406417259140653e+02 1.740606125557611281e-02 4.773782882739071738e+02 1.059823338755075071e+02 1.877941194442773742e+00
7.162129892029349776e+02 1.742857447951647737e-02 4.764007367586694954e+02 1.047838764687628412e+02 1.883907336882356232e+00
7.152865349678028224e+02 1.745111682235081507e-02 4.754252434911320506e+02 1.036029604435904758e+02 1.889864279939281522e+00
7.143612774726387897e+02 1.747368832174187731e-02 4.744518039774521867e+02 1.024392354384779651e+02 1.895812005495880692e+00
7.134372151715639347e+02 1.749628901540111955e-02 4.734804137340274792e+02 1.012923326851078372e+02 1.901750493821846355e+00
7.125143465206945166e+02 1.751891894108880895e-02 4.725110682874694135e+02 1.001618950413720484e+02 1.907679727701885763e+00
7.115926699781435900e+02 1.754157813661400001e-02 4.715437631745840577e+02 9.904766445245870443e+01 1.913599689914849966e+00
7.106721840040133884e+02 1.756426663983470804e-02 4.705784939423413675e+02 9.794945199305669803e+01 1.919510363191709645e+00
7.097528870603969153e+02 1.758698448865787106e-02 4.696152561478563712e+02 9.686703348440515526e+01 1.925411730223337337e+00
7.088347776113741929e+02 1.760973172103945036e-02 4.686540453583627936e+02 9.580011208832060277e+01 1.931303774017893993e+00
7.079178541230070323e+02 1.763250837498455542e-02 4.676948571511875343e+02 9.474831131706446286e+01 1.937186478412295410e+00
7.070021150633414209e+02 1.765531448854737798e-02 4.667376871137303169e+02 9.371125531013939280e+01 1.943059828318076221e+00
7.060875589023997918e+02 1.767815009983140020e-02 4.657825308434354383e+02 9.268927094436367042e+01 1.948923809196953849e+00
7.051741841121823882e+02 1.770101524698934267e-02 4.648293839477711913e+02 9.168163530553006524e+01 1.954778406545133906e+00
7.042619891666637386e+02 1.772390996822326495e-02 4.638782420442055923e+02 9.068824758789750717e+01 1.960623605957853011e+00
7.033509725417873142e+02 1.774683430178469398e-02 4.629291007601792103e+02 8.970876997166791966e+01 1.966459392787273552e+00
7.024411327154680293e+02 1.776978828597456164e-02 4.619819557330873181e+02 8.874285668661129023e+01 1.972285753201247660e+00
7.015324681675843976e+02 1.779277195914340248e-02 4.610368026102495946e+02 8.779010900787162086e+01 1.978102674563340768e+00
7.006249773799801233e+02 1.781578535969131558e-02 4.600936370488922194e+02 8.685028853004168070e+01 1.983910145519871548e+00
6.997186588364605768e+02 1.783882852606805125e-02 4.591524547161220653e+02 8.592329229969540449e+01 1.989708154364118409e+00
6.988135110227871110e+02 1.786190149677315681e-02 4.582132512889006648e+02 8.500895697434877718e+01 1.995496689349708364e+00
6.979095324266803573e+02 1.788500431035589325e-02 4.572760224540264744e+02 8.410711598640216380e+01 2.001275738723360842e+00
6.970067215378110177e+02 1.790813700541546427e-02 4.563407639081046909e+02 8.321753620626823533e+01 2.007045291226764228e+00
6.961050768478031614e+02 1.793129962060093646e-02 4.554074713575299711e+02 8.234045814881231706e+01 2.012805336133219658e+00
6.952045968502288815e+02 1.795449219461138501e-02 4.544761405184601131e+02 8.147514703660563384e+01 2.018555863147412754e+00
6.943052800406061351e+02 1.797771476619592843e-02 4.535467671167933759e+02 8.062139026923867391e+01 2.024296862567834587e+00
6.934071249163957873e+02 1.800096737415382564e-02 4.526193468881448325e+02 7.977895208199988986e+01 2.030028325024882285e+00
6.925101299769988827e+02 1.802425005733453156e-02 4.516938755778228938e+02 7.894764042961207906e+01 2.035750241472602085e+00
6.916142937237565320e+02 1.804756285463770746e-02 4.507703489408088444e+02 7.812730071251179709e+01 2.041462603212675919e+00
6.907196146599451367e+02 1.807090580501334934e-02 4.498487627417317753e+02 7.731779931646865123e+01 2.047165401606355406e+00
6.898260912907750253e+02 1.809427894746180876e-02 4.489291127548463578e+02 7.651898889290004036e+01 2.052858628014843312e+00
6.889337221233857917e+02 1.811768232103392468e-02 4.480113947640079459e+02 7.573065479383869558e+01 2.058542274218500001e+00
6.880425056668460684e+02 1.814111596483103384e-02 4.470956045626523974e+02 7.495278675433715421e+01 2.064216332730928638e+00
6.871524404321512520e+02 1.816457991800501937e-02 4.461817379537730517e+02 7.418522865503078378e+01 2.069880795783761496e+00
6.862635249322194113e+02 1.818807421975842178e-02 4.452697907498966288e+02 7.342760847571899774e+01 2.075535658179395337e+00
6.853757576818906045e+02 1.821159890934446676e-02 4.443597587730625378e+02 7.267982980493562195e+01 2.081180911287120239e+00
6.844891371979215364e+02 1.823515402606718655e-02 4.434516378547970135e+02 7.194177871039482852e+01 2.086816548583477982e+00
6.836036619989852170e+02 1.825873960928144774e-02 4.425454238360932209e+02 7.121323448180565663e+01 2.092442563499692820e+00
6.827193306056695974e+02 1.828235569839298247e-02 4.416411125673895413e+02 7.049390822806381607e+01 2.098058948699079274e+00
6.818361415404724539e+02 1.830600233285852030e-02 4.407386999085446178e+02 6.978355244840474825e+01 2.103665701558612877e+00
6.809540933278012744e+02 1.832967955218579165e-02 4.398381817288176308e+02 6.908205431137022856e+01 2.109262816246137096e+00
6.800731844939678012e+02 1.835338739593367699e-02 4.389395539068420931e+02 6.838969144585014703e+01 2.114850286931641676e+00
6.791934135671884860e+02 1.837712590371219298e-02 4.380428123306077737e+02 6.770638075391653388e+01 2.120428109468368572e+00
6.783147790775808517e+02 1.840089511518259308e-02 4.371479528974364825e+02 6.703169793729287562e+01 2.125996279108609777e+00
6.774372795571615598e+02 1.842469507005741608e-02 4.362549715139602995e+02 6.636544289216755033e+01 2.131554790230994367e+00
6.765609135398427725e+02 1.844852580810058679e-02 4.353638640960992348e+02 6.570741006807016049e+01 2.137103639673330502e+00
6.756856795614307885e+02 1.847238736912745066e-02 4.344746265690391738e+02 6.505747371530065948e+01 2.142642822812907077e+00
6.748115761596235416e+02 1.849627979300484670e-02 4.335872548672107882e+02 6.441557923237832028e+01 2.148172337485853678e+00
6.739386018740067357e+02 1.852020311965120111e-02 4.327017449342654345e+02 6.378164483331239865e+01 2.153692178579954764e+00
6.730667552460545267e+02 1.854415738903653077e-02 4.318180927230568500e+02 6.315579348059816311e+01 2.159202343685972192e+00
6.721960348191233834e+02 1.856814264118258201e-02 4.309362941956156305e+02 6.253780036761489924e+01 2.164702828549523339e+00
6.713264391384522014e+02 1.859215891616285837e-02 4.300563453231296762e+02 6.192726643282428967e+01 2.170193631205157736e+00
6.704579667511588923e+02 1.861620625410269000e-02 4.291782420859219656e+02 6.132409321179074624e+01 2.175674749318271761e+00
6.695906162062374278e+02 1.864028469517932385e-02 4.283019804734277614e+02 6.072819835264986210e+01 2.181146180834918624e+00
6.687243860545577263e+02 1.866439427962193406e-02 4.274275564841761366e+02 6.013950684306652050e+01 2.186607923476842519e+00
6.678592748488601956e+02 1.868853504771176427e-02 4.265549661257645084e+02 5.955793102230912694e+01 2.192059974233138586e+00
6.669952811437551645e+02 1.871270703978214489e-02 4.256842054148397665e+02 5.898332707002167297e+01 2.197502331916403762e+00
6.661324034957199274e+02 1.873691029621857643e-02 4.248152703770755920e+02 5.841594729072072312e+01 2.202934996412456492e+00
6.652706404630964698e+02 1.876114485745879537e-02 4.239481570471519944e+02 5.785529195548164694e+01 2.208357966379979054e+00
6.644099906060894227e+02 1.878541076399282972e-02 4.230828614687334266e+02 5.730128489137793224e+01 2.213771239914635203e+00
6.635504524867628788e+02 1.880970805636308918e-02 4.222193796944474116e+02 5.675387519371819423e+01 2.219174815419894919e+00
6.626920246690384602e+02 1.883403677516441721e-02 4.213577077858636244e+02 5.621296973428675159e+01 2.224568691299226852e+00
6.618347057186922484e+02 1.885839696104418123e-02 4.204978418134716662e+02 5.567843286066856479e+01 2.229952866868514683e+00
6.609784942033544439e+02 1.888278865470227955e-02 4.196397778566627608e+02 5.515011883877203758e+01 2.235327342466641554e+00
6.601233886925040224e+02 1.890721189689129403e-02 4.187835120037048000e+02 5.462811918242532272e+01 2.240692118341367500e+00
6.592693877574686212e+02 1.893166672841649703e-02 4.179290403517242680e+02 5.411222722762838089e+01 2.246047194923074475e+00
6.584164899714209014e+02 1.895615319013594854e-02 4.170763590066837878e+02 5.360236447951666605e+01 2.251392572642143541e+00
6.575646939093767287e+02 1.898067132296055171e-02 4.162254640833618851e+02 5.309847718160182950e+01 2.256728251222177573e+00
6.567139981481933546e+02 1.900522116785410484e-02 4.153763517053321834e+02 5.260045835506811329e+01 2.262054229425917828e+00
6.558644012665653236e+02 1.902980276583342290e-02 4.145290180049418609e+02 5.210816251731586135e+01 2.267370508444958244e+00
6.550159018450237909e+02 1.905441615796834784e-02 4.136834591232914704e+02 5.162148702049665872e+01 2.272677089625140034e+00
6.541684984659333395e+02 1.907906138538185623e-02 4.128396712102141919e+02 5.114066180056605049e+01 2.277973974312302641e+00
6.533221897134893652e+02 1.910373848925011123e-02 4.119976504242545730e+02 5.066532225462741224e+01 2.283261162424862878e+00
6.524769741737171671e+02 1.912844751080251468e-02 4.111573929326494294e+02 5.019542278203116581e+01 2.288538655065471161e+00
6.516328504344676276e+02 1.915318849132182158e-02 4.103188949113053354e+02 4.973086385247948726e+01 2.293806453765575348e+00
6.507898170854157343e+02 1.917796147214417130e-02 4.094821525447789554e+02 4.927152474938709048e+01 2.299064560027758386e+00
6.499478727180588749e+02 1.920276649465916391e-02 4.086471620262575470e+02 4.881729410178544981e+01 2.304312975188219426e+00
6.491070159257130854e+02 1.922760360030995042e-02 4.078139195575365079e+02 4.836832411947429478e+01 2.309551702112877081e+00
6.482672453035124818e+02 1.925247283059325354e-02 4.069824213490014699e+02 4.792448369137827768e+01 2.314780742865284235e+00
6.474285594484051671e+02 1.927737422705949263e-02 4.061526636196057893e+02 4.748564624214930774e+01 2.320000098691614721e+00
6.465909569591515265e+02 1.930230783131282879e-02 4.053246425968510493e+02 4.705172291916443328e+01 2.325209770838041035e+00
6.457544364363220666e+02 1.932727368501123769e-02 4.044983545167673356e+02 4.662261540915392999e+01 2.330409762525626149e+00
6.449189964822958245e+02 1.935227182986654429e-02 4.036737956238929996e+02 4.619823608509714319e+01 2.335600075634767681e+00
6.440846357012561612e+02 1.937730230764455816e-02 4.028509621712537978e+02 4.577866436476164580e+01 2.340780712542909203e+00
6.432513526991899653e+02 1.940236516016509774e-02 4.020298504203435641e+02 4.536385467131957938e+01 2.345951675732575570e+00
6.424191460838846979e+02 1.942746042930207362e-02 4.012104566411036899e+02 4.495360659308413886e+01 2.351112968175095297e+00
6.415880144649258909e+02 1.945258815698356486e-02 4.003927771119033423e+02 4.454785138887025653e+01 2.356264592146102288e+00
6.407579564536960106e+02 1.947774838519185023e-02 3.995768081195201376e+02 4.414651420187251318e+01 2.361406550388461589e+00
6.399289706633705919e+02 1.950294115596354350e-02 3.987625459591193930e+02 4.374951895831080861e+01 2.366538846860499312e+00
6.391010557089165331e+02 1.952816651138961079e-02 3.979499869342345164e+02 4.335695722654663342e+01 2.371661485520542012e+00
6.382742102070901637e+02 1.955342449361546775e-02 3.971391273567476787e+02 4.296875971028734398e+01 2.376774468429334597e+00
6.374484327764341742e+02 1.957871514484104195e-02 3.963299635468694646e+02 4.258478109531925071e+01 2.381877798961212989e+00
6.366237220372765933e+02 1.960403850732082495e-02 3.955224918331201138e+02 4.220495969569240202e+01 2.386971480861496353e+00
6.358000766117266949e+02 1.962939462336398336e-02 3.947167085523087167e+02 4.182921639629120847e+01 2.392055517750403926e+00
6.349774951236739753e+02 1.965478353533439693e-02 3.939126100495145124e+02 4.145746162638937449e+01 2.397129912974365951e+00
6.341559761987858792e+02 1.968020528565073840e-02 3.931101926780674489e+02 4.108980552771856054e+01 2.402194671425473604e+00
6.333355184645041618e+02 1.970565991678656023e-02 3.923094527995272074e+02 4.072607580373170322e+01 2.407249797697185834e+00
6.325161205500448887e+02 1.973114747127031887e-02 3.915103867836666041e+02 4.036622543634606330e+01 2.412295295176658083e+00
6.316977810863937748e+02 1.975666799168550661e-02 3.907129910084490803e+02 4.001021686830834057e+01 2.417331167251051127e+00
6.308804987063055023e+02 1.978222152067068279e-02 3.899172618600117630e+02 3.965799347045754786e+01 2.422357418194879042e+00
6.300642720443003100e+02 1.980780810091956404e-02 3.891231957326443194e+02 3.930957132655021979e+01 2.427374052681500860e+00
6.292490997366631973e+02 1.983342777518106934e-02 3.883307890287717896e+02 3.896493497404740225e+01 2.432381074964104606e+00
6.284349804214401729e+02 1.985908058625942066e-02 3.875400381589334415e+02 3.862389125764752151e+01 2.437378488472716320e+00
6.276219127384362082e+02 1.988476657701421235e-02 3.867509395417642963e+02 3.828640557312485981e+01 2.442366298890942033e+00
6.268098953292137594e+02 1.991048579036046318e-02 3.859634896039765977e+02 3.795243811174456994e+01 2.447344510978331833e+00
6.259989268370898117e+02 1.993623826926870651e-02 3.851776847803399733e+02 3.762194434284444355e+01 2.452313129149151560e+00
6.251890059071344012e+02 1.996202405676503547e-02 3.843935215136634156e+02 3.729511969914618419e+01 2.457272158223657854e+00
6.243801311861670911e+02 1.998784319593121389e-02 3.836109962547749888e+02 3.697164023662208621e+01 2.462221603454817664e+00
6.235723013227556066e+02 2.001369572990472148e-02 3.828301054625038091e+02 3.665147877161668077e+01 2.467161469737153556e+00
6.227655149672135622e+02 2.003958170187883359e-02 3.820508456036612301e+02 3.633460840434381822e+01 2.472091762167643481e+00
6.219597707715972774e+02 2.006550115510270099e-02 3.812732131530208903e+02 3.602100006504984719e+01 2.477012485225782434e+00
6.211550673897058914e+02 2.009145413288138116e-02 3.804972045933025129e+02 3.571081013700843698e+01 2.481923644842990218e+00
6.203514034770757917e+02 2.011744067857597698e-02 3.797228164151499072e+02 3.540382028450517993e+01 2.486825246024293445e+00
6.195487776909809554e+02 2.014346083560366457e-02 3.789500451171147688e+02 3.509991126294802655e+01 2.491717294544979477e+00
6.187471886904295388e+02 2.016951464743777303e-02 3.781788872056367268e+02 3.479905355421119140e+01 2.496599795496815766e+00
6.179466351361616034e+02 2.019560215760787467e-02 3.774093391950249270e+02 3.450123837882296840e+01 2.501472754667604548e+00
6.171471156906483202e+02 2.022172340969980928e-02 3.766413976074410357e+02 3.420664229634802922e+01 2.506336177803186960e+00
6.163486290180873084e+02 2.024787844735582987e-02 3.758750589728779232e+02 3.391510262030627132e+01 2.511190070742737923e+00
6.155511737844025220e+02 2.027406731427460959e-02 3.751103198291436911e+02 3.362648345419452056e+01 2.516034438893634206e+00
6.147547486572403841e+02 2.030029005421137012e-02 3.743471767218417199e+02 3.334071480805017984e+01 2.520869287345074206e+00
6.139593523059696736e+02 2.032654671097788857e-02 3.735856262043537868e+02 3.305773328122794652e+01 2.525694622330344696e+00
6.131649834016767500e+02 2.035283732844263976e-02 3.728256648378198861e+02 3.277773653918851693e+01 2.530510450603404404e+00
6.123716406171650988e+02 2.037916195053082746e-02 3.720672891911214606e+02 3.250059697558465643e+01 2.535316778291647477e+00
6.115793226269526031e+02 2.040552062122447108e-02 3.713104958408625293e+02 3.222623180388842457e+01 2.540113611522468506e+00
6.107880281072690423e+02 2.043191338456248549e-02 3.705552813713515548e+02 3.195459682557581615e+01 2.544900956167567063e+00
6.099977557360549554e+02 2.045834028464071225e-02 3.698016423745839916e+02 3.168564193700870391e+01 2.549678817449064105e+00
6.092085041929578892e+02 2.048480136561206533e-02 3.690495754502229033e+02 3.141951793521892355e+01 2.554447202162035246e+00
6.084202721593309207e+02 2.051129667168655538e-02 3.682990772055816819e+02 3.115600450452227577e+01 2.559206116967162714e+00
6.076330583182310647e+02 2.053782624713136259e-02 3.675501442556063125e+02 3.089507410431376400e+01 2.563955568525129625e+00
6.068468613544155232e+02 2.056439013627095122e-02 3.668027732228564446e+02 3.063669855065445802e+01 2.568695563337165755e+00
6.060616799543419120e+02 2.059098838348706953e-02 3.660569607374893621e+02 3.038090444190606831e+01 2.573426106892962473e+00
6.052775128061632586e+02 2.061762103321891290e-02 3.653127034372394064e+02 3.012773760454352967e+01 2.578147206095851907e+00
6.044943585997277751e+02 2.064428812996313076e-02 3.645699979674023439e+02 2.987701866415486052e+01 2.582858867890109877e+00
6.037122160265759021e+02 2.067098971827394105e-02 3.638288409808168353e+02 2.962872275297257829e+01 2.587561099220012206e+00
6.029310837799379215e+02 2.069772584276318578e-02 3.630892291378461323e+02 2.938282661782825045e+01 2.592253906951703879e+00
6.021509605547332740e+02 2.072449654810038303e-02 3.623511591063619335e+02 2.913944572566614610e+01 2.596937296921895566e+00
6.013718450475660120e+02 2.075130187901285880e-02 3.616146275617251149e+02 2.889846638563597736e+01 2.601611276132953510e+00
6.005937359567244584e+02 2.077814188028577827e-02 3.608796311867686768e+02 2.865979299437771743e+01 2.606275851769597640e+00
5.998166319821777961e+02 2.080501659676223941e-02 3.601461666717801222e+02 2.842339636727558272e+01 2.610931031016549220e+00
5.990405318255756129e+02 2.083192607334331814e-02 3.594142307144849156e+02 2.818928309224372697e+01 2.615576820998259944e+00
5.982654341902435817e+02 2.085887035498819320e-02 3.586838200200271558e+02 2.795755537915016120e+01 2.620213228058799082e+00
5.974913377811828923e+02 2.088584948671417738e-02 3.579549313009537173e+02 2.772804202343150592e+01 2.624840259953552746e+00
5.967182413050674086e+02 2.091286351359681467e-02 3.572275612771961164e+02 2.750071195708003557e+01 2.629457923737318126e+00
5.959461434702411680e+02 2.093991248076996353e-02 3.565017066760528337e+02 2.727553295389002486e+01 2.634066226464895522e+00
5.951750429867178127e+02 2.096699643342582464e-02 3.557773642321737384e+02 2.705260243127596809e+01 2.638665175191079459e+00
5.944049385661763836e+02 2.099411541681508314e-02 3.550545306875401934e+02 2.683180596216414671e+01 2.643254776970668907e+00
5.936358289219601829e+02 2.102126947624693987e-02 3.543332027914497644e+02 2.661308717848854144e+01 2.647835039123294099e+00
5.928677127690749558e+02 2.104845865708920155e-02 3.536133773004987688e+02 2.639642903000169483e+01 2.652405969143378783e+00
5.921005888241857065e+02 2.107568300476836409e-02 3.528950509785641430e+02 2.618189123165394605e+01 2.656967574517970387e+00
5.913344558056161304e+02 2.110294256476964378e-02 3.521782205967879236e+02 2.596945352923545158e+01 2.661519862748034981e+00
5.905693124333447486e+02 2.113023738263712301e-02 3.514628829335586033e+02 2.575898038525246037e+01 2.666062841334544853e+00
5.898051574290035433e+02 2.115756750397378150e-02 3.507490347744949304e+02 2.555045253030608166e+01 2.670596517778469625e+00
5.890419895158761392e+02 2.118493297444158305e-02 3.500366729124290259e+02 2.534388727666031471e+01 2.675120900018754355e+00
5.882798074188950750e+02 2.121233383976155532e-02 3.493257941473889900e+02 2.513938948247906069e+01 2.679635995157542805e+00
5.875186098646404389e+02 2.123977014571383840e-02 3.486163952865827582e+02 2.493679296092431841e+01 2.684141810720204635e+00
5.867583955813367993e+02 2.126724193813781319e-02 3.479084731443804799e+02 2.473606875263840621e+01 2.688638354548475107e+00
5.859991632988516130e+02 2.129474926293213610e-02 3.472020245422977496e+02 2.453718726700245512e+01 2.693125634484088593e+00
5.852409117486926107e+02 2.132229216605485006e-02 3.464970463089789519e+02 2.434026350974116681e+01 2.697603658368779911e+00
5.844836396640072280e+02 2.134987069352339492e-02 3.457935352801817999e+02 2.414514545901655751e+01 2.702072434044280325e+00
5.837273457795782861e+02 2.137748489141477748e-02 3.450914882987581791e+02 2.395182374530009994e+01 2.706531969352325540e+00
5.829720288318235362e+02 2.140513480586557493e-02 3.443909022146399934e+02 2.376028743488037165e+01 2.710982272134649040e+00
5.822176875587924769e+02 2.143282048307204590e-02 3.436917738848202930e+02 2.357064100983118848e+01 2.715423350232985200e+00
5.814643207001647625e+02 2.146054196929021371e-02 3.429941001733384383e+02 2.338272137642350401e+01 2.719855211913662973e+00
5.807119269972487245e+02 2.148829931083589412e-02 3.422978779512632173e+02 2.319649353385565149e+01 2.724277864412600891e+00
5.799605051929779620e+02 2.151609255408484106e-02 3.416031040966756791e+02 2.301194115210254765e+01 2.728691315752561408e+00
5.792100540319099764e+02 2.154392174547277786e-02 3.409097754946532746e+02 2.282919100427013959e+01 2.733095574132613059e+00
5.784605722602240121e+02 2.157178693149549090e-02 3.402178890372532578e+02 2.264813508186052360e+01 2.737490647751825712e+00
5.777120586257190098e+02 2.159968815870891290e-02 3.395274416234964860e+02 2.246871825040216564e+01 2.741876544809270566e+00
5.769645118778114465e+02 2.162762547372916802e-02 3.388384301593511054e+02 2.229091298629758100e+01 2.746253273504014381e+00
5.762179307675332893e+02 2.165559892323270022e-02 3.381508515577160097e+02 2.211479538894640129e+01 2.750620842035127911e+00
5.754723140475293803e+02 2.168360855395631490e-02 3.374647027384045259e+02 2.194026860475240781e+01 2.754979258601680137e+00
5.747276604720565274e+02 2.171165441269726909e-02 3.367799806281289534e+02 2.176730732622264952e+01 2.759328531402741813e+00
5.739839687969798661e+02 2.173973654631335475e-02 3.360966821604832262e+02 2.159590370382623803e+01 2.763668668208806967e+00
5.732412377797727459e+02 2.176785500172294385e-02 3.354148042759283044e+02 2.142617382254244873e+01 2.767999677879567244e+00
5.724994661795125239e+02 2.179600982590512714e-02 3.347343439217746095e+02 2.125795267767895425e+01 2.772321568790879542e+00
5.717586527568801102e+02 2.182420106589973499e-02 3.340552980521666200e+02 2.109121097363855313e+01 2.776634349274927249e+00
5.710187962741567844e+02 2.185242876880746574e-02 3.333776636280670118e+02 2.092593714968747065e+01 2.780938027663897305e+00
5.702798954952232862e+02 2.188069298178989958e-02 3.327014376172406855e+02 2.076224837583479399e+01 2.785232612289969989e+00
5.695419491855567458e+02 2.190899375206964428e-02 3.320266169942385659e+02 2.060002233821313666e+01 2.789518111485330909e+00
5.688049561122289788e+02 2.193733112693038029e-02 3.313531987403818562e+02 2.043923732650880609e+01 2.793794533582164785e+00
5.680689150439043260e+02 2.196570515371694746e-02 3.306811798437458947e+02 2.027990205732035989e+01 2.798061886912655449e+00
5.673338247508374934e+02 2.199411587983542832e-02 3.300105572991448071e+02 2.012203856379700895e+01 2.802320179864440153e+00
5.665996840048726426e+02 2.202256335275318971e-02 3.293413281081159312e+02 1.996554816428562518e+01 2.806569421718164481e+00
5.658664915794395256e+02 2.205104761999902852e-02 3.286734892789032756e+02 1.981042267975406901e+01 2.810809620248885032e+00
5.651342462495525751e+02 2.207956872916319938e-02 3.280070378264423994e+02 1.965672451696492473e+01 2.815040784168282073e+00
5.644029467918086311e+02 2.210812672789751188e-02 3.273419707723446663e+02 1.950444134869119850e+01 2.819262922188035425e+00
5.636725919843844395e+02 2.213672166391542767e-02 3.266782851448811584e+02 1.935348279743787714e+01 2.823476043019826687e+00
5.629431806070358562e+02 2.216535358499208477e-02 3.260159779789681807e+02 1.920382996328176262e+01 2.827680155375333015e+00
5.622147114410943232e+02 2.219402253896443980e-02 3.253550463161507764e+02 1.905554816696073672e+01 2.831875267966235121e+00
5.614871832694656177e+02 2.222272857373132349e-02 3.246954872045872094e+02 1.890857294016841195e+01 2.836061389504213714e+00
5.607605948766278061e+02 2.225147173725350661e-02 3.240372976990341840e+02 1.876287311876974329e+01 2.840238528700948173e+00
5.600349450486287424e+02 2.228025207755381445e-02 3.233804748608305317e+02 1.861845800740321621e+01 2.844406694366627075e+00
5.593102325730851589e+02 2.230906964271715115e-02 3.227250157578832841e+02 1.847539042050136615e+01 2.848565895256132574e+00
5.585864562391791424e+02 2.233792448089064187e-02 3.220709174646502220e+02 1.833354289531780523e+01 2.852716139635603554e+00
5.578636148376572237e+02 2.236681664028367794e-02 3.214181770621265173e+02 1.819290371182457022e+01 2.856857436417929552e+00
5.571417071608274227e+02 2.239574616916802097e-02 3.207667916378277368e+02 1.805351913630765637e+01 2.860989794516002327e+00
5.564207320025589070e+02 2.242471311587782359e-02 3.201167582857767684e+02 1.791538671115658587e+01 2.865113222842709195e+00
5.557006881582776714e+02 2.245371752880980301e-02 3.194680741064860854e+02 1.777843843229910448e+01 2.869227730310941027e+00
5.549815744249664249e+02 2.248275945642324788e-02 3.188207362069446731e+02 1.764266292585773144e+01 2.873333325833588248e+00
5.542633896011616343e+02 2.251183894724012938e-02 3.181747417006016576e+02 1.750814038129909989e+01 2.877430018323540839e+00
5.535461324869512509e+02 2.254095604984519483e-02 3.175300877073512424e+02 1.737475790656873187e+01 2.881517816693690115e+00
5.528298018839744827e+02 2.257011081288599202e-02 3.168867713535192934e+02 1.724250076106699225e+01 2.885596730122466980e+00
5.521143965954173609e+02 2.259930328507302535e-02 3.162447897718457170e+02 1.711140525899788045e+01 2.889666767432558903e+00
5.513999154260122850e+02 2.262853351517978701e-02 3.156041401014716143e+02 1.698148962253642580e+01 2.893727936959027414e+00
5.506863571820356356e+02 2.265780155204286106e-02 3.149648194879230800e+02 1.685267125952960043e+01 2.897780247805652465e+00
5.499737206713055002e+02 2.268710744456199982e-02 3.143268250830968213e+02 1.672493758172046086e+01 2.901823709076216673e+00
5.492620047031806507e+02 2.271645124170018279e-02 3.136901540452457198e+02 1.659836250780728051e+01 2.905858329874497326e+00
5.485512080885572459e+02 2.274583299248373464e-02 3.130548035389629149e+02 1.647285596120658724e+01 2.909884119304275263e+00
5.478413296398675811e+02 2.277525274600239458e-02 3.124207707351677641e+02 1.634840046331214580e+01 2.913901086469331769e+00
5.471323681710780420e+02 2.280471055140938924e-02 3.117880528110908358e+02 1.622503534558808269e+01 2.917909240473446353e+00
5.464243224976868305e+02 2.283420645792152981e-02 3.111566469502591303e+02 1.610275737849515920e+01 2.921908590420401186e+00
5.457171914367229419e+02 2.286374051481926059e-02 3.105265503424820395e+02 1.598149791518545726e+01 2.925899145600248996e+00
5.450109738067427543e+02 2.289331277144678739e-02 3.098977601838356009e+02 1.586124962987585896e+01 2.929880914780073731e+00
5.443056684278288913e+02 2.292292327721213302e-02 3.092702736766485714e+02 1.574208879482222478e+01 2.933853906820149238e+00
5.436012741215880624e+02 2.295257208158723791e-02 3.086440880294874205e+02 1.562391653638145783e+01 2.937818130951200146e+00
5.428977897111496986e+02 2.298225923410799829e-02 3.080192004571427447e+02 1.550672417871041375e+01 2.941773596403948421e+00
5.421952140211628830e+02 2.301198478437440839e-02 3.073956081806134080e+02 1.539056666260876582e+01 2.945720312409119135e+00
5.414935458777950998e+02 2.304174878205060562e-02 3.067733084270931272e+02 1.527539985089715202e+01 2.949658288197435585e+00
5.407927841087303023e+02 2.307155127686496415e-02 3.061522984299553514e+02 1.516118100718050954e+01 2.953587532999622844e+00
5.400929275431660699e+02 2.310139231861019563e-02 3.055325754287388804e+02 1.504792795306584274e+01 2.957508056046405098e+00
5.393939750118136089e+02 2.313127195714336989e-02 3.049141366691346207e+02 1.493566800820592633e+01 2.961419866568503867e+00
5.386959253468935458e+02 2.316119024238608506e-02 3.042969794029695549e+02 1.482433008270450969e+01 2.965322973997651435e+00
5.379987773821353585e+02 2.319114722432448830e-02 3.036811008881934413e+02 1.471390607738540446e+01 2.969217387240322914e+00
5.373025299527746483e+02 2.322114295300939033e-02 3.030664983888642041e+02 1.460447442690924369e+01 2.973103115410607344e+00
5.366071818955521167e+02 2.325117747855633479e-02 3.024531691751341782e+02 1.449593546837517799e+01 2.976980167832933954e+00
5.359127320487109500e+02 2.328125085114567117e-02 3.018411105232353862e+02 1.438828082212803139e+01 2.980848553831729753e+00
5.352191792519950013e+02 2.331136312102266919e-02 3.012303197154655550e+02 1.428156394557364450e+01 2.984708282731424411e+00
5.345265223466466296e+02 2.334151433849758484e-02 3.006207940401740757e+02 1.417573960275091238e+01 2.988559363856447160e+00
5.338347601754054494e+02 2.337170455394574006e-02 3.000125307917477357e+02 1.407077494544725482e+01 2.992401806531225894e+00
5.331438915825051481e+02 2.340193381780763041e-02 2.994055272705963375e+02 1.396670132172608092e+01 2.996235620080190731e+00
5.324539154136735988e+02 2.343220218058895618e-02 2.987997807831399086e+02 1.386351408914358352e+01 3.000060813827768236e+00
5.317648305161289954e+02 2.346250969286076821e-02 2.981952886417936384e+02 1.376116031164825060e+01 3.003877397134971261e+00
5.310766357385782612e+02 2.349285640525953026e-02 2.975920481649534395e+02 1.365965240625884292e+01 3.007685379353001842e+00
5.303893299312159115e+02 2.352324236848719538e-02 2.969900566769833290e+02 1.355902414235165843e+01 3.011484769852783572e+00
5.297029119457221213e+02 2.355366763331127530e-02 2.963893115082013310e+02 1.345920580448547454e+01 3.015275578015717439e+00
5.290173806352597694e+02 2.358413225056496879e-02 2.957898099948644699e+02 1.336019461729035385e+01 3.019057813223211095e+00
5.283327348544734150e+02 2.361463627114721714e-02 2.951915494791560945e+02 1.326205280474411019e+01 3.022831484856668638e+00
5.276489734594867969e+02 2.364517974602279443e-02 2.945945273091714967e+02 1.316469673973784005e+01 3.026596602297495053e+00
5.269660953079016963e+02 2.367576272622239769e-02 2.939987408389045527e+02 1.306811946899545163e+01 3.030353174927097548e+00
5.262840992587954361e+02 2.370638526284270589e-02 2.934041874282337403e+02 1.297238306030480537e+01 3.034101212126877112e+00
5.256029841727191751e+02 2.373704740704651178e-02 2.928108644429087235e+02 1.287741863488557037e+01 3.037840723278240951e+00
5.249227489116957486e+02 2.376774921006277741e-02 2.922187692545360846e+02 1.278321108059789424e+01 3.041571718030082749e+00
5.242433923392179622e+02 2.379849072318671738e-02 2.916278992405664212e+02 1.268981046747011199e+01 3.045294205646301933e+00
5.235649133202467738e+02 2.382927199777990640e-02 2.910382517842800780e+02 1.259716944565839825e+01 3.049008195580548808e+00
5.228873107212095874e+02 2.386009308527032788e-02 2.904498242747745849e+02 1.250526331351941955e+01 3.052713697322831266e+00
5.222105834099977528e+02 2.389095403715249880e-02 2.898626141069498772e+02 1.241413336146170998e+01 3.056410720363162081e+00
5.215347302559650871e+02 2.392185490498753911e-02 2.892766186814957905e+02 1.232374975470941258e+01 3.060099274191551810e+00
5.208597501299259420e+02 2.395279574040325848e-02 2.886918354048781339e+02 1.223408032910558241e+01 3.063779368298011452e+00
5.201856419041530444e+02 2.398377659509425344e-02 2.881082616893250474e+02 1.214515946041034589e+01 3.067451012172553781e+00
5.195124044523765861e+02 2.401479752082194205e-02 2.875258949528146672e+02 1.205696954170527135e+01 3.071114215305186690e+00
5.188400366497806999e+02 2.404585856941473740e-02 2.869447326190604031e+02 1.196947347003015238e+01 3.074768987185922953e+00
5.181685373730031188e+02 2.407695979276806494e-02 2.863647721174984326e+02 1.188270093566401719e+01 3.078415337304773125e+00
5.174979055001321058e+02 2.410810124284449088e-02 2.857860108832739456e+02 1.179664299677308037e+01 3.082053275151749538e+00
5.168281399107059997e+02 2.413928297167375683e-02 2.852084463572288087e+02 1.171125945726644701e+01 3.085682810486651828e+00
5.161592394857096906e+02 2.417050503135292905e-02 2.846320759858871270e+02 1.162657714329981218e+01 3.089303952634872896e+00
5.154912031075738241e+02 2.420176747404645390e-02 2.840568972214425116e+02 1.154259161544549350e+01 3.092916711070193170e+00
5.148240296601727550e+02 2.423307035198623421e-02 2.834829075217453465e+02 1.145926155919238099e+01 3.096521095353923503e+00
5.141577180288222735e+02 2.426441371747175418e-02 2.829101043502889183e+02 1.137661263553381907e+01 3.100117115047376970e+00
5.134922671002785819e+02 2.429579762287010711e-02 2.823384851761971390e+02 1.129464179458771156e+01 3.103704779711861317e+00
5.128276757627355664e+02 2.432722212061614459e-02 2.817680474742107322e+02 1.121330821121313726e+01 3.107284098908689618e+00
5.121639429058230917e+02 2.435868726321253896e-02 2.811987887246742162e+02 1.113263793294071036e+01 3.110855082199172728e+00
5.115010674206058638e+02 2.439019310322985620e-02 2.806307064135239102e+02 1.105262603080029216e+01 3.114417739144622388e+00
5.108390481995802475e+02 2.442173969330668076e-02 2.800637980322731551e+02 1.097323371947884496e+01 3.117972079306350341e+00
5.101778841366742085e+02 2.445332708614964337e-02 2.794980610780015127e+02 1.089448879567251538e+01 3.121518112245665666e+00
5.095175741272439041e+02 2.448495533453357367e-02 2.789334930533401575e+02 1.081638181148419875e+01 3.125055847523880548e+00
5.088581170680723176e+02 2.451662449130155921e-02 2.783700914664595985e+02 1.073887736678766025e+01 3.128585294920330107e+00
5.081995118573677814e+02 2.454833460936502870e-02 2.778078538310570593e+02 1.066200627252683653e+01 3.132106463911436212e+00
5.075417573947614187e+02 2.458008574170386304e-02 2.772467776663430072e+02 1.058575198802316741e+01 3.135619363990909125e+00
5.068848525813064612e+02 2.461187794136643348e-02 2.766868604970292154e+02 1.051008372736080787e+01 3.139124004772298360e+00
5.062287963194752933e+02 2.464371126146975080e-02 2.761280998533155184e+02 1.043503641135931304e+01 3.142620395869159644e+00
5.055735875131578609e+02 2.467558575519952779e-02 2.755704932708769661e+02 1.036058423613128276e+01 3.146108546895045155e+00
5.049192250676600224e+02 2.470750147581027290e-02 2.750140382908510901e+02 1.028670211828906034e+01 3.149588467463509289e+00
5.042657078897022984e+02 2.473945847662534225e-02 2.744587324598261944e+02 1.021343009800891721e+01 3.153060167188103335e+00
5.036130348874166884e+02 2.477145681103709932e-02 2.739045733298270875e+02 1.014073108697945536e+01 3.156523655682381246e+00
5.029612049703460457e+02 2.480349653250694605e-02 2.733515584583040550e+02 1.006858667533955121e+01 3.159978942559896531e+00
5.023102170494415191e+02 2.483557769456544093e-02 2.727996854081191032e+02 9.997042893216015358e+00 3.163426037434201810e+00
5.016600700370610753e+02 2.486770035081238214e-02 2.722489517475339653e+02 9.926049631850242250e+00 3.166864949918851924e+00
5.010107628469681345e+02 2.489986455491687012e-02 2.716993550501979371e+02 9.855597735256594660e+00 3.170295689755985968e+00
5.003622943943286714e+02 2.493207036061744625e-02 2.711508928951345752e+02 9.785734841703117581e+00 3.173718266541805555e+00
4.997146635957101921e+02 2.496431782172215189e-02 2.706035628667298738e+02 9.716401425516345114e+00 3.177132689810536093e+00
4.990678693690796877e+02 2.499660699210862549e-02 2.700573625547193615e+02 9.647603692402666908e+00 3.180538969210964240e+00
4.984219106338017014e+02 2.502893792572419632e-02 2.695122895541762773e+02 9.579370333323963038e+00 3.183937114391877543e+00
4.977767863106372488e+02 2.506131067658594683e-02 2.689683414654987814e+02 9.511652289073635913e+00 3.187327135002060441e+00
4.971324953217407483e+02 2.509372529878085151e-02 2.684255158943976767e+02 9.444465280402724261e+00 3.190709040690300036e+00
4.964890365906593956e+02 2.512618184646582889e-02 2.678838104518842442e+02 9.377817929395703800e+00 3.194082841105383430e+00
4.958464090423304924e+02 2.515868037386785258e-02 2.673432227542578516e+02 9.311672178103945541e+00 3.197448545896096839e+00
4.952046116030802523e+02 2.519122093528403800e-02 2.668037504230936747e+02 9.246053747332464212e+00 3.200806164711227808e+00
4.945636432006221526e+02 2.522380358508169787e-02 2.662653910852310446e+02 9.180950228623041554e+00 3.204155707199560776e+00
4.939235027640542057e+02 2.525642837769849838e-02 2.657281423727600895e+02 9.116335025332537256e+00 3.207497183009882846e+00
4.932841892238579931e+02 2.528909536764250773e-02 2.651920019230107641e+02 9.052244269267571752e+00 3.210830601828635888e+00
4.926457015118963909e+02 2.532180460949230369e-02 2.646569673785398322e+02 8.988643714180989619e+00 3.214155973299578140e+00
4.920080385614127181e+02 2.535455615789702216e-02 2.641230363871197255e+02 8.925519718149995896e+00 3.217473307030646268e+00
4.913711993070277799e+02 2.538735006757651333e-02 2.635902066017256971e+02 8.862915826736029956e+00 3.220782612690681113e+00
4.907351826847383336e+02 2.542018639332140409e-02 2.630584756805237134e+02 8.800778624487490376e+00 3.224083899948522181e+00
4.900999876319160080e+02 2.545306518999317438e-02 2.625278412868590863e+02 8.739117801852657408e+00 3.227377178473009867e+00
4.894656130873046891e+02 2.548598651252428210e-02 2.619983010892438529e+02 8.677951063462250758e+00 3.230662457932984122e+00
4.888320579910197239e+02 2.551895041591819777e-02 2.614698527613457486e+02 8.617238816987333294e+00 3.233939747997282677e+00
4.881993212845450785e+02 2.555195695524956762e-02 2.609424939819750762e+02 8.557003349421464122e+00 3.237209058334746370e+00
4.875674019107320873e+02 2.558500618566426563e-02 2.604162224350736778e+02 8.497236162349373956e+00 3.240470398614215153e+00
4.869362988137976913e+02 2.561809816237949067e-02 2.598910358097025437e+02 8.437911644759424235e+00 3.243723778504528532e+00
4.863060109393223911e+02 2.565123294068386711e-02 2.593669318000302155e+02 8.379064815552027312e+00 3.246969207674526903e+00
4.856765372342495652e+02 2.568441057593750035e-02 2.588439081053217592e+02 8.320660720823010337e+00 3.250206695804124024e+00
4.850478766468820027e+02 2.571763112357212944e-02 2.583219624299253496e+02 8.262693749012907318e+00 3.253436252537851292e+00
4.844200281268812773e+02 2.575089463909118609e-02 2.578010924832616979e+02 8.205193992814271198e+00 3.256657887497959258e+00
4.837929906252658157e+02 2.578420117806988140e-02 2.572812959798120573e+02 8.148117633844313090e+00 3.259871610348402005e+00
4.831667630944087932e+02 2.581755079615532383e-02 2.567625706391064000e+02 8.091481334729209607e+00 3.263077430753134056e+00
4.825413444880372822e+02 2.585094354906656428e-02 2.562449141857122186e+02 8.035285896115746951e+00 3.266275358376106386e+00
4.819167337612291249e+02 2.588437949259475568e-02 2.557283243492220208e+02 7.979502980181130134e+00 3.269465402881273519e+00
4.812929298704123084e+02 2.591785868260319467e-02 2.552127988642425294e+02 7.924163369461679096e+00 3.272647573932589538e+00
4.806699317733625776e+02 2.595138117502745340e-02 2.546983354703825455e+02 7.869238653005035111e+00 3.275821881194008522e+00
4.800477384292026954e+02 2.598494702587540381e-02 2.541849319122423765e+02 7.814721352198913173e+00 3.278988334329482335e+00
4.794263487983991467e+02 2.601855629122740501e-02 2.536725859394007045e+02 7.760639983784030527e+00 3.282146943002965056e+00
4.788057618427615694e+02 2.605220902723633450e-02 2.531612953064044973e+02 7.706953396337085316e+00 3.285297716878410323e+00
4.781859765254405374e+02 2.608590529012770609e-02 2.526510577727566442e+02 7.653679093074530648e+00 3.288440665619771774e+00
4.775669918109259697e+02 2.611964513619975323e-02 2.521418711029051849e+02 7.600814246874557867e+00 3.291575798891003934e+00
4.769488066650458222e+02 2.615342862182350875e-02 2.516337330662316845e+02 7.548334163249791118e+00 3.294703126356058220e+00
4.763314200549634734e+02 2.618725580344293674e-02 2.511266414370396092e+02 7.496271378519971051e+00 3.297822657678889158e+00
4.757148309491765303e+02 2.622112673757500192e-02 2.506205939945430146e+02 7.444592067139354619e+00 3.300934402523450828e+00
4.750990383175151237e+02 2.625504148080977027e-02 2.501155885228554610e+02 7.393298207955906420e+00 3.304038370553695536e+00
4.744840411311398611e+02 2.628900008981050959e-02 2.496116228109784743e+02 7.342405947565501023e+00 3.307134571421745939e+00
4.738698383625409747e+02 2.632300262131374510e-02 2.491086946527906889e+02 7.291882096624147991e+00 3.310223014766052518e+00
4.732564289855352513e+02 2.635704913212941897e-02 2.486068018470359107e+02 7.241749984603587542e+00 3.313303710300407268e+00
4.726438119752655211e+02 2.639113967914093889e-02 2.481059421973124302e+02 7.191993221410097448e+00 3.316376667665125844e+00
4.720319863081980998e+02 2.642527431930529261e-02 2.476061135120615972e+02 7.142598837175832216e+00 3.319441896500523903e+00
4.714209509621215375e+02 2.645945310965313810e-02 2.471073136045566230e+02 7.093596094031517474e+00 3.322499406446917991e+00
4.708107049161453688e+02 2.649367610728886949e-02 2.466095402928920350e+02 7.044946216798495975e+00 3.325549207144621100e+00
4.702012471506970996e+02 2.652794336939077666e-02 2.461127913999715133e+02 6.996666080074282590e+00 3.328591308233950219e+00
4.695925766475215823e+02 2.656225495321109034e-02 2.456170647534975728e+02 6.948751226170500672e+00 3.331625719355221005e+00
4.689846923896787416e+02 2.659661091607610356e-02 2.451223581859600245e+02 6.901180455876853692e+00 3.334652450148749558e+00
4.683775933615428357e+02 2.663101131538622018e-02 2.446286695346258568e+02 6.853986719486294454e+00 3.337671510254850205e+00
4.677712785487993301e+02 2.666545620861612495e-02 2.441359966415269582e+02 6.807132522567351351e+00 3.340682909313838600e+00
4.671657469384442152e+02 2.669994565331482161e-02 2.436443373534500267e+02 6.760629199699278225e+00 3.343686656966030402e+00
4.665609975187818463e+02 2.673447970710576133e-02 2.431536895219252017e+02 6.714479482205386596e+00 3.346682762851741710e+00
4.659570292794234092e+02 2.676905842768692589e-02 2.426640510032151496e+02 6.668659496088913841e+00 3.349671236637993488e+00
4.653538412112857827e+02 2.680368187283089718e-02 2.421754196583049179e+02 6.623198496705731131e+00 3.352652087999364650e+00
4.647514323065888107e+02 2.683835010038500973e-02 2.416877933528898268e+02 6.578065414463415195e+00 3.355625326537184261e+00
4.641498015588542216e+02 2.687306316827140981e-02 2.412011699573654653e+02 6.533267136777180184e+00 3.358590961861267488e+00
4.635489479629037533e+02 2.690782113448716636e-02 2.407155473468164075e+02 6.488809435094741396e+00 3.361549003581431272e+00
4.629488705148576742e+02 2.694262405710436126e-02 2.402309234010058674e+02 6.444667805844662922e+00 3.364499461307493000e+00
4.623495682121333061e+02 2.697747199427016560e-02 2.397472960043648413e+02 6.400869754170809500e+00 3.367442344649267394e+00
4.617510400534426935e+02 2.701236500420698544e-02 2.392646630459809103e+02 6.357386756637275482e+00 3.370377663216570951e+00
4.611532850387912958e+02 2.704730314521252427e-02 2.387830224195879794e+02 6.314224966103117787e+00 3.373305426619220615e+00
4.605563021694763961e+02 2.708228647565989050e-02 2.383023720235553071e+02 6.271389612120001900e+00 3.376225644467032883e+00
4.599600904480851682e+02 2.711731505399769815e-02 2.378227097608771032e+02 6.228857326855202992e+00 3.379138326369825140e+00
4.593646488784936537e+02 2.715238893875013271e-02 2.373440335391619271e+02 6.186655552156555160e+00 3.382043481937411222e+00
4.587699764658642607e+02 2.718750818851710382e-02 2.368663412706216036e+02 6.144754951060418691e+00 3.384941120779609403e+00
4.581760722166444566e+02 2.722267286197430428e-02 2.363896308720610193e+02 6.103164131817009341e+00 3.387831252506234847e+00
4.575829351385650057e+02 2.725788301787333487e-02 2.359139002648673511e+02 6.061884732885102878e+00 3.390713886592605419e+00
4.569905642406390029e+02 2.729313871504174954e-02 2.354391473749999761e+02 6.020896021637380358e+00 3.393589032804523953e+00
4.563989585331591456e+02 2.732844001238322190e-02 2.349653701329794444e+02 5.980226798392289211e+00 3.396456700738857748e+00
4.558081170276965963e+02 2.736378696887760420e-02 2.344925664738770763e+02 5.939844066795973987e+00 3.399316899964992977e+00
4.552180387370995618e+02 2.739917964358103142e-02 2.340207343373047593e+02 5.899761619442493554e+00 3.402169640052316257e+00
4.546287226754907920e+02 2.743461809562604270e-02 2.335498716674039201e+02 5.859974872905604037e+00 3.405014930570215981e+00
4.540401678582676936e+02 2.747010238422160910e-02 2.330799764128364586e+02 5.820470018978419979e+00 3.407852781088076544e+00
4.534523733020983514e+02 2.750563256865333484e-02 2.326110465267724408e+02 5.781269443587876644e+00 3.410683201175285451e+00
4.528653380249216980e+02 2.754120870828348153e-02 2.321430799668813449e+02 5.742343053246945495e+00 3.413506200401229318e+00
4.522790610459450136e+02 2.757683086255110008e-02 2.316760746953208638e+02 5.703709126689822995e+00 3.416321788335295206e+00
4.516935413856423907e+02 2.761249909097212088e-02 2.312100286787267294e+02 5.665354662403883523e+00 3.419129974546871065e+00
4.511087780657537678e+02 2.764821345313942663e-02 2.307449398882029925e+02 5.627275595493288485e+00 3.421930768605340845e+00
4.505247701092821444e+02 2.768397400872301198e-02 2.302808062993109388e+02 5.589483693408362264e+00 3.424724180080092495e+00
4.499415165404928416e+02 2.771978081747003553e-02 2.298176258920592829e+02 5.551954951780969871e+00 3.427510218486069071e+00
4.493590163849113992e+02 2.775563393920493782e-02 2.293553966508937378e+02 5.514712319161072962e+00 3.430288893272741557e+00
4.487772686693221544e+02 2.779153343382954541e-02 2.288941165646871241e+02 5.477732543359733697e+00 3.433060214219265216e+00
4.481962724217669916e+02 2.782747936132312291e-02 2.284337836267293653e+02 5.441023029405750222e+00 3.435824190839644299e+00
4.476160266715428406e+02 2.786347178174255687e-02 2.279743958347165176e+02 5.404583280351245023e+00 3.438580832647884833e+00
4.470365304492005976e+02 2.789951075522239740e-02 2.275159511907413332e+02 5.368398616506564913e+00 3.441330149157992846e+00
4.464577827865434188e+02 2.793559634197498656e-02 2.270584477012829723e+02 5.332490117023074738e+00 3.444072149883974809e+00
4.458797827166255274e+02 2.797172860229050345e-02 2.266018833771972538e+02 5.296830068507989431e+00 3.446806844339834086e+00
4.453025292737498262e+02 2.800790759653714809e-02 2.261462562337060263e+02 5.261436314991489560e+00 3.449534242039578036e+00
4.447260214934665328e+02 2.804413338516119347e-02 2.256915642903874755e+02 5.226294779029537096e+00 3.452254352497211354e+00
4.441502584125719295e+02 2.808040602868708963e-02 2.252378055711661204e+02 5.191405425006030860e+00 3.454967185226740067e+00
4.435752390691062601e+02 2.811672558771757813e-02 2.247849781043028088e+02 5.156774019402616815e+00 3.457672749742170648e+00
4.430009625023529907e+02 2.815309212293375454e-02 2.243330799223850249e+02 5.122381289528932236e+00 3.460371055557507347e+00
4.424274277528359107e+02 2.818950569509523843e-02 2.238821090623164309e+02 5.088251780248477019e+00 3.463062112186755748e+00
4.418546338623183942e+02 2.822596636504021844e-02 2.234320635653073168e+02 5.054356957626930047e+00 3.465745929085970456e+00
4.412825798738017511e+02 2.826247419368557376e-02 2.229829414768647666e+02 5.020712334631346252e+00 3.468422515830217101e+00
4.407112648315231240e+02 2.829902924202698858e-02 2.225347408467823698e+02 4.987307471383754631e+00 3.471091881950428615e+00
4.401406877809549201e+02 2.833563157113900416e-02 2.220874597291313250e+02 4.954140223212356808e+00 3.473754036903302200e+00
4.395708477688019684e+02 2.837228124217518535e-02 2.216410961822495551e+02 4.921217454147432058e+00 3.476408990145537725e+00
4.390017438430007246e+02 2.840897831636819346e-02 2.211956482687326684e+02 4.888520264940920512e+00 3.479056751133832837e+00
4.384333750527174516e+02 2.844572285502987644e-02 2.207511140554237556e+02 4.856071865098712692e+00 3.481697329324886514e+00
4.378657404483464006e+02 2.848251491955140421e-02 2.203074916134036698e+02 4.823845261385558914e+00 3.484330734175398625e+00
4.372988390815090156e+02 2.851935457140331379e-02 2.198647790179821300e+02 4.791855917526095077e+00 3.486956975142065485e+00
4.367326700050513750e+02 2.855624187213568269e-02 2.194229743486868358e+02 4.760092486417287994e+00 3.489576061681586960e+00
4.361672322730431688e+02 2.859317688337818450e-02 2.189820756892545148e+02 4.728555083996395680e+00 3.492188003250661588e+00
4.356025249407757087e+02 2.863015966684022418e-02 2.185420811276208894e+02 4.697247441591015260e+00 3.494792809305988790e+00
4.350385470647613033e+02 2.866719028431097618e-02 2.181029887559119231e+02 4.666155083623546140e+00 3.497390489304264882e+00
4.344752977027303587e+02 2.870426879765958228e-02 2.176647966704329349e+02 4.635295980840073327e+00 3.499981052702190176e+00
4.339127759136305826e+02 2.874139526883518619e-02 2.172275029716599022e+02 4.604646595124663122e+00 3.502564508618112971e+00
4.333509807576255639e+02 2.877856975986705507e-02 2.167911057642298260e+02 4.574224199558990733e+00 3.505140866942472844e+00
4.327899112960923276e+02 2.881579233286471128e-02 2.163556031569306697e+02 4.544012841356838805e+00 3.507710137111083704e+00
4.322295665916212783e+02 2.885306305001795329e-02 2.159209932626929742e+02 4.514018434634522237e+00 3.510272328500836814e+00
4.316699457080129037e+02 2.889038197359707072e-02 2.154872741985789162e+02 4.484238172558349333e+00 3.512827450488626102e+00
4.311110477102773189e+02 2.892774916595287904e-02 2.150544440857741506e+02 4.454665254686226206e+00 3.515375512451345053e+00
4.305528716646325051e+02 2.896516468951682716e-02 2.146225010495773233e+02 4.425309277235439431e+00 3.517916523765886261e+00
4.299954166385021495e+02 2.900262860680114310e-02 2.141914432193913456e+02 4.396151691591630772e+00 3.520450493809144543e+00
4.294386817005154171e+02 2.904014098039886180e-02 2.137612687287141569e+02 4.367213077212428018e+00 3.522977431958011163e+00
4.288826659205039959e+02 2.907770187298401240e-02 2.133319757151285785e+02 4.338469908458754354e+00 3.525497347589380048e+00
4.283273683695011300e+02 2.911531134731168424e-02 2.129035623202934460e+02 4.309936713389267204e+00 3.528010250080143795e+00
4.277727881197402553e+02 2.915296946621812393e-02 2.124760266899343719e+02 4.281601446249281295e+00 3.530516148807196330e+00
4.272189242446528397e+02 2.919067629262087071e-02 2.120493669738341111e+02 4.253467549606718912e+00 3.533015053147431583e+00
4.266657758188679850e+02 2.922843188951880153e-02 2.116235813258239489e+02 4.225533783930477405e+00 3.535506972477740817e+00
4.261133419182094713e+02 2.926623631999231839e-02 2.111986679037734405e+02 4.197793159181256506e+00 3.537991916175018403e+00
4.255616216196951314e+02 2.930408964720339696e-02 2.107746248695820270e+02 4.170254607055539076e+00 3.540469893616156938e+00
4.250106140015346909e+02 2.934199193439572181e-02 2.103514503891690879e+02 4.142901332435842576e+00 3.542940914178050793e+00
4.244603181431294274e+02 2.937994324489473508e-02 2.099291426324658971e+02 4.115751815318897222e+00 3.545404987237591232e+00
4.239107331250690436e+02 2.941794364210782720e-02 2.095076997734052497e+02 4.088784151593847227e+00 3.547862121974160843e+00
4.233618580291310991e+02 2.945599318952438553e-02 2.090871199899127646e+02 4.062013508771559422e+00 3.550312327601792717e+00
4.228136919382793053e+02 2.949409195071591924e-02 2.086674014638979315e+02 4.035425933511914032e+00 3.552755613897067288e+00
4.222662339366617061e+02 2.953223998933617034e-02 2.082485423812446754e+02 4.009027992081726666e+00 3.555191990134770386e+00
4.217194831096099961e+02 2.957043736912117610e-02 2.078305409318029149e+02 3.982814592056990399e+00 3.557621465589685172e+00
4.211734385436368484e+02 2.960868415388944602e-02 2.074133953093787568e+02 3.956783761943754030e+00 3.560044049536597033e+00
4.206280993264350059e+02 2.964698040754202082e-02 2.069971037117256003e+02 3.930938726856124887e+00 3.562459751250290907e+00
4.200834645468757458e+02 2.968532619406259732e-02 2.065816643405355535e+02 3.905269514745453918e+00 3.564868580005551735e+00
4.195395332950071747e+02 2.972372157751763250e-02 2.061670754014299121e+02 3.879787134697462836e+00 3.567270545077165345e+00
4.189963046620532623e+02 2.976216662205641988e-02 2.057533351039508602e+02 3.854474287895193196e+00 3.569665655739914456e+00
4.184537777404112830e+02 2.980066139191125604e-02 2.053404416615517221e+02 3.829348795595187482e+00 3.572053921268584897e+00
4.179119516236513050e+02 2.983920595139750651e-02 2.049283932915885202e+02 3.804390338699642715e+00 3.574435350937961164e+00
4.173708254065140295e+02 2.987780036491372027e-02 2.045171882153109379e+02 3.779612877465023946e+00 3.576809954022828197e+00
4.168303981849095408e+02 2.991644469694175815e-02 2.041068246578533376e+02 3.755003343569678798e+00 3.579177739797972269e+00
4.162906690559161689e+02 2.995513901204683443e-02 2.036973008482264902e+02 3.730568725681157716e+00 3.581538717538175653e+00
4.157516371177781025e+02 2.999388337487772505e-02 2.032886150193077412e+02 3.706302740992713396e+00 3.583892896518224180e+00
4.152133014699045361e+02 3.003267785016680222e-02 2.028807654078327687e+02 3.682205867146379763e+00 3.586240286012903233e+00
4.146756612128678512e+02 3.007152250273017330e-02 2.024737502543868004e+02 3.658278151398413502e+00 3.588580895296997753e+00
4.141387154484027633e+02 3.011041739746775012e-02 2.020675678033959457e+02 3.634514000490200125e+00 3.590914733645290902e+00
4.136024632794036506e+02 3.014936259936342247e-02 2.016622163031177593e+02 3.610919362681532352e+00 3.593241810025778360e+00
4.130669038099242130e+02 3.018835817348511363e-02 2.012576940056334251e+02 3.587482996631836230e+00 3.595562133918895231e+00
4.125320361451751978e+02 3.022740418498490872e-02 2.008539991668382640e+02 3.564216335839692551e+00 3.597875714613729681e+00
4.119978593915231500e+02 3.026650069909917959e-02 2.004511300464334340e+02 3.541102976822708470e+00 3.600182561283736149e+00
4.114643726564893882e+02 3.030564778114862995e-02 2.000490849079173756e+02 3.518159195924211780e+00 3.602482683102365524e+00
4.109315750487476748e+02 3.034484549653849311e-02 1.996478620185767170e+02 3.495366431386253581e+00 3.604776089243071358e+00
4.103994656781232493e+02 3.038409391075858404e-02 1.992474596494779178e+02 3.472738232529180458e+00 3.607062788879307647e+00
4.098680436555912365e+02 3.042339308938342077e-02 1.988478760754587142e+02 3.450261176231397275e+00 3.609342791184526167e+00
4.093373080932749417e+02 3.046274309807235278e-02 1.984491095751191665e+02 3.427943895976621302e+00 3.611616105332181803e+00
4.088072581044451113e+02 3.050214400256961653e-02 1.980511584308137571e+02 3.405777741905991363e+00 3.613882740495725887e+00
4.082778928035174886e+02 3.054159586870451928e-02 1.976540209286421543e+02 3.383766792932994871e+00 3.616142705848611527e+00
4.077492113060517909e+02 3.058109876239149469e-02 1.972576953584408841e+02 3.361906818011751508e+00 3.618396010564292276e+00
4.072212127287502881e+02 3.062065274963024150e-02 1.968621800137749744e+02 3.340197686840945313e+00 3.620642663816221241e+00
4.066938961894560975e+02 3.066025789650583117e-02 1.964674731919293151e+02 3.318639246659203401e+00 3.622882674777851975e+00
4.061672608071523314e+02 3.069991426918876679e-02 1.960735731939004438e+02 3.297227489171484116e+00 3.625116052622636253e+00
4.056413057019595954e+02 3.073962193393518436e-02 1.956804783243876500e+02 3.275966018464554264e+00 3.627342806261684593e+00
4.051160299951353636e+02 3.077938095708689786e-02 1.952881868917849033e+02 3.254847264923542927e+00 3.629562945171420640e+00
4.045914328090718186e+02 3.081919140507154500e-02 1.948966972081719859e+02 3.233878275268895930e+00 3.631776478456908652e+00
4.040675132672956238e+02 3.085905334440263922e-02 1.945060075893072167e+02 3.213048223096212741e+00 3.633983415197394429e+00
4.035442704944648540e+02 3.089896684167976748e-02 1.941161163546174464e+02 3.192367300616268722e+00 3.636183764472126434e+00
4.030217036163684838e+02 3.093893196358864228e-02 1.937270218271910380e+02 3.171821715715054779e+00 3.638377535360352244e+00
4.024998117599249099e+02 3.097894877690122312e-02 1.933387223337688283e+02 3.151424522137642903e+00 3.640564736941319435e+00
4.019785940531800179e+02 3.101901734847585523e-02 1.929512162047360562e+02 3.131159921589245165e+00 3.642745378294276470e+00
4.014580496253066144e+02 3.105913774525731127e-02 1.925645017741144613e+02 3.111041506685833458e+00 3.644919468498469595e+00
4.009381776066017551e+02 3.109931003427699944e-02 1.921785773795530190e+02 3.091054361594528732e+00 3.647087016633147272e+00
4.004189771284862331e+02 3.113953428265300513e-02 1.917934413623205501e+02 3.071209958098866988e+00 3.649248031777556633e+00
3.999004473235028172e+02 3.117981055759023318e-02 1.914090920672972516e+02 3.051496108362766968e+00 3.651402523010946144e+00
3.993825873253145460e+02 3.122013892638051888e-02 1.910255278429662553e+02 3.031921716478921169e+00 3.653550499412563823e+00
3.988653962687041599e+02 3.126051945640269392e-02 1.906427470414059542e+02 3.012477070315586758e+00 3.655691970061655915e+00
3.983488732895713156e+02 3.130095221512279452e-02 1.902607480182811059e+02 2.993168751965199270e+00 3.657826944004565650e+00
3.978330175249324725e+02 3.134143727009407188e-02 1.898795291328355006e+02 2.973989285224213575e+00 3.659955430142902699e+00
3.973178281129182778e+02 3.138197468895718295e-02 1.894990887478828085e+02 2.954943166981577107e+00 3.662077437807981450e+00
3.968033041927729414e+02 3.142256453944027722e-02 1.891194252297994751e+02 2.936024923522532415e+00 3.664192975983201706e+00
3.962894449048528713e+02 3.146320688935905219e-02 1.887405369485162510e+02 2.917237190865960006e+00 3.666302053651960602e+00
3.957762493906245140e+02 3.150390180661696848e-02 1.883624222775098929e+02 2.898576278774248838e+00 3.668404679797658385e+00
3.952637167926633310e+02 3.154464935920530538e-02 1.879850795937951773e+02 2.880043177649545871e+00 3.670500863403693970e+00
3.947518462546523779e+02 3.158544961520328570e-02 1.876085072779169991e+02 2.861635770150486202e+00 3.672590613453467601e+00
3.942406369213811672e+02 3.162630264277815906e-02 1.872327037139425556e+02 2.843353606407539758e+00 3.674673938930375972e+00
3.937300879387436225e+02 3.166720851018536842e-02 1.868576672894529906e+02 2.825195939523877264e+00 3.676750848817819772e+00
3.932201984537368276e+02 3.170816728576864030e-02 1.864833963955352090e+02 2.807161075206067391e+00 3.678821352099197917e+00
3.927109676144601735e+02 3.174917903796008189e-02 1.861098894267747141e+02 2.789249446792275045e+00 3.680885457757908874e+00
3.922023945701128014e+02 3.179024383528034764e-02 1.857371447812465988e+02 2.771458302300698673e+00 3.682943174777352890e+00
3.916944784709937153e+02 3.183136174633866000e-02 1.853651608605088370e+02 2.753789071708109937e+00 3.684994512140927991e+00
3.911872184684989975e+02 3.187253283983301766e-02 1.849939360695934170e+02 2.736238123313177173e+00 3.687039478832033534e+00
3.906806137151208986e+02 3.191375718455027183e-02 1.846234688169987805e+02 2.718807708606478801e+00 3.689078083705499722e+00
3.901746633644465874e+02 3.195503484936624422e-02 1.842537575146818085e+02 2.701493486088332840e+00 3.691110335635457762e+00
3.896693665711562744e+02 3.199636590324585195e-02 1.838848005780502888e+02 2.684298364772078838e+00 3.693136243877573666e+00
3.891647224910228147e+02 3.203775041524316303e-02 1.835165964259551288e+02 2.667217454170696112e+00 3.695155817307515189e+00
3.886607302809088651e+02 3.207918845450161843e-02 1.831491434806818575e+02 2.650254161348414517e+00 3.697169064800952309e+00
3.881573890987663731e+02 3.212068009025406679e-02 1.827824401679435198e+02 2.633403200677689515e+00 3.699175995233554559e+00
3.876546981036352690e+02 3.216222539182289619e-02 1.824164849168727756e+02 2.616668327194181298e+00 3.701176617480990583e+00
3.871526564556413064e+02 3.220382442862018690e-02 1.820512761600137424e+02 2.600044006244710104e+00 3.703170940418930801e+00
3.866512633159957772e+02 3.224547727014774601e-02 1.816868123333150038e+02 2.583534199340256077e+00 3.705158972923042970e+00
3.861505178469930115e+02 3.228718398599731559e-02 1.813230918761211115e+02 2.567133260800658956e+00 3.707140723868997068e+00
3.856504192120094672e+02 3.232894464585064215e-02 1.809601132311652805e+02 2.550845221840075894e+00 3.709116202132462625e+00
3.851509665755023093e+02 3.237075931947960838e-02 1.805978748445615452e+02 2.534664457728344811e+00 3.711085416589109176e+00
3.846521591030083869e+02 3.241262807674629570e-02 1.802363751657975683e+02 2.518594941291103506e+00 3.713048376114604476e+00
3.841539959611420159e+02 3.245455098760319929e-02 1.798756126477262001e+02 2.502631193403022092e+00 3.715005089584618947e+00
3.836564763175940698e+02 3.249652812209326974e-02 1.795155857465584006e+02 2.486777007285014385e+00 3.716955565874821676e+00
3.831595993411308427e+02 3.253855955035004494e-02 1.791562929218555951e+02 2.471027167171292671e+00 3.718899813709577895e+00
3.826633642015918895e+02 3.258064534259780265e-02 1.787977326365217152e+02 2.455385170261309202e+00 3.720837842027207465e+00
3.821677700698897979e+02 3.262278556915160221e-02 1.784399033567962931e+02 2.439846176373510200e+00 3.722769659816812737e+00
3.816728161180075745e+02 3.266498030041748574e-02 1.780828035522462187e+02 2.424413278259234694e+00 3.724695275853455279e+00
3.811785015189979049e+02 3.270722960689255443e-02 1.777264316957584924e+02 2.409082116799099005e+00 3.726614698912196655e+00
3.806848254469818471e+02 3.274953355916508657e-02 1.773707862635326933e+02 2.393855277245958035e+00 3.728527937768097544e+00
3.801917870771470120e+02 3.279189222791466934e-02 1.770158657350735893e+02 2.378728981232732576e+00 3.730435001196220401e+00
3.796993855857468247e+02 3.283430568391228210e-02 1.766616685931834638e+02 2.363705208435823657e+00 3.732335897971625016e+00
3.792076201500985349e+02 3.287677399802046291e-02 1.763081933239547823e+02 2.348780855631709130e+00 3.734230636869372955e+00
3.787164899485820229e+02 3.291929724119340567e-02 1.759554384167624903e+02 2.333957205921435740e+00 3.736119226664525339e+00
3.782259941606387201e+02 3.296187548447706422e-02 1.756034023642570503e+02 2.319231919720155854e+00 3.738001676132144180e+00
3.777361319667696762e+02 3.300450879900930501e-02 1.752520836623564264e+02 2.304605496857090152e+00 3.739877994047290599e+00
3.772469025485351040e+02 3.304719725601996255e-02 1.749014808102395477e+02 2.290076444839353353e+00 3.741748189185024831e+00
3.767583050885517650e+02 3.308994092683105459e-02 1.745515923103377816e+02 2.275644398533885671e+00 3.743612270320408886e+00
3.762703387704926854e+02 3.313273988285680288e-02 1.742024166683285387e+02 2.261308790951389369e+00 3.745470246228504330e+00
3.757830027790850522e+02 3.317559419560384137e-02 1.738539523931273436e+02 2.247068316456231951e+00 3.747322125494788825e+00
3.752962963001095886e+02 3.321850393667124396e-02 1.735061979968810988e+02 2.232923407046189634e+00 3.749167917020110874e+00
3.748102185203985641e+02 3.326146917775071876e-02 1.731591519949601263e+02 2.218871744603983398e+00 3.751007629591834203e+00
3.743247686278346578e+02 3.330448999062669835e-02 1.728128129059512332e+02 2.204914828964473106e+00 3.752841271878615270e+00
3.738399458113494234e+02 3.334756644717646462e-02 1.724671792516502933e+02 2.191049262448918622e+00 3.754668852549110092e+00
3.733557492609223232e+02 3.339069861937026679e-02 1.721222495570551416e+02 2.177277676881275603e+00 3.756490380271976015e+00
3.728721781675791362e+02 3.343388657927142543e-02 1.717780223503582988e+02 2.163595533159496043e+00 3.758305863715867723e+00
3.723892317233907647e+02 3.347713039903647825e-02 1.714344961629397517e+02 2.150006655285283674e+00 3.760115311549441675e+00
3.719069091214713012e+02 3.352043015091530492e-02 1.710916695293593932e+02 2.136505303982206172e+00 3.761918732441354773e+00
3.714252095559776308e+02 3.356378590725121042e-02 1.707495409873505139e+02 2.123096551235035712e+00 3.763716135060263035e+00
3.709441322221069868e+02 3.360719774048110536e-02 1.704081090778118437e+02 2.109773403440358130e+00 3.765507528074822918e+00
3.704636763160970645e+02 3.365066572313553384e-02 1.700673723448014130e+02 2.096542232003815620e+00 3.767292920153689995e+00
3.699838410352230085e+02 3.369418992783890232e-02 1.697273293355281396e+02 2.083394739333321866e+00 3.769072319965520723e+00
3.695046255777972419e+02 3.373777042730953524e-02 1.693879786003458605e+02 2.070338644620147495e+00 3.770845736178971119e+00
3.690260291431677615e+02 3.378140729435979983e-02 1.690493186927455156e+02 2.057364774391497786e+00 3.772613177462698086e+00
3.685480509317165456e+02 3.382510060189627271e-02 1.687113481693481845e+02 2.044480814746434394e+00 3.774374652188829948e+00
3.680706901448588724e+02 3.386885042291978148e-02 1.683740655898984642e+02 2.031678417310261775e+00 3.776130169294944050e+00
3.675939459850414437e+02 3.391265683052559904e-02 1.680374695172568806e+02 2.018963844435348154e+00 3.777879737403499139e+00
3.671178176557409643e+02 3.395651989790355457e-02 1.677015585173929537e+02 2.006330506832965543e+00 3.779623365071633323e+00
3.666423043614631183e+02 3.400043969833813073e-02 1.673663311593782623e+02 1.993782911109437839e+00 3.781361060856483824e+00
3.661674053077414897e+02 3.404441630520857465e-02 1.670317860153796232e+02 1.981316257300886896e+00 3.783092833315187864e+00
3.656931197011356289e+02 3.408844979198907138e-02 1.666979216606519287e+02 1.968933266992436426e+00 3.784818691004882663e+00
3.652194467492299736e+02 3.413254023224882722e-02 1.663647366735308708e+02 1.956630956987547076e+00 3.786538642482706329e+00
3.647463856606327681e+02 3.417668769965220843e-02 1.660322296354265745e+02 1.944410237209007519e+00 3.788252696305795642e+00
3.642739356449740171e+02 3.422089226795888006e-02 1.657003991308160948e+02 1.932269965826935110e+00 3.789960861031289596e+00
3.638020959129054859e+02 3.426515401102384756e-02 1.653692437472371068e+02 1.920209218143999808e+00 3.791663145216324082e+00
3.633308656760980284e+02 3.430947300279769963e-02 1.650387620752804310e+02 1.908228715187418878e+00 3.793359557418036765e+00
3.628602441472409055e+02 3.435384931732664987e-02 1.647089527085834675e+02 1.896325677178288371e+00 3.795050106193565753e+00
3.623902305400404202e+02 3.439828302875268945e-02 1.643798142438231480e+02 1.884502706931445282e+00 3.796734800100047824e+00
3.619208240692183836e+02 3.444277421131372585e-02 1.640513452807090857e+02 1.872755151451621414e+00 3.798413647685972006e+00
3.614520239505114887e+02 3.448732293934362453e-02 1.637235444219772091e+02 1.861087511392248484e+00 3.800086657183031846e+00
3.609838294006690376e+02 3.453192928727245870e-02 1.633964102733821164e+02 1.849493245662723107e+00 3.801753837505870148e+00
3.605162396374520881e+02 3.457659332962655097e-02 1.630699414436907659e+02 1.837978766289597221e+00 3.803415197099429435e+00
3.600492538796323743e+02 3.462131514102861213e-02 1.627441365446757118e+02 1.826536400724041664e+00 3.805070744408651784e+00
3.595828713469906006e+02 3.466609479619787992e-02 1.624189941911081974e+02 1.815172176318136321e+00 3.806720487878480608e+00
3.591170912603155330e+02 3.471093236995020925e-02 1.620945130007514763e+02 1.803879845937717219e+00 3.808364435953857097e+00
3.586519128414022930e+02 3.475582793719825259e-02 1.617706915943538775e+02 1.792663511773969764e+00 3.810002597079724662e+00
3.581873353130511646e+02 3.480078157295155017e-02 1.614475285956422965e+02 1.781519126248836793e+00 3.811634979701025383e+00
3.577233578990666274e+02 3.484579335231664104e-02 1.611250226313154030e+02 1.770448606757295318e+00 3.813261592262702671e+00
3.572599798242554812e+02 3.489086335049725041e-02 1.608031723310368193e+02 1.759450106648428269e+00 3.814882443209698604e+00
3.567972003144263340e+02 3.493599164279431041e-02 1.604819763274288960e+02 1.748523358584033405e+00 3.816497540986955261e+00
3.563350185963874424e+02 3.498117830460619609e-02 1.601614332560653224e+02 1.737668715992704449e+00 3.818106894039415167e+00
3.558734338979460290e+02 3.502642341142878785e-02 1.598415417554651015e+02 1.726883727637185117e+00 3.819710510812021287e+00
3.554124454479064070e+02 3.507172703885563791e-02 1.595223004670854721e+02 1.716170944499652684e+00 3.821308399749717033e+00
3.549520524760698663e+02 3.511708926257801899e-02 1.592037080353158274e+02 1.705525734867844756e+00 3.822900569221779232e+00
3.544922542132319450e+02 3.516251015838513932e-02 1.588857631074706092e+02 1.694952842695965023e+00 3.824487027508334247e+00
3.540330498911819177e+02 3.520798980216423985e-02 1.585684643337828277e+02 1.684445925654389775e+00 3.826067783299202052e+00
3.535744387427014317e+02 3.525352826990070521e-02 1.582518103673975816e+02 1.674010521031648269e+00 3.827642844924581844e+00
3.531164200015630854e+02 3.529912563767820949e-02 1.579357998643654639e+02 1.663640656331366818e+00 3.829212220714671044e+00
3.526589929025296897e+02 3.534478198167879254e-02 1.576204314836363949e+02 1.653340148881080829e+00 3.830775918999667518e+00
3.522021566813520508e+02 3.539049737818308200e-02 1.573057038870523172e+02 1.643105439522175804e+00 3.832333948109769128e+00
3.517459105747682884e+02 3.543627190357034884e-02 1.569916157393412846e+02 1.632937953213302373e+00 3.833886316375174186e+00
3.512902538205025849e+02 3.548210563431864611e-02 1.566781657081107255e+02 1.622836530184859960e+00 3.835433032126080111e+00
3.508351856572635370e+02 3.552799864700496857e-02 1.563653524638409635e+02 1.612800217590185214e+00 3.836974103692686544e+00
3.503807053247435306e+02 3.557395101830531509e-02 1.560531746798791914e+02 1.602830239557630376e+00 3.838509539405189575e+00
3.499268120636169215e+02 3.561996282499488298e-02 1.557416310324323376e+02 1.592923281438180627e+00 3.840039347593787955e+00
3.494735051155386145e+02 3.566603414394818594e-02 1.554307202005609554e+02 1.583082934646660167e+00 3.841563536588679995e+00
3.490207837231436088e+02 3.571216505213913733e-02 1.551204408661729985e+02 1.573303806995279386e+00 3.843082114720062670e+00
3.485686471300444964e+02 3.575835562664125833e-02 1.548107917140168297e+02 1.563591036873263063e+00 3.844595090318136066e+00
3.481170945808319743e+02 3.580460594462767793e-02 1.545017714316759339e+02 1.553938922244252341e+00 3.846102471550775892e+00
3.476661253210716609e+02 3.585091608337141050e-02 1.541933787095611876e+02 1.544351020978047995e+00 3.847604266733628986e+00
3.472157385973040391e+02 3.589728612024539051e-02 1.538856122409053455e+02 1.534824170429315515e+00 3.849100484394660793e+00
3.467659336570425808e+02 3.594371613272265981e-02 1.535784707217564744e+02 1.525359414468178798e+00 3.850591132745887712e+00
3.463167097487734623e+02 3.599020619837638851e-02 1.532719528509719567e+02 1.515956105224586681e+00 3.852076219999325701e+00
3.458680661219528929e+02 3.603675639488015947e-02 1.529660573302114699e+02 1.506612797057889308e+00 3.853555754366991160e+00
3.454200020270070013e+02 3.608336680000797519e-02 1.526607828639313595e+02 1.497331331597903104e+00 3.855029744060900043e+00
3.449725167153299594e+02 3.613003749163445910e-02 1.523561281593779313e+02 1.488107799305478540e+00 3.856498197293069197e+00
3.445256094392829027e+02 3.617676854773495265e-02 1.520520919265813404e+02 1.478946504996456079e+00 3.857961122275515464e+00
3.440792794521931910e+02 3.622356004638561250e-02 1.517486728783497085e+02 1.469842035607988207e+00 3.859418527220254358e+00
3.436335260083521348e+02 3.627041206576363253e-02 1.514458697302619328e+02 1.460798330543497281e+00 3.860870420339301834e+00
3.431883483630145975e+02 3.631732468414729936e-02 1.511436812006625132e+02 1.451811616268895877e+00 3.862316809844675181e+00
3.427437457723973466e+02 3.636429797991615198e-02 1.508421060106547031e+02 1.442883562468899150e+00 3.863757703948389910e+00
3.422997174936779174e+02 3.641133203155110659e-02 1.505411428840943984e+02 1.434012990713698033e+00 3.865193110862463755e+00
3.418562627849936462e+02 3.645842691763456073e-02 1.502407905475843677e+02 1.425199003414020948e+00 3.866623038798910894e+00
3.414133809054397375e+02 3.650558271685059447e-02 1.499410477304673179e+02 1.416442985041712843e+00 3.868047495758103249e+00
3.409710711150688098e+02 3.655279950798502597e-02 1.496419131648206076e+02 1.407741503195886867e+00 3.869466490083052879e+00
3.405293326748890763e+02 3.660007736992559879e-02 1.493433855854494254e+02 1.399098472221442568e+00 3.870880030069889788e+00
3.400881648468633784e+02 3.664741638166208598e-02 1.490454637298810496e+02 1.390508924706738370e+00 3.872288123817389849e+00
3.396475668939081629e+02 3.669481662228640112e-02 1.487481463383587084e+02 1.381976371538814252e+00 3.873690779424326713e+00
3.392075380798916058e+02 3.674227817099279259e-02 1.484514321538352135e+02 1.373497548337050178e+00 3.875088004989477142e+00
3.387680776696330440e+02 3.678980110707791296e-02 1.481553199219672194e+02 1.365073647918913613e+00 3.876479808611616118e+00
3.383291849289012134e+02 3.683738550994101330e-02 1.478598083911088850e+02 1.356704038980591553e+00 3.877866198389518626e+00
3.378908591244137938e+02 3.688503145908397785e-02 1.475648963123061606e+02 1.348387311113662612e+00 3.879247182421960094e+00
3.374530995238351352e+02 3.693273903411158771e-02 1.472705824392904219e+02 1.340125428320953382e+00 3.880622768807715950e+00
3.370159053957758601e+02 3.698050831473154165e-02 1.469768655284724730e+02 1.331914579875715710e+00 3.881992965645561622e+00
3.365792760097913288e+02 3.702833938075465042e-02 1.466837443389368616e+02 1.323758791627832387e+00 3.883357781034271650e+00
3.361432106363801608e+02 3.707623231209497550e-02 1.463912176324353140e+02 1.315653517523818872e+00 3.884717223072622794e+00
3.357077085469838380e+02 3.712418718876987767e-02 1.460992841733815055e+02 1.307601247259782218e+00 3.886071299859389150e+00
3.352727690139847141e+02 3.717220409090025990e-02 1.458079427288444947e+02 1.299600112240958394e+00 3.887420019493346146e+00
3.348383913107047647e+02 3.722028309871065754e-02 1.455171920685428688e+02 1.291649956025460400e+00 3.888763389780899971e+00
3.344045747114049050e+02 3.726842429252935629e-02 1.452270309648390310e+02 1.283751545670643646e+00 3.890101419084735390e+00
3.339713184912835118e+02 3.731662775278854483e-02 1.449374581927331178e+02 1.275902120346961599e+00 3.891434115500460145e+00
3.335386219264752299e+02 3.736489356002442586e-02 1.446484725298571163e+02 1.268105040696996477e+00 3.892761487008480348e+00
3.331064842940497215e+02 3.741322179487738264e-02 1.443600727564690374e+02 1.260356012197652920e+00 3.894083541589203890e+00
3.326749048720105293e+02 3.746161253809210390e-02 1.440722576554468901e+02 1.252657860790637345e+00 3.895400287223037772e+00
3.322438829392936555e+02 3.751006587051771562e-02 1.437850260122827990e+02 1.245008146280253358e+00 3.896711731890388997e+00
3.318134177757665952e+02 3.755858187310791990e-02 1.434983766150773761e+02 1.237407309450774706e+00 3.898017883571665898e+00
3.313835086622273707e+02 3.760716062692108508e-02 1.432123082545338093e+02 1.229855564271338242e+00 3.899318750247274146e+00
3.309541548804026547e+02 3.765580221312046783e-02 1.429268197239518656e+02 1.222350729666024094e+00 3.900614339897622074e+00
3.305253557129470323e+02 3.770450671297428946e-02 1.426419098192220645e+02 1.214895628591513566e+00 3.901904660503116684e+00
3.300971104434416930e+02 3.775327420785588861e-02 1.423575773388201355e+02 1.207486391106828982e+00 3.903189720044165867e+00
3.296694183563935212e+02 3.780210477924382528e-02 1.420738210838012208e+02 1.200125740050233203e+00 3.904469526501175292e+00
3.292422787372333914e+02 3.785099850872207516e-02 1.417906398577938205e+02 1.192811228547017821e+00 3.905744087854553293e+00
3.288156908723151446e+02 3.789995547798012676e-02 1.415080324669940524e+02 1.185543337210031467e+00 3.907013412084707316e+00
3.283896540489146219e+02 3.794897576881312712e-02 1.412259977201602794e+02 1.178322272954354988e+00 3.908277506836981718e+00
3.279641675552282436e+02 3.799805946312202753e-02 1.409445344286070281e+02 1.171145895793073377e+00 3.909536380470432615e+00
3.275392306803719862e+02 3.804720664291368071e-02 1.406636414061993889e+02 1.164017018652051982e+00 3.910790040876916951e+00
3.271148427143801314e+02 3.809641739030103502e-02 1.403833174693473893e+02 1.156931922322417483e+00 3.912038495920545422e+00
3.266910029482038453e+02 3.814569178750323863e-02 1.401035614370001099e+02 1.149892996323186534e+00 3.913281753465429169e+00
3.262677106737104396e+02 3.819502991684578519e-02 1.398243721306401142e+02 1.142898262438874823e+00 3.914519821375677999e+00
3.258449651836815519e+02 3.824443186076065954e-02 1.395457483742776503e+02 1.135947772378164133e+00 3.915752707515403053e+00
3.254227657718130331e+02 3.829389770178642793e-02 1.392676889944455638e+02 1.129042184906148050e+00 3.916980419748713693e+00
3.250011117327125589e+02 3.834342752256843928e-02 1.389901928201927888e+02 1.122178957637322672e+00 3.918202965939721505e+00
3.245800023618991190e+02 3.839302140585895001e-02 1.387132586830793173e+02 1.115361308730185463e+00 3.919420353952536296e+00
3.241594369558017661e+02 3.844267943451722125e-02 1.384368854171704584e+02 1.108585466597660218e+00 3.920632591651268761e+00
3.237394148117582517e+02 3.849240169150972002e-02 1.381610718590310398e+02 1.101853287325045505e+00 3.921839686900029598e+00
3.233199352280143444e+02 3.854218825991016784e-02 1.378858168477203492e+02 1.095163656882032210e+00 3.923041647562929057e+00
3.229009975037218965e+02 3.859203922289978356e-02 1.376111192247858241e+02 1.088515807988773121e+00 3.924238481504077392e+00
3.224826009389381625e+02 3.864195466376736665e-02 1.373369778342579650e+02 1.081911232654992894e+00 3.925430196538119088e+00
3.220647448346246051e+02 3.869193466590944291e-02 1.370633915226447641e+02 1.075347101837824892e+00 3.926616800281393704e+00
3.216474284926458154e+02 3.874197931283036855e-02 1.367903591389261067e+02 1.068825931057118872e+00 3.927798300939518317e+00
3.212306512157680345e+02 3.879208868814254529e-02 1.365178795345482854e+02 1.062345179388978655e+00 3.928974706259248606e+00
3.208144123076579604e+02 3.884226287556651752e-02 1.362459515634182026e+02 1.055905521736212771e+00 3.930146023987339809e+00
3.203987110728821790e+02 3.889250195893109718e-02 1.359745740818984245e+02 1.049507032902385673e+00 3.931312261870548941e+00
3.199835468169052319e+02 3.894280602217354420e-02 1.357037459488011280e+02 1.043147806372744846e+00 3.932473427655631237e+00
3.195689188460891046e+02 3.899317514933964973e-02 1.354334660253831544e+02 1.036830479951366124e+00 3.933629529089342380e+00
3.191548264676916347e+02 3.904360942458393741e-02 1.351637331753400986e+02 1.030551773432087259e+00 3.934780573918438051e+00
3.187412689898654889e+02 3.909410893216977434e-02 1.348945462648011642e+02 1.024313369457539924e+00 3.935926569889674376e+00
3.183282457216571402e+02 3.914467375646950992e-02 1.346259041623235930e+02 1.018114230391691466e+00 3.937067524749807479e+00
3.179157559730053322e+02 3.919530398196464233e-02 1.343578057388872367e+02 1.011953581182018391e+00 3.938203446245593042e+00
3.175037990547406253e+02 3.924599969324588794e-02 1.340902498678893267e+02 1.005832947456513082e+00 3.939334342123786303e+00
3.170923742785834634e+02 3.929676097501341725e-02 1.338232354251389040e+02 9.997496885083708706e-01 3.940460220131143387e+00
3.166814809571433784e+02 3.934758791207695200e-02 1.335567612888513338e+02 9.937058497206906482e-01 3.941581088014420420e+00
3.162711184039180807e+02 3.939848058935589009e-02 1.332908263396433597e+02 9.876995560826686837e-01 3.942696953398293402e+00
3.158612859332915832e+02 3.944943909187949987e-02 1.330254294605271070e+02 9.817308918801734841e-01 3.943807823940062018e+00
3.154519828605342582e+02 3.950046350478695484e-02 1.327605695369056207e+02 9.758005382537787709e-01 3.944913707618148191e+00
3.150432085018004500e+02 3.955155391332761117e-02 1.324962454565666405e+02 9.699063563840041313e-01 3.946014612061695015e+00
3.146349621741279066e+02 3.960271040286108407e-02 1.322324561096777131e+02 9.640506334342328065e-01 3.947110544899846030e+00
3.142272431954365288e+02 3.965393305885739350e-02 1.319692003887808767e+02 9.582309045797768876e-01 3.948201513761744774e+00
3.138200508845277454e+02 3.970522196689705435e-02 1.317064771887874883e+02 9.524478685293870095e-01 3.949287526276534344e+00
3.134133845610824096e+02 3.975657721267134015e-02 1.314442854069725399e+02 9.467016029276358324e-01 3.950368590073358277e+00
3.130072435456604012e+02 3.980799888198232467e-02 1.311826239429698262e+02 9.409903466666774685e-01 3.951444712781359669e+00
3.126016271596991487e+02 3.985948706074306930e-02 1.309214916987663173e+02 9.353165203672384465e-01 3.952515902029681616e+00
3.121965347255126062e+02 3.991104183497776875e-02 1.306608875786972419e+02 9.296772914367839036e-01 3.953582165447468544e+00
3.117919655662904006e+02 3.996266329082183433e-02 1.304008104894406870e+02 9.240737532104618124e-01 3.954643510663862216e+00
3.113879190060961264e+02 4.001435151452213679e-02 1.301412593400123967e+02 9.185055959828677397e-01 3.955699945308007059e+00
3.109843943698666067e+02 4.006610659243707573e-02 1.298822330417605428e+02 9.129714247213551737e-01 3.956751477009046170e+00
3.105813909834105857e+02 4.011792861103676694e-02 1.296237305083604667e+02 9.074733970698016794e-01 3.957798113396122641e+00
3.101789081734077058e+02 4.016981765690316036e-02 1.293657506558097054e+02 9.020088109072746940e-01 3.958839861907978097e+00
3.097769452674077684e+02 4.022177381673015112e-02 1.291082924024228191e+02 8.965788578102475981e-01 3.959876730232271047e+00
3.093755015938285737e+02 4.027379717732382930e-02 1.288513546688257918e+02 8.911830339388361333e-01 3.960908726128563817e+00
3.089745764819558076e+02 4.032588782560252161e-02 1.285949363779514556e+02 8.858201672631383916e-01 3.961935857108302095e+00
3.085741692619415062e+02 4.037804584859699258e-02 1.283390364550340621e+02 8.804921960272775738e-01 3.962958130682931124e+00
3.081742792648026921e+02 4.043027133345059032e-02 1.280836538276039676e+02 8.751965957971430399e-01 3.963975554363895704e+00
3.077749058224212035e+02 4.048256436741930198e-02 1.278287874254832559e+02 8.699345245884030353e-01 3.964988135662640634e+00
3.073760482675413073e+02 4.053492503787205214e-02 1.275744361807797418e+02 8.647054564332206095e-01 3.965995882090611158e+00
3.069777059337693004e+02 4.058735343229074449e-02 1.273205990278823094e+02 8.595082719847959574e-01 3.966998801159252519e+00
3.065798781555723167e+02 4.063984963827043523e-02 1.270672749034558251e+02 8.543448574621045344e-01 3.967996900380010850e+00
3.061825642682774173e+02 4.069241374351945106e-02 1.268144627464362344e+02 8.492127793681623071e-01 3.968990187264329172e+00
3.057857636080701127e+02 4.074504583585958351e-02 1.265621614980252758e+02 8.441130881472455050e-01 3.969978669323654508e+00
3.053894755119932256e+02 4.079774600322622069e-02 1.263103701016853790e+02 8.390453881481809706e-01 3.970962354069430766e+00
3.049936993179460956e+02 4.085051433366847923e-02 1.260590875031347622e+02 8.340084617688759971e-01 3.971941249013103636e+00
3.045984343646831576e+02 4.090335091534937767e-02 1.258083126503424154e+02 8.290042915031952120e-01 3.972915361666118361e+00
3.042036799918134307e+02 4.095625583654591284e-02 1.255580444935233118e+02 8.240304577299141231e-01 3.973884699285493038e+00
3.038094355397985851e+02 4.100922918564930963e-02 1.253082819851329504e+02 8.190878382536087576e-01 3.974849269579446620e+00
3.034157003499523739e+02 4.106227105116510429e-02 1.250590240798626809e+02 8.141763021252316213e-01 3.975809080096042170e+00
3.030224737644393826e+02 4.111538152171331090e-02 1.248102697346347014e+02 8.092945237089614885e-01 3.976764138229098133e+00
3.026297551262738352e+02 4.116856068602857410e-02 1.245620179085969284e+02 8.044443425639637990e-01 3.977714451372432070e+00
3.022375437793190258e+02 4.122180863296026621e-02 1.243142675631184915e+02 7.996236547387408633e-01 3.978660026919861981e+00
3.018458390682853860e+02 4.127512545147273004e-02 1.240670176617842486e+02 7.948329851740384422e-01 3.979600872265205425e+00
3.014546403387299165e+02 4.132851123064535531e-02 1.238202671703901530e+02 7.900725853739765103e-01 3.980536994802280848e+00
3.010639469370550501e+02 4.138196605967274511e-02 1.235740150569383076e+02 7.853409960343999963e-01 3.981468401924906253e+00
3.006737582105073443e+02 4.143549002786488938e-02 1.233282602916320627e+02 7.806397551831394388e-01 3.982395101026899198e+00
3.002840735071769132e+02 4.148908322464724130e-02 1.230830018468711984e+02 7.759672877530539026e-01 3.983317099502077685e+00
2.998948921759956079e+02 4.154274573956097394e-02 1.228382386972468225e+02 7.713236254738976561e-01 3.984234404744259717e+00
2.995062135667365055e+02 4.159647766226303583e-02 1.225939698195368379e+02 7.667095047334787639e-01 3.985147024147262851e+00
2.991180370300122036e+02 4.165027908252639383e-02 1.223501941927005277e+02 7.621232787750948923e-01 3.986054965104905978e+00
2.987303619172749336e+02 4.170415009024003306e-02 1.221069107978746331e+02 7.575661404935564169e-01 3.986958235011006213e+00
2.983431875808139466e+02 4.175809077540929004e-02 1.218641186183675558e+02 7.530371345959869789e-01 3.987856840945403381e+00
2.979565133737554561e+02 4.181210122815588043e-02 1.216218166396549805e+02 7.485357094887271634e-01 3.988750790627250353e+00
2.975703386500612169e+02 4.186618153871808634e-02 1.213800038493752140e+02 7.440631748275045032e-01 3.989640091400006749e+00
2.971846627645273884e+02 4.192033179745092986e-02 1.211386792373239416e+02 7.396176497364288505e-01 3.990524750540076937e+00
2.967994850727840230e+02 4.197455209482623545e-02 1.208978417954501055e+02 7.351999449155216526e-01 3.991404775323864840e+00
2.964148049312930198e+02 4.202884252143290061e-02 1.206574905178502917e+02 7.308098024644456014e-01 3.992280173027773493e+00
2.960306216973477831e+02 4.208320316797698607e-02 1.204176244007646943e+02 7.264461569482114633e-01 3.993150950928208154e+00
2.956469347290719156e+02 4.213763412528185454e-02 1.201782424425718858e+02 7.221105272298504740e-01 3.994017116301571413e+00
2.952637433854179676e+02 4.219213548428837890e-02 1.199393436437842411e+02 7.178011977656278964e-01 3.994878676424268527e+00
2.948810470261670957e+02 4.224670733605497691e-02 1.197009270070435605e+02 7.135184194970649596e-01 3.995735638572702531e+00
2.944988450119267895e+02 4.230134977175792343e-02 1.194629915371154709e+02 7.092626973616192876e-01 3.996588010023277349e+00
2.941171367041309281e+02 4.235606288269138514e-02 1.192255362408856598e+02 7.050326333090474185e-01 3.997435798052397349e+00
2.937359214650380750e+02 4.241084676026761480e-02 1.189885601273545461e+02 7.008292803962128392e-01 3.998279009936466011e+00
2.933551986577303978e+02 4.246570149601712474e-02 1.187520622076327612e+02 6.966517929886778537e-01 3.999117652951888147e+00
2.929749676461133276e+02 4.252062718158874932e-02 1.185160414949368572e+02 6.924995904988386908e-01 3.999951734361442579e+00
2.925952277949135123e+02 4.257562390874992247e-02 1.182804970045839212e+02 6.883739949758918009e-01 4.000781261110449627e+00
2.922159784696783618e+02 4.263069176938674709e-02 1.180454277539874823e+02 6.842732464708531914e-01 4.001606240870193787e+00
2.918372190367747407e+02 4.268583085550419626e-02 1.178108327626525949e+02 6.801979110401016326e-01 4.002426680800953207e+00
2.914589488633882297e+02 4.274104125922619651e-02 1.175767110521714045e+02 6.761480584033044972e-01 4.003242588063003815e+00
2.910811673175216470e+02 4.279632307279586378e-02 1.173430616462183309e+02 6.721225829209304115e-01 4.004053969816625091e+00
2.907038737679941960e+02 4.285167638857562133e-02 1.171098835705454775e+02 6.681226128320492119e-01 4.004860833222092076e+00
2.903270675844404423e+02 4.290710129904735243e-02 1.168771758529781550e+02 6.641470571998718819e-01 4.005663185439684248e+00
2.899507481373091196e+02 4.296259789681256686e-02 1.166449375234101780e+02 6.601956268836899344e-01 4.006461033629677537e+00
2.895749147978625615e+02 4.301816627459249809e-02 1.164131676137994873e+02 6.562693428359914760e-01 4.007254384952349646e+00
2.891995669381748257e+02 4.307380652522836001e-02 1.161818651581631912e+02 6.523666671732880618e-01 4.008043246567978279e+00
2.888247039311312960e+02 4.312951874168143018e-02 1.159510291925733725e+02 6.484881834617632901e-01 4.008827625636840253e+00
2.884503251504273749e+02 4.318530301703323027e-02 1.157206587551523285e+02 6.446338360723051775e-01 4.009607529319213270e+00
2.880764299705673466e+02 4.324115944448567866e-02 1.154907528860679946e+02 6.408026516114779803e-01 4.010382964775375036e+00
2.877030177668638089e+02 4.329708811736120155e-02 1.152613106275298236e+02 6.369956943546672967e-01 4.011153939165601479e+00
2.873300879154361951e+02 4.335308912910296880e-02 1.150323310237837973e+02 6.332119137607485904e-01 4.011920459561820529e+00
2.869576397932095233e+02 4.340916257327501887e-02 1.148038131211079644e+02 6.294510283902858827e-01 4.012682532960993420e+00
2.865856727779139987e+02 4.346530854356237678e-02 1.145757559678082060e+02 6.257140378384645762e-01 4.013440166806300446e+00
2.862141862480834220e+02 4.352152713377127613e-02 1.143481586142136024e+02 6.219994814330758182e-01 4.014193368141342866e+00
2.858431795830546776e+02 4.357781843782922854e-02 1.141210201126720278e+02 6.183078351875784806e-01 4.014942144009720160e+00
2.854726521629660851e+02 4.363418254978527339e-02 1.138943395175454896e+02 6.146391752863338276e-01 4.015686501455035362e+00
2.851026033687567178e+02 4.369061956381008888e-02 1.136681158852058502e+02 6.109925271560967541e-01 4.016426447520887955e+00
2.847330325821653219e+02 4.374712957419616549e-02 1.134423482740302944e+02 6.073687767273396876e-01 4.017161989250880971e+00
2.843639391857294072e+02 4.380371267535791008e-02 1.132170357443970659e+02 6.037671494376873893e-01 4.017893133688614782e+00
2.839953225627841107e+02 4.386036896183187483e-02 1.129921773586809337e+02 6.001871373804070764e-01 4.018619887877689756e+00
2.836271820974608318e+02 4.391709852827690302e-02 1.127677721812484890e+02 5.966299496152508430e-01 4.019342258861708927e+00
2.832595171746867777e+02 4.397390146947424694e-02 1.125438192784542935e+02 5.930940826496237106e-01 4.020060253684271778e+00
2.828923271801834858e+02 4.403077788032777606e-02 1.123203177186359483e+02 5.895798028512126976e-01 4.020773879388981342e+00
2.825256115004663684e+02 4.408772785586404647e-02 1.120972665721103283e+02 5.860875288955234019e-01 4.021483143019437101e+00
2.821593695228428373e+02 4.414475149123259917e-02 1.118746649111684945e+02 5.826161751939362698e-01 4.022188051619241200e+00
2.817936006354120764e+02 4.420184888170599485e-02 1.116525118100718856e+02 5.791663567460808570e-01 4.022888612078215687e+00
2.814283042270633359e+02 4.425902012268004976e-02 1.114308063450475856e+02 5.757377664105817194e-01 4.023584831428636654e+00
2.810634796874755352e+02 4.431626530967396754e-02 1.112095475942842739e+02 5.723297036114914915e-01 4.024276716884315874e+00
2.806991264071161254e+02 4.437358453833044336e-02 1.109887346379278910e+02 5.689431017195094586e-01 4.024964275373581479e+00
2.803352437772395547e+02 4.443097790441593448e-02 1.107683665580769770e+02 5.655769891557029805e-01 4.025647513824761603e+00
2.799718311898867569e+02 4.448844550382075047e-02 1.105484424387786504e+02 5.622311164380736637e-01 4.026326439166185267e+00
2.796088880378840145e+02 4.454598743255922672e-02 1.103289613660242736e+02 5.589064145033566522e-01 4.027001058326180605e+00
2.792464137148417649e+02 4.460360378676989784e-02 1.101099224277449622e+02 5.556015977148334173e-01 4.027671378233074861e+00
2.788844076151542026e+02 4.466129466271558796e-02 1.098913247138078475e+02 5.523169366906937050e-01 4.028337405815197947e+00
2.785228691339972897e+02 4.471906015678368818e-02 1.096731673160110176e+02 5.490527443712985844e-01 4.028999148000877994e+00
2.781617976673285284e+02 4.477690036548624686e-02 1.094554493280798226e+02 5.458080647093930260e-01 4.029656611718441361e+00
2.778011926118854831e+02 4.483481538546014306e-02 1.092381698456623269e+02 5.425834373168079150e-01 4.030309803896218845e+00
2.774410533651853257e+02 4.489280531346721143e-02 1.090213279663254013e+02 5.393786115537221315e-01 4.030958731462536804e+00
2.770813793255232440e+02 4.495087024639447815e-02 1.088049227895501758e+02 5.361929332153181349e-01 4.031603401345725146e+00
2.767221698919716459e+02 4.500901028125427888e-02 1.085889534167277901e+02 5.330271854863150027e-01 4.032243820474111118e+00
2.763634244643793068e+02 4.506722551518441838e-02 1.083734189511555428e+02 5.298806057909154488e-01 4.032879995558234398e+00
2.760051424433699481e+02 4.512551604544836475e-02 1.081583184980320738e+02 5.267528153955354231e-01 4.033511933655486104e+00
2.756473232303420673e+02 4.518388196943532581e-02 1.079436511644540531e+02 5.236448169220973003e-01 4.034139641770602580e+00
2.752899662274669481e+02 4.524232338466054049e-02 1.077294160594110792e+02 5.205553848561923491e-01 4.034763126716345738e+00
2.749330708376883763e+02 4.530084038876533437e-02 1.075156122937821692e+02 5.174845991714728255e-01 4.035382395305479264e+00
2.745766364647211049e+02 4.535943307951735559e-02 1.073022389803310688e+02 5.144330343634483382e-01 4.035997454350764180e+00
2.742206625130502857e+02 4.541810155481069977e-02 1.070892952337025150e+02 5.113996731232864912e-01 4.036608310664964172e+00
2.738651483879305601e+02 4.547684591266602794e-02 1.068767801704180584e+02 5.083848160840936936e-01 4.037214971060839375e+00
2.735100934953844103e+02 4.553566625123084410e-02 1.066646929088715865e+02 5.053886062134913537e-01 4.037817442351153474e+00
2.731554972422018182e+02 4.559456266877958547e-02 1.064530325693254866e+02 5.024102601558103620e-01 4.038415731348669269e+00
2.728013590359390150e+02 4.565353526371378201e-02 1.062417982739065110e+02 4.994502615540528656e-01 4.039009844866146892e+00
2.724476782849173446e+02 4.571258413456226466e-02 1.060309891466014847e+02 4.965083651301564482e-01 4.039599789716350919e+00
2.720944543982228652e+02 4.577170937998124856e-02 1.058206043132534973e+02 4.935839993553779448e-01 4.040185572712042372e+00
2.717416867857045304e+02 4.583091109875461061e-02 1.056106429015575685e+02 4.906778107217800167e-01 4.040767200665984049e+00
2.713893748579738485e+02 4.589018938979395890e-02 1.054011040410566409e+02 4.877892066864365495e-01 4.041344680390937860e+00
2.710375180264032906e+02 4.594954435213888938e-02 1.051919868631373589e+02 4.849178065943555160e-01 4.041918018414962788e+00
2.706861157031263474e+02 4.600897608495699981e-02 1.049832905010265449e+02 4.820644007350067817e-01 4.042487221816114307e+00
2.703351673010353124e+02 4.606848468754423664e-02 1.047750140897864242e+02 4.792280880652753372e-01 4.043052297399387207e+00
2.699846722337811684e+02 4.612807025932495059e-02 1.045671567663111148e+02 4.764087018741753887e-01 4.043613251863019897e+00
2.696346299157721091e+02 4.618773289985208391e-02 1.043597176693222792e+02 4.736070294830028171e-01 4.044170091905251674e+00
2.692850397621727438e+02 4.624747270880737171e-02 1.041526959393652021e+02 4.708220267538510417e-01 4.044722824224322721e+00
2.689359011889035855e+02 4.630728978600140433e-02 1.039460907188050811e+02 4.680537689342148533e-01 4.045271455518470560e+00
2.685872136126390615e+02 4.636718423137395351e-02 1.037399011518224086e+02 4.653027543020452628e-01 4.045815992485936263e+00
2.682389764508074563e+02 4.642715614499400012e-02 1.035341263844094755e+02 4.625680993146116249e-01 4.046356441824958239e+00
2.678911891215893775e+02 4.648720562705998399e-02 1.033287655643661083e+02 4.598499970202761244e-01 4.046892810233774895e+00
2.675438510439169590e+02 4.654733277789995655e-02 1.031238178412958177e+02 4.571486907527423371e-01 4.047425104410627306e+00
2.671969616374733505e+02 4.660753769797166407e-02 1.029192823666019905e+02 4.544634401029126192e-01 4.047953331053753878e+00
2.668505203226908975e+02 4.666782048786285303e-02 1.027151582934835545e+02 4.517945401109600412e-01 4.048477496861393909e+00
2.665045265207506873e+02 4.672818124829135333e-02 1.025114447769312136e+02 4.491420113780716372e-01 4.048997608531786696e+00
2.661589796535815253e+02 4.678862008010526569e-02 1.023081409737236243e+02 4.465052401053275499e-01 4.049513672763170646e+00
2.658138791438589124e+02 4.684913708428314200e-02 1.021052460424232748e+02 4.438846084166401806e-01 4.050025695914425405e+00
2.654692244150042484e+02 4.690973236193408252e-02 1.019027591433727196e+02 4.412799445566161216e-01 4.050533685063590461e+00
2.651250148911835254e+02 4.697040601429803425e-02 1.017006794386904858e+02 4.386907457506002417e-01 4.051037646819083626e+00
2.647812499973066451e+02 4.703115814274585332e-02 1.014990060922673223e+02 4.361174671622666255e-01 4.051537587766142146e+00
2.644379291590262824e+02 4.709198884877954794e-02 1.012977382697622062e+02 4.335597733069316284e-01 4.052033514490004151e+00
2.640950518027373164e+02 4.715289823403232689e-02 1.010968751385986479e+02 4.310172577353556522e-01 4.052525433575904223e+00
2.637526173555752962e+02 4.721388640026893263e-02 1.008964158679604708e+02 4.284904354448313968e-01 4.053013351609079606e+00
2.634106252454157584e+02 4.727495344938571070e-02 1.006963596287881728e+02 4.259788341685016300e-01 4.053497275174767545e+00
2.630690749008734883e+02 4.733609948341078316e-02 1.004967055937752036e+02 4.234821299283155205e-01 4.053977210858204394e+00
2.627279657513009852e+02 4.739732460450427759e-02 1.002974529373635733e+02 4.210008851430234733e-01 4.054453165244627399e+00
2.623872972267884620e+02 4.745862891495838259e-02 1.000986008357408821e+02 4.185345161029436767e-01 4.054925144919272917e+00
2.620470687581617426e+02 4.752001251719766006e-02 9.990014846683551752e+01 4.160827682631902391e-01 4.055393156467377302e+00
2.617072797769822046e+02 4.758147551377912149e-02 9.970209501031352772e+01 4.136462398044081223e-01 4.055857206474176913e+00
2.613679297155453014e+02 4.764301800739244308e-02 9.950443964757445769e+01 4.112242593819185332e-01 4.056317301524908991e+00
2.610290180068798236e+02 4.770464010086012535e-02 9.930718156174766875e+01 4.088166296273484934e-01 4.056773448152140915e+00
2.606905440847473301e+02 4.776634189713759721e-02 9.911031993768868631e+01 4.064239735617057869e-01 4.057225652703543517e+00
2.603525073836403294e+02 4.782812349931352819e-02 9.891385396197505031e+01 4.040455545334785681e-01 4.057673922093547603e+00
2.600149073387819953e+02 4.788998501060989788e-02 9.871778282290277673e+01 4.016812208379180738e-01 4.058118262794821796e+00
2.596777433861250302e+02 4.795192653438219016e-02 9.852210571048246379e+01 3.993316101129355533e-01 4.058558681280036495e+00
2.593410149623507550e+02 4.801394817411958754e-02 9.832682181643578190e+01 3.969959413176751828e-01 4.058995184021861213e+00
2.590047215048682574e+02 4.807605003344508215e-02 9.813193033419140932e+01 3.946740976129436973e-01 4.059427777492964573e+00
2.586688624518131974e+02 4.813823221611573250e-02 9.793743045888146526e+01 3.923667216839368810e-01 4.059856468166018750e+00
2.583334372420471823e+02 4.820049482602278834e-02 9.774332138733771558e+01 3.900730076824320269e-01 4.060281262513691480e+00
2.579984453151562320e+02 4.826283796719190583e-02 9.754960231808770743e+01 3.877928668683938707e-01 4.060702167008653163e+00
2.576638861114510064e+02 4.832526174378320993e-02 9.735627245135145813e+01 3.855269280169237867e-01 4.061119188123574197e+00
2.573297590719645314e+02 4.838776626009160670e-02 9.716333098903727716e+01 3.832743887908684477e-01 4.061532332331123207e+00
2.569960636384521422e+02 4.845035162054690120e-02 9.697077713473831295e+01 3.810351773333378045e-01 4.061941606103970592e+00
2.566627992533901192e+02 4.851301792971394328e-02 9.677861009372871592e+01 3.788098954207764213e-01 4.062347015914785864e+00
2.563299653599750059e+02 4.857576529229286344e-02 9.658682907296015685e+01 3.765977660532943694e-01 4.062748568236239421e+00
2.559975614021228125e+02 4.863859381311915614e-02 9.639543328105808939e+01 3.743987156215090595e-01 4.063146269417571510e+00
2.556655868244674821e+02 4.870150359716395039e-02 9.620442192831781369e+01 3.722133357888087191e-01 4.063540125851776708e+00
2.553340410723606055e+02 4.876449474953415547e-02 9.601379422670116526e+01 3.700408661491129125e-01 4.063930144235236241e+00
2.550029235918700579e+02 4.882756737547259973e-02 9.582354938983264958e+01 3.678812295583403502e-01 4.064316330928640753e+00
2.546722338297793442e+02 4.889072158035827342e-02 9.563368663299586103e+01 3.657350056599054655e-01 4.064698692292683546e+00
2.543419712335867473e+02 4.895395746970639811e-02 9.544420517313000119e+01 3.636014601209226482e-01 4.065077234688056151e+00
2.540121352515039916e+02 4.901727514916872502e-02 9.525510422882591399e+01 3.614805113690255367e-01 4.065451964475449209e+00
2.536827253324556182e+02 4.908067472453364610e-02 9.506638302032274623e+01 3.593727053218608303e-01 4.065822888015555137e+00
2.533537409260781033e+02 4.914415630172638133e-02 9.487804076950421006e+01 3.572773624543082449e-01 4.066190011669066351e+00
2.530251814827186365e+02 4.920771998680916609e-02 9.469007669989494502e+01 3.551943846251955361e-01 4.066553341796673493e+00
2.526970464534349219e+02 4.927136588598135525e-02 9.450249003665724956e+01 3.531242778923669445e-01 4.066912884759068980e+00
2.523693352899931597e+02 4.933509410557974928e-02 9.431528000658688882e+01 3.510664301817121302e-01 4.067268646916944341e+00
2.520420474448680750e+02 4.939890475207862897e-02 9.412844583811013877e+01 3.490207201843045226e-01 4.067620634630991994e+00
2.517151823712414114e+02 4.946279793209005377e-02 9.394198676127967929e+01 3.469876084515908787e-01 4.067968854261902578e+00
2.513887395230016466e+02 4.952677375236386875e-02 9.375590200777159566e+01 3.449665620206891492e-01 4.068313312170367624e+00
2.510627183547423726e+02 4.959083231978808626e-02 9.357019081088130008e+01 3.429574303133716695e-01 4.068654014531653651e+00
2.507371183217617840e+02 4.965497374138893444e-02 9.338485240552030575e+01 3.409606231849903746e-01 4.068990967772503353e+00
2.504119388800616548e+02 4.971919812433107239e-02 9.319988602821250367e+01 3.389756975134551320e-01 4.069324178375546275e+00
2.500871794863464572e+02 4.978350557591779135e-02 9.301529091709075203e+01 3.370024678253417116e-01 4.069653652590875303e+00
2.497628395980226799e+02 4.984789620359110496e-02 9.283106631189343716e+01 3.350412885360382620e-01 4.069979396668582439e+00
2.494389186731974917e+02 4.991237011493204756e-02 9.264721145396072188e+01 3.330918161975994773e-01 4.070301416858760568e+00
2.491154161706780030e+02 4.997692741766080610e-02 9.246372558623113491e+01 3.311538252676003991e-01 4.070619719411500803e+00
2.487923315499705552e+02 5.004156821963685886e-02 9.228060795323824550e+01 3.292276103894140604e-01 4.070934310576896031e+00
2.484696642712794699e+02 5.010629262885923918e-02 9.209785780110682651e+01 3.273129367772599219e-01 4.071245196605038252e+00
2.481474137955067363e+02 5.017110075346659093e-02 9.191547437754982752e+01 3.254095340812988013e-01 4.071552383746019466e+00
2.478255795842503062e+02 5.023599270173749465e-02 9.173345693186449523e+01 3.235176332512790798e-01 4.071855878249932559e+00
2.475041610998037811e+02 5.030096858209055777e-02 9.155180471492904815e+01 3.216371163352136353e-01 4.072155686366869531e+00
2.471831578051553322e+02 5.036602850308461582e-02 9.137051697919929438e+01 3.197676638449146180e-01 4.072451814346922383e+00
2.468625691639867057e+02 5.043117257341893367e-02 9.118959297870505054e+01 3.179094394890371045e-01 4.072744268440184001e+00
2.465423946406727396e+02 5.049640090193331654e-02 9.100903196904695847e+01 3.160624495518967736e-01 4.073033054896745497e+00
2.462226337002798573e+02 5.056171359760839451e-02 9.082883320739264832e+01 3.142263214728064913e-01 4.073318179730787136e+00
2.459032858085655278e+02 5.062711076956575434e-02 9.064899595247364061e+01 3.124011485386927744e-01 4.073599649379840315e+00
2.455843504319773558e+02 5.069259252706811297e-02 9.046951946458175087e+01 3.105870679380245414e-01 4.073877470121702871e+00
2.452658270376523149e+02 5.075815897951947014e-02 9.029040300556587795e+01 3.087836504728202480e-01 4.074151648097298128e+00
2.449477150934154395e+02 5.082381023646538598e-02 9.011164583882830925e+01 3.069909161700856703e-01 4.074422189447548526e+00
2.446300140677793706e+02 5.088954640759308506e-02 8.993324722932159432e+01 3.052091390909419943e-01 4.074689100313379164e+00
2.443127234299431905e+02 5.095536760273166460e-02 8.975520644354497790e+01 3.034378301938852607e-01 4.074952386835713369e+00
2.439958426497915980e+02 5.102127393185230259e-02 8.957752274954107463e+01 3.016769337361147052e-01 4.075212055155473578e+00
2.436793711978943691e+02 5.108726550506833414e-02 8.940019541689270000e+01 2.999268659469012666e-01 4.075468111413584893e+00
2.433633085455048786e+02 5.115334243263559844e-02 8.922322371671913288e+01 2.981870750813394033e-01 4.075720561750970639e+00
2.430476541645595319e+02 5.121950482495251505e-02 8.904660692167296077e+01 2.964575000769907320e-01 4.075969412308553252e+00
2.427324075276769122e+02 5.128575279256029212e-02 8.887034430593682544e+01 2.947384860694096109e-01 4.076214669227257836e+00
2.424175681081567575e+02 5.135208644614313450e-02 8.869443514521982763e+01 2.930296339960435925e-01 4.076456338648006827e+00
2.421031353799794203e+02 5.141850589652834091e-02 8.851887871675450015e+01 2.913308112897740054e-01 4.076694426711725328e+00
2.417891088178045038e+02 5.148501125468662315e-02 8.834367429929329774e+01 2.896422709675136042e-01 4.076928939559335774e+00
2.414754878969702077e+02 5.155160263173220320e-02 8.816882117310515810e+01 2.879637895035713213e-01 4.077159883048908640e+00
2.411622720934925610e+02 5.161828013892302142e-02 8.799431861997247495e+01 2.862951544411223015e-01 4.077387263611928603e+00
2.408494608840642854e+02 5.168504388766093777e-02 8.782016592318754533e+01 2.846365253842670917e-01 4.077611087336316054e+00
2.405370537460544256e+02 5.175189398949183589e-02 8.764636236754962795e+01 2.829878571883073790e-01 4.077831360254559279e+00
2.402250501575067574e+02 5.181883055610594230e-02 8.747290723936113466e+01 2.813488558873230017e-01 4.078048088399147453e+00
2.399134495971395040e+02 5.188585369933791658e-02 8.729979982642481673e+01 2.797195866357047311e-01 4.078261277802568863e+00
2.396022515443440284e+02 5.195296353116710814e-02 8.712703941804015528e+01 2.781001849917298374e-01 4.078470934497313571e+00
2.392914554791846058e+02 5.202016016371759782e-02 8.695462530500043385e+01 2.764902741272904918e-01 4.078677064515868977e+00
2.389810608823967186e+02 5.208744370925860040e-02 8.678255677958914305e+01 2.748898239535972898e-01 4.078879673890724256e+00
2.386710672353867437e+02 5.215481428020449228e-02 8.661083313557692520e+01 2.732991525596538129e-01 4.079078768654368581e+00
2.383614740202310145e+02 5.222227198911504747e-02 8.643945366821829168e+01 2.717177991542654714e-01 4.079274354839290240e+00
2.380522807196746840e+02 5.228981694869566654e-02 8.626841767424834018e+01 2.701457085023197813e-01 4.079466438477978407e+00
2.377434868171314690e+02 5.235744927179743213e-02 8.609772445187972778e+01 2.685831705975962325e-01 4.079655025602922258e+00
2.374350917966820020e+02 5.242516907141747673e-02 8.592737330079913249e+01 2.670298518087680373e-01 4.079840122246610079e+00
2.371270951430734613e+02 5.249297646069905898e-02 8.575736352216416947e+01 2.654856272711080267e-01 4.080021734424885693e+00
2.368194963417186329e+02 5.256087155293177188e-02 8.558769441860037830e+01 2.639506802440680922e-01 4.080199867870587305e+00
2.365122948786948598e+02 5.262885446155177172e-02 8.541836529419762769e+01 2.624248831768381529e-01 4.080374528977976922e+00
2.362054902407437282e+02 5.269692530014185444e-02 8.524937545450748644e+01 2.609080150338676241e-01 4.080545723671730407e+00
2.358990819152694769e+02 5.276508418243179566e-02 8.508072420653942913e+01 2.594001524761505584e-01 4.080713457876520067e+00
2.355930693903385418e+02 5.283333122229846163e-02 8.491241085875800820e+01 2.579013739700253827e-01 4.080877737517019099e+00
2.352874521546787321e+02 5.290166653376598971e-02 8.474443472107968489e+01 2.564113621745015559e-01 4.081038568517902476e+00
2.349822296976780933e+02 5.297009023100603120e-02 8.457679510486943286e+01 2.549300874811470941e-01 4.081195956803842506e+00
2.346774015093846231e+02 5.303860242833784155e-02 8.440949132293800972e+01 2.534578339263033886e-01 4.081349908299513274e+00
2.343729670805047647e+02 5.310720324022859262e-02 8.424252268953834744e+01 2.519941879207027724e-01 4.081500428929588864e+00
2.340689259024027820e+02 5.317589278129351144e-02 8.407588852036261073e+01 2.505390985356195088e-01 4.081647524618743361e+00
2.337652774671000770e+02 5.324467116629606755e-02 8.390958813253911330e+01 2.490928012380984324e-01 4.081791201291649074e+00
2.334620212672744231e+02 5.331353851014811185e-02 8.374362084462920564e+01 2.476550397667080239e-01 4.081931464872980087e+00
2.331591567962585714e+02 5.338249492791018874e-02 8.357798597662397810e+01 2.462256796933605663e-01 4.082068321287410484e+00
2.328566835480399391e+02 5.345154053479164724e-02 8.341268284994129090e+01 2.448048419778867391e-01 4.082201776459613463e+00
2.325546010172595857e+02 5.352067544615083522e-02 8.324771078742266184e+01 2.433924928946197552e-01 4.082331836233129785e+00
2.322529086992112184e+02 5.358989977749534228e-02 8.308306911333006894e+01 2.419883929028610048e-01 4.082458506397896869e+00
2.319516060898408227e+02 5.365921364448207609e-02 8.291875715334310826e+01 2.405925495291596217e-01 4.082581793119933522e+00
2.316506926857450992e+02 5.372861716291763012e-02 8.275477423455554060e+01 2.392051496300758862e-01 4.082701702217862660e+00
2.313501679841712928e+02 5.379811044875833226e-02 8.259111968547250626e+01 2.378258493749162428e-01 4.082818239510308977e+00
2.310500314830159709e+02 5.386769361811050150e-02 8.242779283600735596e+01 2.364546009071969157e-01 4.082931410815896278e+00
2.307502826808241707e+02 5.393736678723064920e-02 8.226479301747849604e+01 2.350916389004047424e-01 4.083041221953249256e+00
2.304509210767890011e+02 5.400713007252559705e-02 8.210211956260663158e+01 2.337366867346165611e-01 4.083147678740990827e+00
2.301519461707501932e+02 5.407698359055278930e-02 8.193977180551129891e+01 2.323896405991216219e-01 4.083250786997746573e+00
2.298533574631936460e+02 5.414692745802040380e-02 8.177774908170812296e+01 2.310506156933043731e-01 4.083350552542139411e+00
2.295551544552505732e+02 5.421696179178756014e-02 8.161605072810573347e+01 2.297195685040129831e-01 4.083446981192794034e+00
2.292573366486963380e+02 5.428708670886457643e-02 8.145467608300251072e+01 2.283962843194010384e-01 4.083540078768333359e+00
2.289599035459503398e+02 5.435730232641301785e-02 8.129362448608408442e+01 2.270807605484422564e-01 4.083629851087382967e+00
2.286628546500743653e+02 5.442760876174606438e-02 8.113289527841969573e+01 2.257731835851427560e-01 4.083716303968566663e+00
2.283661894647721624e+02 5.449800613232861496e-02 8.097248780245952560e+01 2.244732292792828154e-01 4.083799443230507364e+00
2.280699074943885307e+02 5.456849455577751640e-02 8.081240140203171052e+01 2.231808526551197214e-01 4.083879274546567295e+00
2.277740082439088667e+02 5.463907414986166056e-02 8.065263542233934402e+01 2.218962457514223885e-01 4.083955803732552958e+00
2.274784912189576005e+02 5.470974503250235904e-02 8.049318920995727922e+01 2.206191973980321241e-01 4.084029036760286502e+00
2.271833559257979118e+02 5.478050732177340565e-02 8.033406211282938614e+01 2.193495898372698483e-01 4.084098979343189662e+00
2.268886018713307919e+02 5.485136113590130535e-02 8.017525348026546794e+01 2.180874931536633254e-01 4.084165637194685061e+00
2.265942285630940489e+02 5.492230659326551717e-02 8.001676266293826245e+01 2.168329348140941304e-01 4.084229016028194437e+00
2.263002355092619382e+02 5.499334381239853742e-02 7.985858901288068523e+01 2.155856829373516137e-01 4.084289121557137747e+00
2.260066222186436846e+02 5.506447291198624666e-02 7.970073188348254689e+01 2.143456944538844888e-01 4.084345959494939393e+00
2.257133882006831982e+02 5.513569401086799993e-02 7.954319062948792407e+01 2.131132113993550459e-01 4.084399535555018446e+00
2.254205329654579657e+02 5.520700722803687649e-02 7.938596460699196200e+01 2.118879096030674702e-01 4.084449855450798417e+00
2.251280560236783117e+02 5.527841268263988111e-02 7.922905317343810339e+01 2.106697401752717358e-01 4.084496924895701042e+00
2.248359568866868017e+02 5.534991049397804813e-02 7.907245568761517518e+01 2.094588202869809845e-01 4.084540749603147169e+00
2.245442350664570199e+02 5.542150078150679532e-02 7.891617150965434746e+01 2.082550705963214510e-01 4.084581335286559423e+00
2.242528900755930010e+02 5.549318366483601411e-02 7.876020000102629126e+01 2.070583246950543355e-01 4.084618687659358649e+00
2.239619214273283774e+02 5.556495926373031247e-02 7.860454052453826534e+01 2.058685774159357829e-01 4.084652812434966584e+00
2.236713286355254127e+02 5.563682769810922302e-02 7.844919244433108929e+01 2.046859893302070965e-01 4.084683715124922010e+00
2.233811112146747462e+02 5.570878908804730023e-02 7.829415512587667081e+01 2.035102788530986362e-01 4.084711401565832567e+00
2.230912686798937443e+02 5.578084355377449510e-02 7.813942793597453829e+01 2.023414054983904420e-01 4.084735877536996185e+00
2.228018005469263301e+02 5.585299121567623148e-02 7.798501024274938231e+01 2.011795114223504100e-01 4.084757148647573999e+00
2.225127063321417893e+02 5.592523219429365589e-02 7.783090141564791509e+01 2.000244555552371795e-01 4.084775220506728033e+00
2.222239855525344581e+02 5.599756661032377625e-02 7.767710082543632666e+01 1.988761137276020829e-01 4.084790098723621199e+00
2.219356377257222448e+02 5.606999458461976726e-02 7.752360784419700224e+01 1.977345042598466496e-01 4.084801788907414632e+00
2.216476623699463175e+02 5.614251623819109527e-02 7.737042184532604949e+01 1.965997293244035049e-01 4.084810296667270357e+00
2.213600590040701945e+02 5.621513169220374029e-02 7.721754220353021481e+01 1.954715476376701067e-01 4.084815627612350397e+00
2.210728271475787210e+02 5.628784106798042502e-02 7.706496829482408373e+01 1.943499204233003486e-01 4.084817787351816776e+00
2.207859663205777849e+02 5.636064448700071894e-02 7.691269949652743776e+01 1.932349958773967868e-01 4.084816781494830629e+00
2.204994760437928392e+02 5.643354207090139907e-02 7.676073518726208533e+01 1.921266099073952183e-01 4.084812615650555756e+00
2.202133558385685888e+02 5.650653394147652636e-02 7.660907474694933228e+01 1.910246605801972919e-01 4.084805295428151517e+00
2.199276052268679393e+02 5.657962022067770935e-02 7.645771755680692650e+01 1.899291717125217160e-01 4.084794826436782600e+00
2.196422237312713435e+02 5.665280103061429845e-02 7.630666299934651420e+01 1.888402238533226640e-01 4.084781214285608364e+00
2.193572108749761753e+02 5.672607649355351084e-02 7.615591045837069828e+01 1.877575969981930548e-01 4.084764464336280376e+00
2.190725661817953664e+02 5.679944673192079824e-02 7.600545931897012508e+01 1.866812540061153769e-01 4.084744582430638538e+00
2.187882891761571216e+02 5.687291186829991629e-02 7.585530896752085539e+01 1.856113330267778472e-01 4.084721574163006075e+00
2.185043793831039807e+02 5.694647202543316744e-02 7.570545879168157910e+01 1.845476798794515594e-01 4.084695445039894679e+00
2.182208363282918526e+02 5.702012732622165764e-02 7.555590818039068779e+01 1.834901977872242518e-01 4.084666200567816929e+00
2.179376595379897026e+02 5.709387789372535882e-02 7.540665652386378781e+01 1.824389008178592397e-01 4.084633846253283629e+00
2.176548485390781877e+02 5.716772385116349053e-02 7.525770321359058812e+01 1.813938791219388558e-01 4.084598387602807357e+00
2.173724028590490605e+02 5.724166532191463097e-02 7.510904764233234232e+01 1.803549177673660353e-01 4.084559830122900692e+00
2.170903220260044861e+02 5.731570242951695288e-02 7.496068920411900649e+01 1.793219811772645833e-01 4.084518179320075326e+00
2.168086055686564180e+02 5.738983529766834152e-02 7.481262729424675229e+01 1.782951839421332840e-01 4.084473440700842950e+00
2.165272530163253464e+02 5.746406405022674857e-02 7.466486130927482634e+01 1.772744095218054261e-01 4.084425619771715255e+00
2.162462638989398158e+02 5.753838881121030313e-02 7.451739064702304915e+01 1.762595518585093335e-01 4.084374722039205707e+00
2.159656377470356290e+02 5.761280970479753377e-02 7.437021470656905819e+01 1.752506025057138372e-01 4.084320753009825111e+00
2.156853740917547952e+02 5.768732685532762527e-02 7.422333288824547992e+01 1.742476874368584228e-01 4.084263718190086045e+00
2.154054724648454169e+02 5.776194038730049496e-02 7.407674459363757080e+01 1.732505831194968149e-01 4.084203623086500201e+00
2.151259323986601260e+02 5.783665042537715351e-02 7.393044922557999143e+01 1.722592554729068248e-01 4.084140472907862751e+00
2.148467534261556295e+02 5.791145709437985761e-02 7.378444618815440492e+01 1.712737843396159310e-01 4.084074273494659124e+00
2.145679350808919992e+02 5.798636051929229041e-02 7.363873488668679101e+01 1.702941138518774267e-01 4.084005030268306413e+00
2.142894768970318466e+02 5.806136082525980430e-02 7.349331472774463236e+01 1.693201166169707450e-01 4.083932748633838372e+00
2.140113784093395850e+02 5.813645813758956671e-02 7.334818511913437078e+01 1.683517593768051046e-01 4.083857433996288755e+00
2.137336391531804907e+02 5.821165258175087925e-02 7.320334546989859348e+01 1.673892009209628773e-01 4.083779091760690427e+00
2.134562586645200497e+02 5.828694428337529571e-02 7.305879519031338987e+01 1.664322224517578441e-01 4.083697727332076255e+00
2.131792364799231336e+02 5.836233336825688567e-02 7.291453369188573674e+01 1.654807830817345837e-01 4.083613346115480880e+00
2.129025721365532036e+02 5.843781996235242887e-02 7.277056038735076982e+01 1.645349188101206395e-01 4.083525953515938056e+00
2.126262651721719124e+02 5.851340419178154700e-02 7.262687469066928259e+01 1.635946532488343486e-01 4.083435554938479761e+00
2.123503151251376266e+02 5.858908618282705760e-02 7.248347601702486998e+01 1.626598277567918027e-01 4.083342155788139749e+00
2.120747215344051710e+02 5.866486606193511283e-02 7.234036378282135615e+01 1.617304104715139856e-01 4.083245761469951773e+00
2.117994839395248334e+02 5.874074395571540069e-02 7.219753740568017975e+01 1.608065064381520304e-01 4.083146377388950476e+00
2.115246018806419670e+02 5.881671999094132547e-02 7.205499630443789272e+01 1.598879964857201907e-01 4.083044008950166948e+00
2.112500748984956260e+02 5.889279429455031301e-02 7.191273989914323295e+01 1.589747981220865636e-01 4.082938661509453837e+00
2.109759025344182533e+02 5.896896699364396338e-02 7.177076761105476521e+01 1.580668962774007258e-01 4.082830340274614223e+00
2.107020843303347704e+02 5.904523821548825907e-02 7.162907886263816692e+01 1.571644090616731160e-01 4.082719050929872751e+00
2.104286198287616401e+02 5.912160808751382168e-02 7.148767307756354228e+01 1.562671386005452800e-01 4.082604798779968291e+00
2.101555085728066956e+02 5.919807673731601605e-02 7.134654968070312009e+01 1.553750543667184181e-01 4.082487589129638828e+00
2.098827501061674923e+02 5.927464429265532492e-02 7.120570809812821267e+01 1.544882016642627753e-01 4.082367427283624117e+00
2.096103439731312790e+02 5.935131088145743222e-02 7.106514775710702736e+01 1.536065734873290622e-01 4.082244318546662143e+00
2.093382897185739182e+02 5.942807663181350064e-02 7.092486808610181015e+01 1.527300390100417293e-01 4.082118268223491775e+00
2.090665868879590050e+02 5.950494167198038670e-02 7.078486851476640140e+01 1.518585684394497815e-01 4.081989281618851884e+00
2.087952350273376112e+02 5.958190613038076566e-02 7.064514847394367791e+01 1.509922603240573535e-01 4.081857364037481339e+00
2.085242336833469494e+02 5.965897013560347850e-02 7.050570739566290968e+01 1.501309969799868027e-01 4.081722520784118124e+00
2.082535824032098901e+02 5.973613381640367759e-02 7.036654471313721615e+01 1.492747072637285732e-01 4.081584757163501997e+00
2.079832807347342509e+02 5.981339730170302793e-02 7.022765986076107936e+01 1.484233723023061780e-01 4.081444078480370052e+00
2.077133282263117735e+02 5.989076072058999167e-02 7.008905227410760119e+01 1.475771066337727422e-01 4.081300490039462936e+00
2.074437244269179530e+02 5.996822420231989748e-02 6.995072138992635757e+01 1.467357259769203059e-01 4.081153997145517742e+00
2.071744688861104748e+02 6.004578787631534992e-02 6.981266664614034312e+01 1.458992017845794908e-01 4.081004604994245888e+00
2.069055611540291295e+02 6.012345187216631276e-02 6.967488748184385372e+01 1.450675615795841145e-01 4.080852318829118808e+00
2.066370007813945904e+02 6.020121631963039344e-02 6.953738333729972965e+01 1.442408232098973953e-01 4.080697144139349142e+00
2.063687873195081863e+02 6.027908134863295408e-02 6.940015365393695390e+01 1.434188548392876517e-01 4.080539086130589688e+00
2.061009203202506512e+02 6.035704708926747236e-02 6.926319787434810848e+01 1.426016286058940374e-01 4.080378150008493243e+00
2.058333993360816123e+02 6.043511367179567328e-02 6.912651544228680223e+01 1.417892124495912232e-01 4.080214340978711718e+00
2.055662239200387660e+02 6.051328122664776515e-02 6.899010580266524073e+01 1.409815396506677865e-01 4.080047664246898798e+00
2.052993936257371104e+02 6.059154988442267548e-02 6.885396840155162579e+01 1.401785246204231561e-01 4.079878125018706392e+00
2.050329080073685759e+02 6.066991977588817586e-02 6.871810268616791006e+01 1.393801401653737837e-01 4.079705728499787298e+00
2.047667666197006326e+02 6.074839103198124979e-02 6.858250810488704019e+01 1.385864890790129422e-01 4.079530479895795203e+00
2.045009690180759492e+02 6.082696378380821750e-02 6.844718410723054092e+01 1.377974313559071073e-01 4.079352384412381127e+00
2.042355147584116537e+02 6.090563816264496499e-02 6.831213014386609927e+01 1.370129218839845620e-01 4.079171447255197869e+00
2.039704033971983392e+02 6.098441429993720769e-02 6.817734566660504925e+01 1.362329501773826834e-01 4.078987673629899113e+00
2.037056344914998363e+02 6.106329232730058759e-02 6.804283012840005540e+01 1.354576005497032387e-01 4.078801068742136771e+00
2.034412075989517916e+02 6.114227237652106878e-02 6.790858298334234178e+01 1.346867183607285412e-01 4.078611637797563638e+00
2.031771222777614980e+02 6.122135457955502069e-02 6.777460368665957446e+01 1.339202775507928878e-01 4.078419385838486733e+00
2.029133780867067856e+02 6.130053906852951651e-02 6.764089169471313312e+01 1.331582977689852731e-01 4.078224318132077642e+00
2.026499745851353964e+02 6.137982597574252741e-02 6.750744646499583723e+01 1.324007997285594485e-01 4.078026439982467721e+00
2.023869113329645870e+02 6.145921543366307527e-02 6.737426745612958712e+01 1.316476642103577011e-01 4.077825756497455600e+00
2.021241878906797069e+02 6.153870757493159344e-02 6.724135412786260702e+01 1.308988657785863097e-01 4.077622272784835467e+00
2.018618038193340851e+02 6.161830253236004473e-02 6.710870594106739873e+01 1.301544495949848446e-01 4.077415993952405060e+00
2.015997586805478363e+02 6.169800043893220592e-02 6.697632235773801312e+01 1.294143821572000252e-01 4.077206925107961233e+00
2.013380520365077473e+02 6.177780142780376488e-02 6.684420284098790432e+01 1.286785748559472475e-01 4.076995071359299061e+00
2.010766834499657136e+02 6.185770563230272995e-02 6.671234685504728645e+01 1.279470028639363433e-01 4.076780437814215396e+00
2.008156524842386830e+02 6.193771318592952019e-02 6.658075386526087414e+01 1.272197325782689903e-01 4.076563029580507980e+00
2.005549587032075749e+02 6.201782422235723596e-02 6.644942333808540980e+01 1.264966849711443575e-01 4.076342851765971886e+00
2.002946016713167126e+02 6.209803887543188100e-02 6.631835474108726203e+01 1.257777975827736872e-01 4.076119909478403969e+00
2.000345809535731121e+02 6.217835727917252198e-02 6.618754754294020870e+01 1.250630461793921233e-01 4.075894207825601079e+00
1.997748961155456016e+02 6.225877956777162159e-02 6.605700121342279374e+01 1.243525144380148856e-01 4.075665751915358292e+00
1.995155467233641673e+02 6.233930587559519815e-02 6.592671522341609602e+01 1.236460858407717883e-01 4.075434546855474238e+00
1.992565323437193001e+02 6.241993633718306150e-02 6.579668904490137038e+01 1.229437199512221912e-01 4.075200597541371650e+00
1.989978525438611427e+02 6.250067108724904896e-02 6.566692215095758911e+01 1.222453941158371249e-01 4.074963909252490524e+00
1.987395068915989214e+02 6.258151026068119183e-02 6.553741401575921088e+01 1.215512026510343763e-01 4.074724487117394212e+00
1.984814949553001782e+02 6.266245399254201376e-02 6.540816411457373647e+01 1.208610019567910726e-01 4.074482336147270622e+00
1.982238163038898904e+02 6.274350241806875284e-02 6.527917192375933553e+01 1.201747688061319819e-01 4.074237461353307665e+00
1.979664705068498733e+02 6.282465567267354889e-02 6.515043692076251602e+01 1.194924952542307656e-01 4.073989867746693250e+00
1.977094571342180984e+02 6.290591389194369332e-02 6.502195858411586471e+01 1.188142434728226837e-01 4.073739560338614396e+00
1.974527757565880961e+02 6.298727721164179560e-02 6.489373639343568811e+01 1.181398890325817408e-01 4.073486544140260790e+00
1.971964259451078476e+02 6.306874576770611640e-02 6.476576982941955407e+01 1.174694092606825002e-01 4.073230824162819452e+00
1.969404072714793870e+02 6.315031969625074793e-02 6.463805837384411745e+01 1.168028076913994601e-01 4.072972405417478292e+00
1.966847193079579199e+02 6.323199913356583601e-02 6.451060150956267591e+01 1.161401209306602567e-01 4.072711292915426107e+00
1.964293616273514260e+02 6.331378421611771889e-02 6.438339872050305246e+01 1.154812403274447230e-01 4.072447491667849029e+00
1.961743338030194650e+02 6.339567508054934353e-02 6.425644949166508013e+01 1.148261437494755566e-01 4.072181006685936744e+00
1.959196354088728356e+02 6.347767186368034886e-02 6.412975330911834249e+01 1.141748432472377700e-01 4.071911842980876273e+00
1.956652660193726376e+02 6.355977470250735728e-02 6.400330965999995669e+01 1.135273558944797506e-01 4.071640005563856413e+00
1.954112252095296469e+02 6.364198373420418275e-02 6.387711803251222165e+01 1.128835857058183706e-01 4.071365499191859527e+00
1.951575125549037750e+02 6.372429909612202514e-02 6.375117791592034422e+01 1.122435110762667748e-01 4.071088329141649531e+00
1.949041276316031315e+02 6.380672092578976162e-02 6.362548880055020817e+01 1.116071498639530368e-01 4.070808500375145300e+00
1.946510700162833132e+02 6.388924936091415485e-02 6.350005017778592276e+01 1.109745051354558698e-01 4.070526017808522745e+00
1.943983392861467792e+02 6.397188453938010277e-02 6.337486154006773376e+01 1.103454907136776908e-01 4.070240886357956001e+00
1.941459350189420832e+02 6.405462659925081903e-02 6.324992238088965024e+01 1.097200855079981247e-01 4.069953110939620089e+00
1.938938567929635326e+02 6.413747567876804112e-02 6.312523219479734848e+01 1.090983107142253911e-01 4.069662696469692698e+00
1.936421041870497959e+02 6.422043191635239123e-02 6.300079047738562110e+01 1.084801604327527841e-01 4.069369647864347073e+00
1.933906767805837603e+02 6.430349545060348726e-02 6.287659672529640176e+01 1.078655556839127616e-01 4.069073970039759125e+00
1.931395741534915373e+02 6.438666642030023424e-02 6.275265043621632088e+01 1.072544758788546021e-01 4.068775667912103877e+00
1.928887958862418941e+02 6.446994496440103251e-02 6.262895110887456696e+01 1.066469433068589212e-01 4.068474746397557240e+00
1.926383415598456565e+02 6.455333122204397200e-02 6.250549824304072644e+01 1.060429476868048615e-01 4.068171210412294236e+00
1.923882107558548000e+02 6.463682533254713758e-02 6.238229133952238215e+01 1.054424148571818376e-01 4.067865064872490777e+00
1.921384030563617387e+02 6.472042743540881715e-02 6.225932990016291768e+01 1.048453247186290904e-01 4.067556314694320996e+00
1.918889180439987001e+02 6.480413767030775152e-02 6.213661342783932895e+01 1.042516986243296889e-01 4.067244964776239868e+00
1.916397553019372992e+02 6.488795617710324537e-02 6.201414142646016359e+01 1.036615260655911891e-01 4.066931019784366441e+00
1.913909144138873444e+02 6.497188309583559751e-02 6.189191340096301985e+01 1.030747355368394347e-01 4.066614484940514807e+00
1.911423949640963542e+02 6.505591856672622575e-02 6.176992885731245053e+01 1.024913074162333709e-01 4.066295365066841860e+00
1.908941965373491314e+02 6.514006273017784732e-02 6.164818730249793077e+01 1.019112602924253236e-01 4.065973664985506275e+00
1.906463187189664836e+02 6.522431572677489520e-02 6.152668824453132856e+01 1.013345871762312139e-01 4.065649389518664059e+00
1.903987610948053089e+02 6.530867769728347649e-02 6.140543119244508574e+01 1.007612172624934715e-01 4.065322543488472107e+00
1.901515232512571458e+02 6.539314878265188591e-02 6.128441565628975241e+01 1.001911313952219967e-01 4.064993131717089092e+00
1.899046047752479183e+02 6.547772912401068901e-02 6.116364114713188371e+01 9.962434375915092677e-02 4.064661159026671911e+00
1.896580052542370538e+02 6.556241886267299979e-02 6.104310717705186562e+01 9.906085424774536963e-02 4.064326630239377458e+00
1.894117242762169155e+02 6.564721814013473045e-02 6.092281325914176904e+01 9.850059099660146700e-02 4.063989550177362631e+00
1.891657614297122905e+02 6.573212709807470244e-02 6.080275890750324663e+01 9.794353530420517318e-02 4.063649923662784325e+00
1.889201163037791389e+02 6.581714587835510444e-02 6.068294363724510276e+01 9.738969549154122274e-02 4.063307755517802100e+00
1.886747884880045092e+02 6.590227462302154782e-02 6.056336696448151002e+01 9.683908133615150293e-02 4.062963050564570189e+00
1.884297775725054294e+02 6.598751347430341363e-02 6.044402840632950102e+01 9.629161833778485113e-02 4.062615813625248151e+00
1.881850831479283954e+02 6.607286257461401913e-02 6.032492748090701440e+01 9.574728823831252233e-02 4.062266049445957705e+00
1.879407048054489167e+02 6.615832206655083980e-02 6.020606370733082713e+01 9.520609220427232733e-02 4.061913762733368571e+00
1.876966421367703504e+02 6.624389209289585634e-02 6.008743660571418843e+01 9.466805255859658819e-02 4.061558958522760499e+00
1.874528947341235039e+02 6.632957279661569339e-02 5.996904569716479472e+01 9.413309076043867296e-02 4.061201641543465080e+00
1.872094621902659810e+02 6.641536432086191100e-02 5.985089050378273612e+01 9.360118898424500677e-02 4.060841816524814796e+00
1.869663440984814997e+02 6.650126680897115727e-02 5.973297054865828670e+01 9.307234010949064218e-02 4.060479488196139464e+00
1.867235400525790112e+02 6.658728040446555696e-02 5.961528535586973732e+01 9.254658134435025940e-02 4.060114661286771565e+00
1.864810496468922452e+02 6.667340525105282245e-02 5.949783445048142028e+01 9.202382886690413377e-02 4.059747340526042692e+00
1.862388724762788854e+02 6.675964149262655911e-02 5.938061735854142853e+01 9.150406527363355580e-02 4.059377530643283549e+00
1.859970081361199163e+02 6.684598927326650120e-02 5.926363360707962613e+01 9.098727417384869232e-02 4.059005236367826619e+00
1.857554562223191681e+02 6.693244873723867838e-02 5.914688272410558056e+01 9.047350969949953525e-02 4.058630462429003494e+00
1.855142163313023786e+02 6.701902002899574884e-02 5.903036423860637427e+01 8.996268165975584985e-02 4.058253213556144878e+00
1.852732880600165117e+02 6.710570329317722127e-02 5.891407768054450145e+01 8.945477306285840036e-02 4.057873494478582366e+00
1.850326710059292736e+02 6.719249867460967696e-02 5.879802258085586431e+01 8.894976701658334484e-02 4.057491309925647549e+00
1.847923647670281184e+02 6.727940631830704732e-02 5.868219847144755619e+01 8.844770749727151604e-02 4.057106664626672021e+00
1.845523689418202480e+02 6.736642636947072493e-02 5.856660488519607100e+01 8.794852583590008488e-02 4.056719563184267408e+00
1.843126831293310772e+02 6.745355897349000762e-02 5.845124135594483050e+01 8.745219583090153848e-02 4.056330010333015323e+00
1.840733069291041204e+02 6.754080427594220948e-02 5.833610741850242221e+01 8.695870098939882664e-02 4.055938010928062276e+00
1.838342399412001953e+02 6.762816242259292454e-02 5.822120260864041086e+01 8.646807178469166633e-02 4.055543569607531040e+00
1.835954817661966274e+02 6.771563355939634599e-02 5.810652646309123526e+01 8.598026509763412317e-02 4.055146691009543503e+00
1.833570320051869089e+02 6.780321783249532164e-02 5.799207851954636084e+01 8.549524389477912434e-02 4.054747379772220661e+00
1.831188902597796471e+02 6.789091538822182581e-02 5.787785831665394198e+01 8.501299207288867676e-02 4.054345640533686179e+00
1.828810561320981094e+02 6.797872637309707033e-02 5.776386539401700304e+01 8.453352610614117690e-02 4.053941477932060167e+00
1.826435292247794280e+02 6.806665093383179599e-02 5.765009929219124274e+01 8.405682947865154853e-02 4.053534896605466287e+00
1.824063091409742867e+02 6.815468921732643903e-02 5.753655955268314415e+01 8.358285373798884921e-02 4.053125901192025538e+00
1.821693954843457277e+02 6.824284137067150591e-02 5.742324571794782173e+01 8.311158316108885336e-02 4.052714496329859806e+00
1.819327878590688954e+02 6.833110754114772589e-02 5.731015733138706025e+01 8.264301984082765562e-02 4.052300686657091866e+00
1.816964858698302123e+02 6.841948787622631478e-02 5.719729393734722578e+01 8.217717469013888221e-02 4.051884476811843605e+00
1.814604891218265266e+02 6.850798252356930795e-02 5.708465508111724063e+01 8.171398736515393668e-02 4.051465871432236021e+00
1.812247972207651969e+02 6.859659163102956037e-02 5.697224030892684254e+01 8.125344251375481164e-02 4.051044875156392777e+00
1.809894097728623876e+02 6.868531534665131555e-02 5.686004916794408359e+01 8.079552756933304491e-02 4.050621492444830274e+00
1.807543263848431536e+02 6.877415381867024724e-02 5.674808120627373142e+01 8.034028148519138657e-02 4.050195728047743415e+00
1.805195466639405595e+02 6.886310719551375081e-02 5.663633597295510924e+01 7.988763166435532137e-02 4.049767586656341400e+00
1.802850702178949405e+02 6.895217562580123472e-02 5.652481301796008495e+01 7.943756311665310654e-02 4.049337072818476102e+00
1.800508966549534762e+02 6.904135925834424536e-02 5.641351189219117401e+01 7.899006093953291063e-02 4.048904191081998505e+00
1.798170255838692810e+02 6.913065824214689736e-02 5.630243214747944336e+01 7.854515503419269573e-02 4.048468945994761370e+00
1.795834566139008359e+02 6.922007272640601228e-02 5.619157333658256448e+01 7.810279779482398599e-02 4.048031342104616570e+00
1.793501893548114197e+02 6.930960286051134067e-02 5.608093501318287366e+01 7.766296208144822522e-02 4.047591383959414202e+00
1.791172234168683133e+02 6.939924879404593683e-02 5.597051673188533272e+01 7.722563334258704393e-02 4.047149076107007915e+00
1.788845584108424305e+02 6.948901067678620036e-02 5.586031804821568869e+01 7.679082432892872512e-02 4.046704423095249581e+00
1.786521939480072376e+02 6.957888865870237582e-02 5.575033851861829248e+01 7.635852058488157290e-02 4.046257429471989298e+00
1.784201296401384980e+02 6.966888288995860823e-02 5.564057770045435092e+01 7.592868003755728901e-02 4.045808099785079825e+00
1.781883650995132484e+02 6.975899352091334549e-02 5.553103515199978091e+01 7.550128847804790655e-02 4.045356438582373038e+00
1.779568999389097428e+02 6.984922070211938006e-02 5.542171043244353257e+01 7.507634158052808870e-02 4.044902450411721695e+00
1.777257337716060306e+02 6.993956458432434853e-02 5.531260310188527285e+01 7.465385794237200390e-02 4.044446139820975006e+00
1.774948662113799287e+02 7.003002531847082879e-02 5.520371272133373708e+01 7.423378055495001571e-02 4.043987511139659041e+00
1.772642968725080834e+02 7.012060305569661756e-02 5.509503885270466128e+01 7.381609554363385839e-02 4.043526569121731917e+00
1.770340253697653168e+02 7.021129794733504959e-02 5.498658105881883529e+01 7.340078911478802037e-02 4.043063318299065401e+00
1.768040513184243139e+02 7.030211014491508092e-02 5.487833890340030507e+01 7.298789029031378661e-02 4.042597763130808097e+00
1.765743743342544860e+02 7.039303980016176077e-02 5.477031195107424821e+01 7.257734957931114006e-02 4.042129908076109501e+00
1.763449940335216866e+02 7.048408706499634246e-02 5.466249976736524019e+01 7.216914597418744304e-02 4.041659757594119107e+00
1.761159100329873581e+02 7.057525209153660273e-02 5.455490191869514405e+01 7.176326600556547086e-02 4.041187316143985520e+00
1.758871219499080212e+02 7.066653503209706366e-02 5.444751797238135538e+01 7.135972000912180202e-02 4.040712588184858234e+00
1.756586294020347623e+02 7.075793603918917318e-02 5.434034749663490516e+01 7.095849487734767758e-02 4.040235578175885856e+00
1.754304320076122394e+02 7.084945526552174910e-02 5.423339006055837785e+01 7.055955289005251541e-02 4.039756290576218767e+00
1.752025293853782841e+02 7.094109286400107628e-02 5.412664523414418483e+01 7.016288089428136809e-02 4.039274729845004686e+00
1.749749211545632761e+02 7.103284898773121192e-02 5.402011258827258899e+01 6.976847089246528133e-02 4.038790900441393994e+00
1.747476069348893191e+02 7.112472379001427703e-02 5.391379169470979349e+01 6.937634549670321227e-02 4.038304806824534410e+00
1.745205863465700133e+02 7.121671742435056740e-02 5.380768212610619372e+01 6.898645056101518347e-02 4.037816453453577203e+00
1.742938590103092338e+02 7.130883004443903939e-02 5.370178345599424574e+01 6.859877324122697073e-02 4.037325844787669205e+00
1.740674245473009876e+02 7.140106180417739312e-02 5.359609525878681779e+01 6.821330076804550668e-02 4.036832985025686327e+00
1.738412825792284480e+02 7.149341285766241949e-02 5.349061710977516526e+01 6.783005124071511682e-02 4.036337878919427524e+00
1.736154327282638121e+02 7.158588335919011114e-02 5.338534858512723957e+01 6.744899388443148514e-02 4.035840530851373842e+00
1.733898746170669085e+02 7.167847346325616209e-02 5.328028926188552106e+01 6.707010300693624916e-02 4.035340945193103046e+00
1.731646078687853105e+02 7.177118332455600935e-02 5.317543871796549126e+01 6.669336613847949569e-02 4.034839126316192015e+00
1.729396321070531712e+02 7.186401309798522152e-02 5.307079653215349424e+01 6.631878215753342354e-02 4.034335078592217627e+00
1.727149469559908823e+02 7.195696293863972082e-02 5.296636228410505254e+01 6.594635788041504354e-02 4.033828806392759425e+00
1.724905520402044772e+02 7.205003300181594961e-02 5.286213555434299849e+01 6.557605015338884014e-02 4.033320314089394287e+00
1.722664469847848352e+02 7.214322344301127288e-02 5.275811592425558416e+01 6.520784679902520697e-02 4.032809606053699980e+00
1.720426314153070848e+02 7.223653441792418639e-02 5.265430297609461263e+01 6.484173571082579857e-02 4.032296686657253382e+00
1.718191049578300351e+02 7.232996608245455261e-02 5.255069629297368294e+01 6.447773719695089334e-02 4.031781560271633147e+00
1.715958672388954085e+02 7.242351859270391989e-02 5.244729545886618638e+01 6.411581414562590731e-02 4.031264231268417042e+00
1.713729178855276984e+02 7.251719210497561963e-02 5.234410005860382853e+01 6.375594700266200288e-02 4.030744704019181057e+00
1.711502565252328338e+02 7.261098677577526583e-02 5.224110967787437687e+01 6.339812394514783567e-02 4.030222982895504735e+00
1.709278827859980083e+02 7.270490276181085232e-02 5.213832390322010468e+01 6.304234562181129653e-02 4.029699072223395184e+00
1.707057962962910267e+02 7.279894021999308573e-02 5.203574232203590100e+01 6.268861347516492544e-02 4.029172976210138479e+00
1.704839966850594521e+02 7.289309930743562149e-02 5.193336452256740898e+01 6.233688991621211262e-02 4.028644699464422274e+00
1.702624835817304643e+02 7.298738018145525808e-02 5.183119009390939880e+01 6.198716339880169790e-02 4.028114246271518262e+00
1.700412566162096368e+02 7.308178299957233948e-02 5.172921862600370702e+01 6.163942244397788151e-02 4.027581620916699023e+00
1.698203154188806820e+02 7.317630791951096336e-02 5.162744970963753133e+01 6.129368519485726974e-02 4.027046827685237140e+00
1.695996596206047684e+02 7.327095509919920313e-02 5.152588293644176787e+01 6.094991714995137005e-02 4.026509870862404306e+00
1.693792888527200375e+02 7.336572469676934383e-02 5.142451789888905012e+01 6.060810021197170216e-02 4.025970754733474877e+00
1.691592027470406663e+02 7.346061687055827072e-02 5.132335419029200807e+01 6.026822317046526961e-02 4.025429483583720547e+00
1.689394009358564404e+02 7.355563177910766359e-02 5.122239140480146347e+01 5.993028445846120683e-02 4.024886061698412121e+00
1.687198830519322144e+02 7.365076958116423267e-02 5.112162913740470316e+01 5.959428830761222262e-02 4.024340493362824844e+00
1.685006487285071159e+02 7.374603043568005167e-02 5.102106698392363882e+01 5.926019841149406109e-02 4.023792782862228634e+00
1.682816975992942332e+02 7.384141450181271049e-02 5.092070454101314425e+01 5.892800382170189366e-02 4.023242934481896960e+00
1.680630292984796199e+02 7.393692193892571762e-02 5.082054140615910853e+01 5.859769365349280779e-02 4.022690952507102402e+00
1.678446434607219260e+02 7.403255290658869447e-02 5.072057717767683016e+01 5.826928054713807759e-02 4.022136841223118431e+00
1.676265397211516870e+02 7.412830756457763903e-02 5.062081145470909860e+01 5.794273946751496429e-02 4.021580604819535942e+00
1.674087177153707273e+02 7.422418607287525893e-02 5.052124383722459555e+01 5.761805015403289459e-02 4.021022247535709582e+00
1.671911770794517906e+02 7.432018859167105473e-02 5.042187392601609019e+01 5.729520197619006328e-02 4.020461773809808292e+00
1.669739174499375167e+02 7.441631528136186113e-02 5.032270132269861307e+01 5.697418814633367634e-02 4.019899187842177035e+00
1.667569384638400436e+02 7.451256630255190250e-02 5.022372562970775789e+01 5.665502186775199511e-02 4.019334493833160771e+00
1.665402397586404959e+02 7.460894181605312592e-02 5.012494645029799756e+01 5.633766483970364253e-02 4.018767695983105348e+00
1.663238209722881038e+02 7.470544198288556204e-02 5.002636338854077991e+01 5.602210667982408104e-02 4.018198798492355728e+00
1.661076817432001462e+02 7.480206696427732505e-02 4.992797604932309952e+01 5.570833706606873048e-02 4.017627805561256871e+00
1.658918217102605297e+02 7.489881692166523719e-02 4.982978403834535897e+01 5.539636070330757056e-02 4.017054721390153738e+00
1.656762405128199021e+02 7.499569201669485652e-02 4.973178696211997618e+01 5.508616705079577569e-02 4.016479550179392177e+00
1.654609377906946293e+02 7.509269241122085159e-02 4.963398442796944465e+01 5.477773099287484848e-02 4.015902296129316262e+00
1.652459131841665112e+02 7.518981826730714024e-02 4.953637604402481998e+01 5.447104244825525660e-02 4.015322963440272730e+00
1.650311663339819006e+02 7.528706974722734757e-02 4.943896141922380139e+01 5.416609139419049229e-02 4.014741556312605653e+00
1.648166968813511630e+02 7.538444701346497245e-02 4.934174016330911172e+01 5.386289205623306930e-02 4.014158078946660879e+00
1.646025044679482505e+02 7.548195022871365123e-02 4.924471188682679212e+01 5.356141414346660828e-02 4.013572535542783370e+00
1.643885887359098206e+02 7.557957955587749077e-02 4.914787620112445410e+01 5.326164367531439903e-02 4.012984930160669705e+00
1.641749493278350371e+02 7.567733515807120726e-02 4.905123271834970211e+01 5.296357086262798441e-02 4.012395267057863535e+00
1.639615858867845475e+02 7.577521719862057026e-02 4.895478105144826486e+01 5.266719083075944302e-02 4.011803550513396210e+00
1.637484980562800558e+02 7.587322584106259704e-02 4.885852081416236814e+01 5.237251097064782313e-02 4.011209784643937404e+00
1.635356854803038686e+02 7.597136124914580235e-02 4.876245162102910058e+01 5.207949942733899884e-02 4.010613973566157675e+00
1.633231478032980704e+02 7.606962358683051761e-02 4.866657308737863730e+01 5.178814663968729637e-02 4.010016121396726696e+00
1.631108846701641255e+02 7.616801301828908521e-02 4.857088482933267670e+01 5.149844310202308928e-02 4.009416232252315915e+00
1.628988957262621682e+02 7.626652970790623320e-02 4.847538646380263572e+01 5.121039154215292766e-02 4.008814310249595891e+00
1.626871806174103483e+02 7.636517382027933898e-02 4.838007760848800842e+01 5.092398351516374405e-02 4.008210359505238074e+00
1.624757389898844622e+02 7.646394552021859581e-02 4.828495788187476734e+01 5.063919625681471970e-02 4.007604384135910358e+00
1.622645704904170145e+02 7.656284497274747081e-02 4.819002690323353022e+01 5.035602048266978048e-02 4.006996388258285968e+00
1.620536747661971901e+02 7.666187234310273269e-02 4.809528429261820293e+01 5.007444696213934204e-02 4.006386375989033688e+00
1.618430514648696033e+02 7.676102779673497911e-02 4.800072967086394016e+01 4.979448451367091827e-02 4.005774351444824966e+00
1.616327002345341270e+02 7.686031149930877548e-02 4.790636265958573148e+01 4.951611192381285415e-02 4.005160318742330361e+00
1.614226207237451263e+02 7.695972361670298800e-02 4.781218288117666759e+01 4.923931393789348493e-02 4.004544281998219546e+00
1.612128125815111730e+02 7.705926431501093632e-02 4.771818995880641978e+01 4.896408153999346619e-02 4.003926245146045559e+00
1.610032754572939950e+02 7.715893376054085151e-02 4.762438351641933565e+01 4.869040576645831953e-02 4.003306212452064194e+00
1.607940090010081917e+02 7.725873211981605648e-02 4.753076317873302514e+01 4.841830017089834154e-02 4.002684188046727876e+00
1.605850128630206086e+02 7.735865955957525741e-02 4.743732857123661262e+01 4.814773352230876380e-02 4.002060175964251343e+00
1.603762866941496554e+02 7.745871624677283518e-02 4.734407932018914522e+01 4.787869665523813989e-02 4.001434180238849336e+00
1.601678301456649365e+02 7.755890234857903964e-02 4.725101505261798707e+01 4.761118081433844684e-02 4.000806204904737484e+00
1.599596428692864265e+02 7.765921803238041987e-02 4.715813539631708551e+01 4.734518149958933525e-02 4.000176253996129638e+00
1.597517245171839306e+02 7.775966346578000454e-02 4.706543997984541505e+01 4.708070317613731459e-02 3.999544331547242759e+00
1.595440747419767149e+02 7.786023881659759338e-02 4.697292843252543548e+01 4.681771966616526254e-02 3.998910441592289811e+00
1.593366931967325684e+02 7.796094425287007634e-02 4.688060038444127287e+01 4.655622241765682706e-02 3.998274588165486421e+00
1.591295795349677178e+02 7.806177994285158628e-02 4.678845546643737663e+01 4.629620292813114296e-02 3.997636775301048218e+00
1.589227334106456624e+02 7.816274605501399853e-02 4.669649331011662952e+01 4.603766038832567131e-02 3.996997007033189497e+00
1.587161544781770601e+02 7.826384275804704194e-02 4.660471354783893361e+01 4.578059139802821698e-02 3.996355287396125000e+00
1.585098423924189603e+02 7.836507022085860419e-02 4.651311581271955475e+01 4.552497471796376760e-02 3.995711620424070354e+00
1.583037968086740932e+02 7.846642861257513424e-02 4.642169973862743149e+01 4.527080204296308336e-02 3.995066010151239411e+00
1.580980173826907276e+02 7.856791810254169783e-02 4.633046496018378946e+01 4.501806511594128729e-02 3.994418460389765890e+00
1.578925037706616479e+02 7.866953886032246324e-02 4.623941111276034377e+01 4.476676581637167168e-02 3.993768975406696953e+00
1.576872556292237277e+02 7.877129105570093714e-02 4.614853783247779262e+01 4.451689491660183740e-02 3.993117559191361021e+00
1.574822726154573900e+02 7.887317485868022837e-02 4.605784475620423279e+01 4.426843505723834782e-02 3.992464215696784446e+00
1.572775543868861519e+02 7.897519043948324213e-02 4.596733152155359647e+01 4.402137817267075259e-02 3.991808948875996244e+00
1.570731006014757440e+02 7.907733796855315189e-02 4.587699776688400988e+01 4.377571624396474348e-02 3.991151762682022763e+00
1.568689109176338548e+02 7.917961761655352426e-02 4.578684313129631533e+01 4.353145295851992141e-02 3.990492661067892133e+00
1.566649849942093056e+02 7.928202955436870758e-02 4.569686725463237309e+01 4.328857505492642033e-02 3.989831647986631591e+00
1.564613224904915683e+02 7.938457395310408171e-02 4.560706977747354074e+01 4.304706811872970051e-02 3.989168727391268376e+00
1.562579230662105090e+02 7.948725098408623846e-02 4.551745034113928057e+01 4.280692431680955395e-02 3.988503903234830172e+00
1.560547863815352514e+02 7.959006081886346728e-02 4.542800858768534056e+01 4.256813586135640981e-02 3.987837179470344662e+00
1.558519120970739493e+02 7.969300362920590797e-02 4.533874415990226936e+01 4.233070747983268961e-02 3.987168560050839528e+00
1.556492998738732183e+02 7.979607958710586979e-02 4.524965670131397388e+01 4.209462344313424226e-02 3.986498048929341564e+00
1.554469493734173682e+02 7.989928886477816461e-02 4.516074585617599269e+01 4.185987146214887461e-02 3.985825650058878455e+00
1.552448602576282894e+02 8.000263163466023175e-02 4.507201126947422409e+01 4.162644392939156973e-02 3.985151367374647702e+00
1.550430321888643164e+02 8.010610806941263762e-02 4.498345258692302906e+01 4.139433328136359058e-02 3.984475204625264499e+00
1.548414648299200280e+02 8.020971834191925609e-02 4.489506945496398060e+01 4.116354462303846440e-02 3.983797166017768010e+00
1.546401578440255093e+02 8.031346262528755997e-02 4.480686152076412299e+01 4.093406111167898626e-02 3.983117255425258296e+00
1.544391108948459248e+02 8.041734109284896792e-02 4.471882843221458614e+01 4.070587187125788292e-02 3.982435476720836309e+00
1.542383236464809499e+02 8.052135391815896936e-02 4.463096983792900829e+01 4.047896951327727838e-02 3.981751833777602112e+00
1.540377957634641177e+02 8.062550127499763797e-02 4.454328538724199404e+01 4.025334669194104847e-02 3.981066330468655767e+00
1.538375269107622216e+02 8.072978333736979817e-02 4.445577473020754411e+01 4.002900832376986989e-02 3.980378970667097338e+00
1.536375167537748609e+02 8.083420027950534437e-02 4.436843751759760579e+01 3.980593761038778156e-02 3.979689758246027331e+00
1.534377649583339576e+02 8.093875227585944909e-02 4.428127340090058794e+01 3.958412447672096657e-02 3.978998697078546254e+00
1.532382711907030171e+02 8.104343950111299322e-02 4.419428203231974805e+01 3.936356174681124309e-02 3.978305791037753725e+00
1.530390351175766455e+02 8.114826213017278800e-02 4.410746306477175693e+01 3.914424228615583784e-02 3.977611043996750695e+00
1.528400564060799240e+02 8.125322033817186651e-02 4.402081615188509289e+01 3.892617034936104309e-02 3.976914459828636783e+00
1.526413347237679830e+02 8.135831430046980284e-02 4.393434094799867040e+01 3.870933015626401574e-02 3.976216042406512052e+00
1.524428697386255180e+02 8.146354419265289248e-02 4.384803710816032662e+01 3.849371191283715993e-02 3.975515795603477898e+00
1.522446611190659098e+02 8.156891019053462422e-02 4.376190428812517297e+01 3.827930864940887884e-02 3.974813723226058304e+00
1.520467085339309392e+02 8.167441247015587436e-02 4.367594214435426636e+01 3.806611343655402074e-02 3.974109829055983756e+00
1.518490116524901339e+02 8.178005120778519821e-02 4.359015033401301764e+01 3.785412947403358347e-02 3.973404117141178915e+00
1.516515701444402282e+02 8.188582657991917702e-02 4.350452851496977047e+01 3.764334280701057273e-02 3.972696591276066780e+00
1.514543836799047654e+02 8.199173876328255672e-02 4.341907634579433051e+01 3.743374348944749491e-02 3.971987255255071236e+00
1.512574519294332447e+02 8.209778793482880310e-02 4.333379348575635959e+01 3.722532475189429396e-02 3.971276112872613950e+00
1.510607745640007238e+02 8.220397427174018501e-02 4.324867959482401858e+01 3.701807986397445682e-02 3.970563167923118364e+00
1.508643512550073638e+02 8.231029795142816297e-02 4.316373433366246815e+01 3.681201065815598722e-02 3.969848424201007475e+00
1.506681816742777187e+02 8.241675915153366672e-02 4.307895736363237660e+01 3.660710565305274472e-02 3.969131885500703838e+00
1.504722654940604230e+02 8.252335804992733115e-02 4.299434834678848460e+01 3.640335439660051520e-02 3.968413555616630894e+00
1.502766023870272534e+02 8.263009482470991263e-02 4.290990694587809173e+01 3.620075031368825969e-02 3.967693438343211643e+00
1.500811920262729586e+02 8.273696965421252492e-02 4.282563282433963536e+01 3.599928686714076731e-02 3.966971537474868192e+00
1.498860340853144919e+02 8.284398271699690286e-02 4.274152564630119144e+01 3.579896428039391204e-02 3.966247856806023986e+00
1.496911282380905277e+02 8.295113419185581871e-02 4.265758507657905341e+01 3.559977404930130679e-02 3.965522400131101577e+00
1.494964741589610639e+02 8.305842425781313765e-02 4.257381078067633950e+01 3.540170493595817119e-02 3.964795171244524852e+00
1.493020715227066262e+02 8.316585309412441451e-02 4.249020242478141540e+01 3.520475055388690155e-02 3.964066173830248729e+00
1.491079200045278412e+02 8.327342088027700484e-02 4.240675967576651573e+01 3.500890455344168178e-02 3.963335411691852883e+00
1.489140192800448403e+02 8.338112779599048119e-02 4.232348220118628035e+01 3.481416537424059099e-02 3.962602888727473793e+00
1.487203690252969750e+02 8.348897402121673028e-02 4.224036966927642567e+01 3.462052785881242906e-02 3.961868608654096846e+00
1.485269689167418505e+02 8.359695973614049425e-02 4.215742174895210326e+01 3.442797977152797090e-02 3.961132575188706983e+00
1.483338186312550988e+02 8.370508512117956490e-02 4.207463810980662799e+01 3.423651490900873895e-02 3.960394792048288259e+00
1.481409178461297529e+02 8.381335035698506131e-02 4.199201842211002145e+01 3.404612710363699030e-02 3.959655262949826060e+00
1.479482662390756502e+02 8.392175562444179060e-02 4.190956235680751263e+01 3.385681289739800315e-02 3.958913991610305327e+00
1.477558634882190347e+02 8.403030110466844227e-02 4.182726958551822349e+01 3.366857072544111179e-02 3.958170981746710559e+00
1.475637092721018462e+02 8.413898697901804613e-02 4.174513978053365548e+01 3.348138720557507914e-02 3.957426237076026698e+00
1.473718032696812656e+02 8.424781342907818049e-02 4.166317261481632528e+01 3.329525631215228543e-02 3.956679761315238242e+00
1.471801451603292605e+02 8.435678063667126358e-02 4.158136776199832951e+01 3.311017205424681559e-02 3.955931558181331020e+00
1.469887346238317889e+02 8.446588878385494215e-02 4.149972489637988105e+01 3.292612901873386011e-02 3.955181631391288644e+00
1.467975713403887426e+02 8.457513805292223019e-02 4.141824369292810104e+01 3.274312936562557425e-02 3.954429984662096942e+00
1.466066549906128103e+02 8.468452862640203638e-02 4.133692382727532078e+01 3.256115847520139883e-02 3.953676621710740413e+00
1.464159852555294208e+02 8.479406068705930277e-02 4.125576497571790924e+01 3.238021049433750104e-02 3.952921546103609796e+00
1.462255618165759472e+02 8.490373441789536568e-02 4.117476681521476678e+01 3.220027960362344815e-02 3.952164761656347558e+00
1.460353843556012521e+02 8.501355000214828872e-02 4.109392902338594666e+01 3.202136001716570507e-02 3.951406272126357866e+00
1.458454525548653749e+02 8.512350762329304321e-02 4.101325127851136898e+01 3.184345288328373907e-02 3.950646081154404854e+00
1.456557660970385371e+02 8.523360746504202168e-02 4.093273325952920771e+01 3.166654707141058900e-02 3.949884192381251324e+00
1.454663246652009718e+02 8.534384971134517661e-02 4.085237464603471835e+01 3.149063530771361447e-02 3.949120609447660524e+00
1.452771279428422133e+02 8.545423454639043681e-02 4.077217511827868890e+01 3.131571193927687458e-02 3.948355335994396142e+00
1.450881756138609262e+02 8.556476215460379064e-02 4.069213435716628879e+01 3.114177134572918351e-02 3.947588375662221871e+00
1.448994673625636267e+02 8.567543272065006321e-02 4.061225204425532809e+01 3.096881210502687790e-02 3.946819732091900512e+00
1.447110028736650236e+02 8.578624642943266654e-02 4.053252786175527689e+01 3.079682807739721195e-02 3.946049408924195756e+00
1.445227818322870803e+02 8.589720346609419632e-02 4.045296149252570928e+01 3.062581006691077884e-02 3.945277409799871293e+00
1.443348039239581055e+02 8.600830401601693154e-02 4.037355262007476853e+01 3.045575258227508839e-02 3.944503738359690370e+00
1.441470688346131794e+02 8.611954826482261238e-02 4.029430092855820078e+01 3.028665016379925717e-02 3.943728398244416677e+00
1.439595762505925052e+02 8.623093639837338398e-02 4.021520610277753605e+01 3.011849893332331149e-02 3.942951393094812573e+00
1.437723258586418922e+02 8.634246860277156044e-02 4.013626782817914318e+01 2.995129752897617362e-02 3.942172726551642636e+00
1.435853173459117329e+02 8.645414506436013835e-02 4.005748579085266670e+01 2.978503491667136224e-02 3.941392402067899869e+00
1.433985503999562638e+02 8.656596596972337965e-02 3.997885967752955594e+01 2.961970576201525610e-02 3.940610423463501988e+00
1.432120247087336793e+02 8.667793150568658955e-02 3.990038917558204190e+01 2.945530476130022932e-02 3.939826794362960349e+00
1.430257399606048523e+02 8.679004185931700477e-02 3.982207397302140350e+01 2.929182664132530881e-02 3.939041518332025316e+00
1.428396958443335620e+02 8.690229721792355755e-02 3.974391375849697283e+01 2.912927179797138513e-02 3.938254598936450357e+00
1.426538920490856412e+02 8.701469776905750020e-02 3.966590822129467142e+01 2.896763021394268764e-02 3.937466039741987611e+00
1.424683282644280382e+02 8.712724370051286304e-02 3.958805705133543995e+01 2.880689579705548314e-02 3.936675844314388328e+00
1.422830041803291863e+02 8.723993520032628790e-02 3.951035993917431455e+01 2.864706339502903418e-02 3.935884016219405535e+00
1.420979194871575828e+02 8.735277245677788849e-02 3.943281657599874279e+01 2.848812788520619851e-02 3.935090559022790924e+00
1.419130738756819596e+02 8.746575565839113942e-02 3.935542665362746817e+01 2.833008698228137862e-02 3.934295476290296634e+00
1.417284670370705726e+02 8.757888499393327864e-02 3.927818986450918715e+01 2.817293592449345366e-02 3.933498771587675247e+00
1.415440986628901499e+02 8.769216065241600133e-02 3.920110590172095044e+01 2.801666649822704552e-02 3.932700448480678013e+00
1.413599684451064320e+02 8.780558282309511298e-02 3.912417445896733170e+01 2.786127369820779950e-02 3.931900510535058402e+00
1.411760760760825235e+02 8.791915169547152853e-02 3.904739523057860850e+01 2.770675254792810682e-02 3.931098961316566776e+00
1.409924212485792907e+02 8.803286745929103652e-02 3.897076791150981023e+01 2.755309832329165889e-02 3.930295804390956604e+00
1.408090036557544238e+02 8.814673030454485414e-02 3.889429219733927567e+01 2.740031104469413739e-02 3.929491043102139258e+00
1.406258229911616695e+02 8.826074042147015464e-02 3.881796778426719641e+01 2.724838059475110860e-02 3.928684681267070822e+00
1.404428789487509732e+02 8.837489800054994238e-02 3.874179436911460073e+01 2.709730211090593394e-02 3.927876722384191055e+00
1.402601712228676263e+02 8.848920323251358022e-02 3.866577164932188992e+01 2.694707075853776390e-02 3.927067169945467562e+00
1.400776995082513565e+02 8.860365630833737238e-02 3.858989932294739589e+01 2.679768173079872390e-02 3.926256027442865726e+00
1.398954635000367261e+02 8.871825741924431463e-02 3.851417708866645739e+01 2.664913304110705025e-02 3.925443298368354039e+00
1.397134628937515970e+02 8.883300675670505187e-02 3.843860464576966507e+01 2.650141917497370395e-02 3.924628986213898330e+00
1.395316973853174716e+02 8.894790451243764218e-02 3.836318169416198032e+01 2.635453332192572162e-02 3.923813094471466201e+00
1.393501666710486688e+02 8.906295087840811198e-02 3.828790793436123607e+01 2.620847078509265168e-02 3.922995626633025257e+00
1.391688704476514999e+02 8.917814604683099722e-02 3.821278306749680098e+01 2.606322689457508945e-02 3.922176586190541325e+00
1.389878084122244104e+02 8.929349021016917687e-02 3.813780679530849937e+01 2.591879730166691057e-02 3.921355976635982454e+00
1.388069802622567011e+02 8.940898356113474721e-02 3.806297882014504808e+01 2.577518114343248928e-02 3.920533801461314916e+00
1.386263856956288123e+02 8.952462629268881367e-02 3.798829884496309717e+01 2.563236973170467461e-02 3.919710064158505869e+00
1.384460244106114146e+02 8.964041859804207368e-02 3.791376657332577338e+01 2.549035850335067480e-02 3.918884768219522918e+00
1.382658961058645559e+02 8.975636067065538570e-02 3.783938170940125190e+01 2.534914292143045089e-02 3.918057917095863818e+00
1.380860004804380594e+02 8.987245270423949162e-02 3.776514395796191792e+01 2.520871847504513319e-02 3.917229514148413916e+00
1.379063372337700173e+02 8.998869489275598821e-02 3.769105302438260452e+01 2.506908269813813706e-02 3.916399563062590072e+00
1.377269060656870749e+02 9.010508743041713287e-02 3.761710861463973288e+01 2.493023093091409001e-02 3.915568067257776619e+00
1.375477066764037488e+02 9.022163051168635706e-02 3.754331043530989120e+01 2.479215687668695142e-02 3.914735030153357886e+00
1.373687387665212896e+02 9.033832433127887696e-02 3.746965819356837102e+01 2.465485612760582104e-02 3.913900455168716430e+00
1.371900020370282505e+02 9.045516908416140200e-02 3.739615159718837134e+01 2.451832430111023503e-02 3.913064345723237913e+00
1.370114961892989811e+02 9.057216496555317575e-02 3.732279035453924365e+01 2.438255703978244385e-02 3.912226705236304891e+00
1.368332209250938547e+02 9.068931217092567054e-02 3.724957417458561793e+01 2.424755319270747653e-02 3.911387537127302139e+00
1.366551759465585292e+02 9.080661089600319813e-02 3.717650276688603839e+01 2.411330545179938764e-02 3.910546844815613987e+00
1.364773609562231513e+02 9.092406133676343705e-02 3.710357584159157085e+01 2.397980931410148564e-02 3.909704631720622992e+00
1.362997756570024137e+02 9.104166368943727994e-02 3.703079310944478664e+01 2.384706052165869172e-02 3.908860901261714371e+00
1.361224197521944177e+02 9.115941815050968011e-02 3.695815428177830597e+01 2.371505484093443250e-02 3.908015656858271125e+00
1.359452929454808725e+02 9.127732491671955439e-02 3.688565907051381743e+01 2.358378898133404664e-02 3.907168901929677585e+00
1.357683949409262425e+02 9.139538418506021333e-02 3.681330718816064262e+01 2.345325987089664360e-02 3.906320639895318525e+00
1.355917254429768661e+02 9.151359615278006898e-02 3.674109834781445727e+01 2.332346128241407496e-02 3.905470874091717892e+00
1.354152841564614107e+02 9.163196101738228794e-02 3.666903226315636033e+01 2.319438907891493290e-02 3.904619607904423084e+00
1.352390707865892807e+02 9.175047897662584606e-02 3.659710864845122558e+01 2.306603914714324549e-02 3.903766844878044484e+00
1.350630850389510726e+02 9.186915022852522317e-02 3.652532721854687026e+01 2.293840739742146126e-02 3.902912588360551105e+00
1.348873266195177223e+02 9.198797497135104140e-02 3.645368768887266953e+01 2.281149139914046345e-02 3.902056841699913736e+00
1.347117952346394816e+02 9.210695340363062034e-02 3.638218977543817090e+01 2.268528636464699558e-02 3.901199608244100503e+00
1.345364905910465723e+02 9.222608572414769945e-02 3.631083319483226290e+01 2.255978735391576603e-02 3.900340891341082195e+00
1.343614123958474238e+02 9.234537213194349281e-02 3.623961766422150532e+01 2.243499037047786901e-02 3.899480694338827380e+00
1.341865603565292702e+02 9.246481282631636989e-02 3.616854290134934757e+01 2.231089144076473657e-02 3.898619020585305517e+00
1.340119341809571551e+02 9.258440800682249394e-02 3.609760862453470054e+01 2.218748661397488761e-02 3.897755873428487394e+00
1.338375335773730797e+02 9.270415787327639101e-02 3.602681455267058652e+01 2.206477396676608319e-02 3.896891256216340693e+00
1.336633582543963144e+02 9.282406262575079725e-02 3.595616040522327950e+01 2.194274771171550800e-02 3.896025172296835759e+00
1.334894079210226039e+02 9.294412246457717242e-02 3.588564590223095507e+01 2.182140381772151860e-02 3.895157625017942937e+00
1.333156822866231153e+02 9.306433759034637987e-02 3.581527076430228362e+01 2.170073842395430982e-02 3.894288617727630353e+00
1.331421810609448926e+02 9.318470820390840903e-02 3.574503471261559184e+01 2.158074769169718299e-02 3.893418153773868795e+00
1.329689039541096065e+02 9.330523450637330518e-02 3.567493746891739903e+01 2.146142812473932418e-02 3.892546236383437996e+00
1.327958506766135827e+02 9.342591669911103069e-02 3.560497875552138680e+01 2.134277706005220307e-02 3.891672868957138487e+00
1.326230209393271480e+02 9.354675498375200626e-02 3.553515829530717696e+01 2.122478925154874102e-02 3.890798054906857040e+00
1.324504144534937211e+02 9.366774956218766601e-02 3.546547581171895303e+01 2.110746094786819169e-02 3.889921797510337509e+00
1.322780309307302957e+02 9.378890063657024934e-02 3.539593102876470709e+01 2.099078841912796131e-02 3.889044100045325525e+00
1.321058700830257919e+02 9.391020840931380009e-02 3.532652367101452739e+01 2.087476795679835129e-02 3.888164965789565386e+00
1.319339316227416248e+02 9.403167308309391681e-02 3.525725346359988777e+01 2.075939642240480845e-02 3.887284398020802278e+00
1.317622152626106526e+02 9.415329486084833555e-02 3.518812013221225499e+01 2.064467046835248912e-02 3.886402400016781833e+00
1.315907207157365519e+02 9.427507394577752664e-02 3.511912340310180980e+01 2.053058556556254521e-02 3.885518975055247903e+00
1.314194476955940445e+02 9.439701054134444491e-02 3.505026300307660847e+01 2.041713808983200776e-02 3.884634126413946120e+00
1.312483959160274480e+02 9.451910485127555661e-02 3.498153865950096986e+01 2.030432443769811593e-02 3.883747857370620782e+00
1.310775650912511026e+02 9.464135707956057575e-02 3.491295010029476487e+01 2.019214102631873911e-02 3.882860171203017075e+00
1.309069549358485460e+02 9.476376743045303308e-02 3.484449705393202379e+01 2.008058488823612209e-02 3.881971071188880185e+00
1.307365651647715765e+02 9.488633610847092836e-02 3.477617924943962890e+01 1.996965237242501190e-02 3.881080560605954854e+00
1.305663954933407638e+02 9.500906331839642505e-02 3.470799641639656841e+01 1.985933945881820928e-02 3.880188642731986270e+00
1.303964456372438576e+02 9.513194926527693274e-02 3.463994828493231637e+01 1.974964264597693989e-02 3.879295320688787463e+00
1.302267153125362427e+02 9.525499415442474638e-02 3.457203458572602983e+01 1.964055845249181725e-02 3.878400597884047230e+00
1.300572042356400857e+02 9.537819819141779565e-02 3.450425505000532667e+01 1.953208341686662325e-02 3.877504477604476030e+00
1.298879121233435114e+02 9.550156158210011681e-02 3.443660940954490712e+01 1.942421460910241995e-02 3.876606963058750743e+00
1.297188386928010289e+02 9.562508453258163066e-02 3.436909739666580776e+01 1.931694834901378707e-02 3.875708057455551803e+00
1.295499836615318543e+02 9.574876724923923887e-02 3.430171874423381695e+01 1.921028097173244423e-02 3.874807764003556088e+00
1.293813467474206504e+02 9.587260993871647707e-02 3.423447318565874298e+01 1.910420909434621534e-02 3.873906085911443586e+00
1.292129276687163895e+02 9.599661280792415319e-02 3.416736045489305695e+01 1.899872935328560802e-02 3.873003026387892511e+00
1.290447261440316140e+02 9.612077606404098584e-02 3.410038028643066355e+01 1.889383840421159783e-02 3.872098588641581518e+00
1.288767418923429489e+02 9.624509991451328517e-02 3.403353241530611939e+01 1.878953326948032757e-02 3.871192775881189707e+00
1.287089746329894240e+02 9.636958456705603526e-02 3.396681657709307700e+01 1.868581041658476730e-02 3.870285591315394846e+00
1.285414240856730430e+02 9.649423022965261665e-02 3.390023250790348897e+01 1.858266643148414471e-02 3.869377038152876036e+00
1.283740899704577885e+02 9.661903711055544464e-02 3.383377994438635739e+01 1.848009804570359058e-02 3.868467119602312376e+00
1.282069720077690533e+02 9.674400541828649669e-02 3.376745862372653306e+01 1.837810200944839378e-02 3.867555838872382079e+00
1.280400699183936979e+02 9.686913536163714589e-02 3.370126828364381311e+01 1.827667509149622990e-02 3.866643199171764689e+00
1.278733834234788276e+02 9.699442714966917400e-02 3.363520866239149143e+01 1.817581422509580852e-02 3.865729203521251378e+00
1.277069122445321625e+02 9.711988099171446620e-02 3.356927949875561978e+01 1.807551611405585831e-02 3.864813855328367520e+00
1.275406561034210142e+02 9.724549709737571879e-02 3.350348053205367904e+01 1.797577753580205037e-02 3.863897157761680301e+00
1.273746147223718310e+02 9.737127567652692495e-02 3.343781150213339970e+01 1.787659533235163092e-02 3.862979113961953370e+00
1.272087878239700274e+02 9.749721693931333311e-02 3.337227214937187370e+01 1.777796636376299463e-02 3.862059727069953041e+00
1.270431751311595008e+02 9.762332109615193265e-02 3.330686221467435360e+01 1.767988750803124037e-02 3.861139000226445184e+00
1.268777763672415944e+02 9.774958835773218946e-02 3.324158143947297361e+01 1.758235560787696147e-02 3.860216936572194779e+00
1.267125912558755942e+02 9.787601893501569894e-02 3.317642956572601065e+01 1.748536761194213057e-02 3.859293539247967253e+00
1.265476195210772516e+02 9.800261303923726852e-02 3.311140633591636373e+01 1.738892047026155407e-02 3.858368811394527587e+00
1.263828608872191950e+02 9.812937088190466783e-02 3.304651149305086477e+01 1.729301113153848199e-02 3.857442756152641650e+00
1.262183150790300914e+02 9.825629267479919771e-02 3.298174478065897119e+01 1.719763656190022305e-02 3.856515376663075312e+00
1.260539818215937657e+02 9.838337862997641181e-02 3.291710594279153668e+01 1.710279374479720463e-02 3.855586676066593110e+00
1.258898608403497548e+02 9.851062895976571421e-02 3.285259472402012193e+01 1.700847946595476085e-02 3.854656657503961803e+00
1.257259518610917013e+02 9.863804387677152508e-02 3.278821086943547414e+01 1.691469085593928431e-02 3.853725324115945039e+00
1.255622546099678232e+02 9.876562359387300316e-02 3.272395412464675246e+01 1.682142505543805441e-02 3.852792679026027844e+00
1.253987688134800891e+02 9.889336832422460088e-02 3.265982423578035565e+01 1.672867911616733247e-02 3.851858725209445389e+00
1.252354941984833800e+02 9.902127828125678599e-02 3.259582094947867859e+01 1.663645010667189061e-02 3.850923466015652163e+00
1.250724304921859442e+02 9.914935367867568072e-02 3.253194401289938753e+01 1.654473511222824544e-02 3.849986904518643893e+00
1.249095774221478479e+02 9.927759473046419980e-02 3.246819317371391378e+01 1.645353092723924118e-02 3.849049043792413194e+00
1.247469347162815012e+02 9.940600165088175899e-02 3.240456818010677154e+01 1.636283473649564543e-02 3.848109886910954458e+00
1.245845021028507631e+02 9.953457465446487185e-02 3.234106878077432157e+01 1.627264392243201255e-02 3.847169436948262522e+00
1.244222793104701452e+02 9.966331395602782972e-02 3.227769472492354197e+01 1.618295563623352654e-02 3.846227696978330002e+00
1.242602660681051958e+02 9.979221977066239646e-02 3.221444576227135315e+01 1.609376704533974078e-02 3.845284670075152622e+00
1.240984621050710786e+02 9.992129231373893250e-02 3.215132164304307594e+01 1.600507533335017440e-02 3.844340359312722555e+00
1.239368671510329989e+02 1.000505318009060340e-01 3.208832211797182765e+01 1.591687739790304326e-02 3.843394767765034636e+00
1.237754809360053372e+02 1.001799384480912686e-01 3.202544693829720757e+01 1.582917029216111132e-02 3.842447898506083259e+00
1.236143031903508813e+02 1.003095124715017300e-01 3.196269585576416716e+01 1.574195172105404342e-02 3.841499754609861483e+00
1.234533336447812246e+02 1.004392540876237888e-01 3.190006862262227827e+01 1.565521893181676810e-02 3.840550339150364145e+00
1.232925720303552737e+02 1.005691635132242301e-01 3.183756499162427644e+01 1.556896918738345272e-02 3.839599655201584305e+00
1.231320180784797458e+02 1.006992409653498788e-01 3.177518471602537531e+01 1.548319976629739837e-02 3.838647705779704378e+00
1.229716715209082878e+02 1.008294866613283353e-01 3.171292754958203375e+01 1.539790778974116023e-02 3.837694493887158664e+00
1.228115320897406946e+02 1.009599008187685443e-01 3.165079324655082260e+01 1.531308994161723926e-02 3.836740022740771305e+00
1.226515995174233211e+02 1.010904836555605452e-01 3.158878156168769280e+01 1.522874435649755089e-02 3.835784295348886985e+00
1.224918735367476330e+02 1.012212353898765543e-01 3.152689225024651876e+01 1.514486837436638048e-02 3.834827314719848168e+00
1.223323538808506186e+02 1.013521562401707432e-01 3.146512506797845887e+01 1.506145935037248897e-02 3.833869083861999094e+00
1.221730402832139646e+02 1.014832464251797933e-01 3.140347977113071209e+01 1.497851465474143128e-02 3.832909605783683560e+00
1.220139324776633458e+02 1.016145061639235764e-01 3.134195611644539881e+01 1.489603167268837777e-02 3.831948883493243585e+00
1.218550301983686381e+02 1.017459356757049183e-01 3.128055386115882186e+01 1.481400674274019856e-02 3.830986919999024298e+00
1.216963331798427248e+02 1.018775351801106122e-01 3.121927276300007392e+01 1.473243825236966384e-02 3.830023718309368164e+00
1.215378411569416954e+02 1.020093048970112520e-01 3.115811258019033048e+01 1.465132373368079229e-02 3.829059281432618533e+00
1.213795538648642349e+02 1.021412450465617461e-01 3.109707307144172717e+01 1.457066063087109065e-02 3.828093612377119648e+00
1.212214710391506571e+02 1.022733558492020661e-01 3.103615399595612345e+01 1.449044640270105364e-02 3.827126714151213971e+00
1.210635924156832459e+02 1.024056375256570534e-01 3.097535511342440273e+01 1.441067852241055200e-02 3.826158589763245743e+00
1.209059177306854878e+02 1.025380902969369873e-01 3.091467618402533546e+01 1.433135367652654119e-02 3.825189242221559205e+00
1.207484467207212333e+02 1.026707143843383074e-01 3.085411696842439966e+01 1.425246963939787344e-02 3.824218674440187371e+00
1.205911791226950811e+02 1.028035100094433218e-01 3.079367722777305971e+01 1.417402447136180063e-02 3.823246889439444018e+00
1.204341146738510560e+02 1.029364773941212757e-01 3.073335672370747318e+01 1.409601570260942370e-02 3.822273890311452593e+00
1.202772531117729073e+02 1.030696167605281155e-01 3.067315521834770919e+01 1.401844087739949340e-02 3.821299680000030730e+00
1.201205941743833563e+02 1.032029283311071549e-01 3.061307247429665424e+01 1.394129755397712465e-02 3.820324261448996062e+00
1.199641375999433279e+02 1.033364123285896580e-01 3.055310825463886104e+01 1.386458295833838117e-02 3.819347637602164003e+00
1.198078831270523068e+02 1.034700689759946307e-01 3.049326232293985939e+01 1.378829387011693865e-02 3.818369811403352632e+00
1.196518304946469868e+02 1.036038984966298759e-01 3.043353444324480606e+01 1.371242905892667945e-02 3.817390785796377362e+00
1.194959794420016124e+02 1.037379011140917850e-01 3.037392438007778495e+01 1.363698613800448482e-02 3.816410563725056271e+00
1.193403297087272250e+02 1.038720770522659209e-01 3.031443189844068087e+01 1.356196273417625484e-02 3.815429148133206549e+00
1.191848810347708962e+02 1.040064265353277118e-01 3.025505676381206399e+01 1.348735648777841210e-02 3.814446541964643611e+00
1.190296331604160542e+02 1.041409497877421597e-01 3.019579874214649351e+01 1.341316505258040997e-02 3.813462748163185534e+00
1.188745858262811623e+02 1.042756470342649927e-01 3.013665759987317827e+01 1.333938475699346891e-02 3.812477769672648620e+00
1.187197387733201026e+02 1.044105184999423175e-01 3.007763310389530176e+01 1.326601432138530684e-02 3.811491609436849615e+00
1.185650917428213234e+02 1.045455644101113551e-01 3.001872502158888523e+01 1.319305175714741325e-02 3.810504270399606597e+00
1.184106444764071995e+02 1.046807849904010240e-01 2.995993312080172899e+01 1.312049477084423731e-02 3.809515755377264057e+00
1.182563967160342457e+02 1.048161804667317454e-01 2.990125716985265569e+01 1.304834108209191636e-02 3.808526067399772064e+00
1.181023482039918662e+02 1.049517510653164981e-01 2.984269693753023844e+01 1.297658842348273223e-02 3.807535209442040269e+00
1.179484986829027378e+02 1.050874970126605551e-01 2.978425219309211158e+01 1.290523393790029248e-02 3.806543184384463707e+00
1.177948478957219578e+02 1.052234185355621771e-01 2.972592270626386579e+01 1.283427480341729765e-02 3.805549995107436523e+00
1.176413955857363618e+02 1.053595158611132371e-01 2.966770824723796451e+01 1.276370999469689758e-02 3.804555644491352862e+00
1.174881414965647792e+02 1.054957892166989708e-01 2.960960858667301565e+01 1.269353729531255692e-02 3.803560135416607313e+00
1.173350853721568399e+02 1.056322388299990589e-01 2.955162349569253877e+01 1.262375450144585277e-02 3.802563470763593578e+00
1.171822269567932437e+02 1.057688649289874189e-01 2.949375274588425810e+01 1.255435942181419746e-02 3.801565653412706247e+00
1.170295659950849512e+02 1.059056677419328296e-01 2.943599610929896926e+01 1.248534987759848842e-02 3.800566686244340353e+00
1.168771022319725574e+02 1.060426474973995836e-01 2.937835335844954088e+01 1.241672215234471653e-02 3.799566572138889153e+00
1.167248354127265770e+02 1.061798044242472094e-01 2.932082426631017213e+01 1.234847528945755626e-02 3.798565313976748126e+00
1.165727652829460794e+02 1.063171387516316652e-01 2.926340860631514929e+01 1.228060752171335895e-02 3.797562914638310083e+00
1.164208915885590727e+02 1.064546507090050054e-01 2.920610615235810670e+01 1.221311671924018433e-02 3.796559377003970059e+00
1.162692140758218500e+02 1.065923405261160195e-01 2.914891667879106407e+01 1.214600076427644650e-02 3.795554703954123532e+00
1.161177324913180513e+02 1.067302084330109951e-01 2.909183996042325404e+01 1.207925755110101501e-02 3.794548898211374421e+00
1.159664465819591470e+02 1.068682546600333710e-01 2.903487577252048268e+01 1.201288453172681854e-02 3.793541962808490986e+00
1.158153560949831018e+02 1.070064794378248751e-01 2.897802389080387542e+01 1.194687850024828482e-02 3.792533900609852626e+00
1.156644607779547016e+02 1.071448829973252748e-01 2.892128409144922685e+01 1.188123898853823100e-02 3.791524714433502918e+00
1.155137603787647862e+02 1.072834655697730566e-01 2.886465615108584615e+01 1.181596393814304466e-02 3.790514407097484106e+00
1.153632546456295813e+02 1.074222273867060512e-01 2.880813984679563333e+01 1.175105130230871472e-02 3.789502981419837546e+00
1.152129433270908407e+02 1.075611686799612943e-01 2.875173495611226215e+01 1.168649904591377575e-02 3.788490440218606370e+00
1.150628261720151357e+02 1.077002896816756788e-01 2.869544125702017112e+01 1.162230514540222616e-02 3.787476786311832821e+00
1.149129029295931446e+02 1.078395906242866353e-01 2.863925852795351545e+01 1.155846633946486235e-02 3.786462022517558257e+00
1.147631733493399366e+02 1.079790717405318401e-01 2.858318654779549917e+01 1.149498099589537671e-02 3.785446151653826696e+00
1.146136371810937078e+02 1.081187332634503812e-01 2.852722509587710675e+01 1.143184803101886596e-02 3.784429176538678607e+00
1.144642941750161214e+02 1.082585754263824945e-01 2.847137395197647791e+01 1.136906546666342256e-02 3.783411099990157123e+00
1.143151440815915691e+02 1.083985984629702026e-01 2.841563289631786304e+01 1.130663133589545830e-02 3.782391924826304930e+00
1.141661866516264610e+02 1.085388026071580081e-01 2.836000170957055033e+01 1.124454368295495048e-02 3.781371653865162941e+00
1.140174216362494661e+02 1.086791880931926302e-01 2.830448017284824047e+01 1.118280056319146190e-02 3.780350289924775620e+00
1.138688487869103909e+02 1.088197551556241288e-01 2.824906806770783163e+01 1.112139806265835529e-02 3.779327835638056410e+00
1.137204678553803348e+02 1.089605040293056687e-01 2.819376517614868760e+01 1.106033600067779510e-02 3.778304294034185773e+00
1.135722785937510793e+02 1.091014349493941715e-01 2.813857128061171764e+01 1.099961272974323695e-02 3.777279667873048918e+00
1.134242807544343634e+02 1.092425481513509822e-01 2.808348616397826092e+01 1.093922634878109409e-02 3.776253959911428648e+00
1.132764740901621110e+02 1.093838438709416466e-01 2.802850960956947901e+01 1.087917496751340286e-02 3.775227172906110873e+00
1.131288583539852368e+02 1.095253223442370083e-01 2.797364140114511599e+01 1.081945670639541252e-02 3.774199309613877951e+00
1.129814332992740162e+02 1.096669838076129583e-01 2.791888132290288027e+01 1.076006940157428135e-02 3.773170372791514016e+00
1.128341986797172467e+02 1.098088284977511431e-01 2.786422915947739654e+01 1.070100945912988433e-02 3.772140365195804534e+00
1.126871542493215941e+02 1.099508566516396169e-01 2.780968469593919679e+01 1.064227708897108604e-02 3.771109289583531865e+00
1.125402997624119479e+02 1.100930685065725362e-01 2.775524771779410926e+01 1.058387045363777361e-02 3.770077148711481030e+00
1.123936349736300713e+02 1.102354643001514228e-01 2.770091801098198658e+01 1.052578772609995793e-02 3.769043945336435275e+00
1.122471596379350274e+02 1.103780442702847753e-01 2.764669536187613375e+01 1.046802708969815990e-02 3.768009682215179179e+00
1.121008735106023551e+02 1.105208086551888458e-01 2.759257955728226719e+01 1.041058673808365961e-02 3.766974362104497320e+00
1.119547763472234863e+02 1.106637576933882372e-01 2.753857038443752003e+01 1.035346412676658480e-02 3.765937987761172057e+00
1.118088679037058597e+02 1.108068916237157364e-01 2.748466763100976351e+01 1.029665656834418373e-02 3.764900561906370235e+00
1.116631479362719119e+02 1.109502106853133968e-01 2.743087108509649497e+01 1.024016396477932765e-02 3.763862087192795247e+00
1.115176162014592478e+02 1.110937151176322746e-01 2.737718053522413797e+01 1.018398455013417442e-02 3.762822566534492541e+00
1.113722724561199584e+02 1.112374051604331643e-01 2.732359577034707954e+01 1.012811656849076439e-02 3.761782002628052624e+00
1.112271164574199105e+02 1.113812810537872511e-01 2.727011657984665405e+01 1.007255827389335646e-02 3.760740398170066001e+00
1.110821479628390733e+02 1.115253430380758332e-01 2.721674275353053574e+01 1.001730793029148581e-02 3.759697755857124069e+00
1.109373667301702540e+02 1.116695913539915291e-01 2.716347408163152011e+01 9.962362736165365426e-03 3.758654078385816444e+00
1.107927725175194809e+02 1.118140262425379589e-01 2.711031035480696261e+01 9.907720661625176589e-03 3.757609368452735410e+00
1.106483650833052081e+02 1.119586479450304650e-01 2.705725136413773413e+01 9.853381417409391371e-03 3.756563628754471473e+00
1.105041441862576335e+02 1.121034567030968349e-01 2.700429690112725112e+01 9.799343306272214477e-03 3.755516861987615140e+00
1.103601095854190817e+02 1.122484527586769254e-01 2.695144675770087161e+01 9.745604640593952608e-03 3.754469070848757806e+00
1.102162610401426690e+02 1.123936363540239819e-01 2.689870072620470864e+01 9.692163742325383621e-03 3.753420258034489088e+00
1.100725983100926868e+02 1.125390077317042353e-01 2.684605859940501560e+01 9.639018942933126610e-03 3.752370426241400825e+00
1.099291211552438767e+02 1.126845671345976935e-01 2.679352017048722345e+01 9.586167325478948953e-03 3.751319578166084856e+00
1.097858293358807344e+02 1.128303148058987793e-01 2.674108523305494600e+01 9.533607232672186571e-03 3.750267716505129911e+00
1.096427226125977228e+02 1.129762509891161781e-01 2.668875358112933327e+01 9.481338319001305151e-03 3.749214843833296396e+00
1.094998007462984901e+02 1.131223759280735458e-01 2.663652500914811228e+01 9.429358953196522244e-03 3.748160962815957120e+00
1.093570634981953447e+02 1.132686898669101605e-01 2.658439931196460293e+01 9.377667513235708394e-03 3.747106076356955917e+00
1.092145106298093395e+02 1.134151930500807287e-01 2.653237628484709987e+01 9.326262386291517964e-03 3.746050187086702898e+00
1.090721419029692356e+02 1.135618857223564954e-01 2.648045572347776400e+01 9.275141968678370791e-03 3.744993297635606400e+00
1.089299570798117429e+02 1.137087681288250218e-01 2.642863742395196169e+01 9.224303385060328778e-03 3.743935410634075200e+00
1.087879559227808244e+02 1.138558405148908520e-01 2.637692118277735176e+01 9.173745034851762611e-03 3.742876528712519857e+00
1.086461381946270279e+02 1.140031031262762340e-01 2.632530679687291908e+01 9.123466667173571812e-03 3.741816654501347372e+00
1.085045036584076996e+02 1.141505562090208703e-01 2.627379406356830316e+01 9.073466714124853519e-03 3.740755790630968303e+00
1.083630520774859463e+02 1.142982000094830558e-01 2.622238278060277494e+01 9.023743616689276770e-03 3.739693939731790540e+00
1.082217832155307633e+02 1.144460347743394557e-01 2.617107274612455470e+01 8.974295824684308878e-03 3.738631104434222863e+00
1.080806968365164948e+02 1.145940607505857717e-01 2.611986375868988830e+01 8.925121796710493854e-03 3.737567287368675828e+00
1.079397927047220236e+02 1.147422781855374774e-01 2.606875561726209156e+01 8.876218869018646929e-03 3.736502491165556883e+00
1.077990705847311261e+02 1.148906873268295270e-01 2.601774812121096758e+01 8.827585155584171187e-03 3.735436718455275695e+00
1.076585302414313219e+02 1.150392884224175766e-01 2.596684107031166988e+01 8.779220664654054790e-03 3.734369971868241045e+00
1.075181714400140578e+02 1.151880817205776925e-01 2.591603426474409488e+01 8.731123889193871668e-03 3.733302254034861267e+00
1.073779939459741684e+02 1.153370674699070453e-01 2.586532750509199730e+01 8.683293330705386601e-03 3.732233567585546918e+00
1.072379975251090656e+02 1.154862459193246593e-01 2.581472059234196692e+01 8.635727499177460811e-03 3.731163915150705446e+00
1.070981819435190943e+02 1.156356173180711211e-01 2.576421332788290997e+01 8.588424913037639302e-03 3.730093299175310850e+00
1.069585469676063525e+02 1.157851819157097867e-01 2.571380551350490506e+01 8.541383301063056044e-03 3.729021722384424642e+00
1.068190923640749617e+02 1.159349399621264765e-01 2.566349695139861709e+01 8.494600127719718202e-03 3.727949187512413776e+00
1.066798178999304412e+02 1.160848917075302245e-01 2.561328744415437697e+01 8.448075836154337812e-03 3.726875697120167530e+00
1.065407233424789410e+02 1.162350374024540278e-01 2.556317679476125093e+01 8.401808977797053588e-03 3.725801253768573851e+00
1.064018084593276114e+02 1.163853772977544582e-01 2.551316480660642938e+01 8.355798112279712656e-03 3.724725860018523793e+00
1.062630730183833805e+02 1.165359116446130217e-01 2.546325128347417177e+01 8.310041807388568111e-03 3.723649518430904859e+00
1.061245167878532953e+02 1.166866406945357426e-01 2.541343602954519554e+01 8.264538639017805777e-03 3.722572231566607215e+00
1.059861395362437975e+02 1.168375646993539962e-01 2.536371884939576304e+01 8.219286918323407895e-03 3.721494001986521027e+00
1.058479410323601257e+02 1.169886839112251331e-01 2.531409954799677919e+01 8.174283078306825504e-03 3.720414832251533799e+00
1.057099210453064586e+02 1.171399985826322709e-01 2.526457793071316260e+01 8.129528182056118893e-03 3.719334724922536584e+00
1.055720793444849051e+02 1.172915089663855159e-01 2.521515380330281175e+01 8.085020837160594373e-03 3.718253682560416884e+00
1.054344156995957320e+02 1.174432153156216296e-01 2.516582697191600815e+01 8.040759659089990671e-03 3.717171707726065311e+00
1.052969298806366680e+02 1.175951178838047784e-01 2.511659724309451036e+01 7.996743271149199181e-03 3.716088802980371142e+00
1.051596216579022922e+02 1.177472169247272965e-01 2.506746442377063033e+01 7.952970304433329418e-03 3.715004970884222768e+00
1.050224908019842616e+02 1.178995126925093534e-01 2.501842832126668981e+01 7.909439397783277551e-03 3.713920213998510800e+00
1.048855370837702168e+02 1.180520054416001885e-01 2.496948874329390478e+01 7.866146911296134983e-03 3.712834534884122739e+00
1.047487602744439954e+02 1.182046954267778754e-01 2.492064549795186323e+01 7.823093365767684951e-03 3.711747936101949197e+00
1.046121601454850207e+02 1.183575829031500160e-01 2.487189839372756595e+01 7.780277874325501261e-03 3.710660419971495649e+00
1.044757364686676624e+02 1.185106681261544614e-01 2.482324723949460576e+01 7.737699106076893589e-03 3.709571989274488057e+00
1.043394890160613073e+02 1.186639513515591604e-01 2.477469184451246065e+01 7.695355737657783891e-03 3.708482646591230392e+00
1.042034175600298482e+02 1.188174328354628523e-01 2.472623201842572271e+01 7.653246453189556028e-03 3.707392394414584569e+00
1.040675218732309020e+02 1.189711128342958446e-01 2.467786757126309283e+01 7.611369944236067581e-03 3.706301235237411618e+00
1.039318017286161080e+02 1.191249916048197077e-01 2.462959831343687611e+01 7.569723522400343893e-03 3.705209171552574787e+00
1.037962568994300625e+02 1.192790694041285099e-01 2.458142405574192324e+01 7.528305932704641712e-03 3.704116205852934218e+00
1.036608871592105316e+02 1.194333464896485536e-01 2.453334460935505135e+01 7.487117269227286896e-03 3.703022340631352716e+00
1.035256922817878120e+02 1.195878231191390695e-01 2.448535978583417361e+01 7.446156252601151583e-03 3.701927578380692641e+00
1.033906720412840770e+02 1.197424995506930073e-01 2.443746939711740751e+01 7.405421610693169350e-03 3.700831921593814577e+00
1.032558262121136465e+02 1.198973760427367447e-01 2.438967325552250642e+01 7.364912078563119052e-03 3.699735372763581776e+00
1.031211545689818649e+02 1.200524528540312941e-01 2.434197117374585062e+01 7.324626398422239525e-03 3.698637934382854819e+00
1.029866568868853847e+02 1.202077302436720396e-01 2.429436296486183977e+01 7.284563043620571540e-03 3.697539608944496514e+00
1.028523329411114986e+02 1.203632084710895139e-01 2.424684844232207226e+01 7.244718560058998127e-03 3.696440398941368777e+00
1.027181825072374863e+02 1.205188877960500921e-01 2.419942741995443214e+01 7.205094229672482850e-03 3.695340306866332636e+00
1.025842053611309126e+02 1.206747684786557001e-01 2.415209971196254912e+01 7.165688822591754180e-03 3.694239335212250896e+00
1.024504012789484761e+02 1.208308507793451475e-01 2.410486513292476474e+01 7.126501115898901083e-03 3.693137486471984587e+00
1.023167700371363082e+02 1.209871349588937384e-01 2.405772349779358521e+01 7.087529893587790966e-03 3.692034763138395626e+00
1.021833114124293331e+02 1.211436212784140765e-01 2.401067462189481105e+01 7.048773946524452064e-03 3.690931167411463765e+00
1.020500251818505291e+02 1.213003099993568562e-01 2.396371832092667375e+01 7.010232072407657049e-03 3.689826702118034429e+00
1.019169111227113689e+02 1.214572013835104325e-01 2.391685441095929221e+01 6.971901340221959946e-03 3.688721369695079577e+00
1.017839690126105552e+02 1.216142956930022501e-01 2.387008270843364599e+01 6.933781278689877571e-03 3.687615172568854405e+00
1.016511986294343473e+02 1.217715931902984411e-01 2.382340303016102823e+01 6.895871755804237370e-03 3.686508113165617662e+00
1.015185997513559499e+02 1.219290941382046162e-01 2.377681519332220716e+01 6.858171595927044402e-03 3.685400193911627209e+00
1.013861721568348031e+02 1.220867987998666554e-01 2.373031901546653444e+01 6.820679630062059448e-03 3.684291417233138244e+00
1.012539156246169085e+02 1.222447074387703198e-01 2.368391431451144769e+01 6.783394695817024540e-03 3.683181785556409960e+00
1.011218299337337214e+02 1.224028203187426111e-01 2.363760090874142961e+01 6.746315637365683793e-03 3.682071301307697997e+00
1.009899148635023494e+02 1.225611377039514810e-01 2.359137861680746084e+01 6.709441091878253285e-03 3.680959966913260217e+00
1.008581701935250265e+02 1.227196598589064963e-01 2.354524725772622418e+01 6.672767569674732321e-03 3.679847784799354482e+00
1.007265957036883748e+02 1.228783870484597279e-01 2.349920665087919858e+01 6.636296526990569100e-03 3.678734757392236876e+00
1.005951911741636877e+02 1.230373195378053480e-01 2.345325661601214051e+01 6.600026833609610316e-03 3.677620887118166149e+00
1.004639563854059503e+02 1.231964575924809485e-01 2.340739697323412116e+01 6.563957365698363557e-03 3.676506176403397941e+00
1.003328911181538956e+02 1.233558014783672913e-01 2.336162754301692601e+01 6.528087005769627089e-03 3.675390627674189670e+00
1.002019951534295643e+02 1.235153514616890019e-01 2.331594814619428746e+01 6.492414642646196846e-03 3.674274243356800085e+00
1.000712682725375799e+02 1.236751078090153749e-01 2.327035860396099309e+01 6.456939171424700905e-03 3.673157025877484827e+00
9.994071025706539046e+01 1.238350707872600542e-01 2.322485873787237409e+01 6.421658229166954737e-03 3.672038977604638710e+00
9.981032088888227349e+01 1.239952406636823379e-01 2.317944836984333890e+01 6.386570492438521651e-03 3.670920100799925923e+00
9.968009995013946423e+01 1.241556177058869143e-01 2.313412732214778700e+01 6.351676402237671666e-03 3.669800398149400511e+00
9.955004722326967226e+01 1.243162021818245561e-01 2.308889541741785578e+01 6.316974878120183712e-03 3.668679872014166232e+00
9.942016249098637104e+01 1.244769943597929251e-01 2.304375247864303944e+01 6.282464845740643941e-03 3.667558524755322402e+00
9.929044553628392578e+01 1.246379945084364338e-01 2.299869832916962764e+01 6.248145236817715699e-03 3.666436358733972778e+00
9.916089614243709605e+01 1.247992028967468831e-01 2.295373279269992395e+01 6.214014989099468471e-03 3.665313376311220228e+00
9.903151409300026842e+01 1.249606197940643926e-01 2.290885569329137894e+01 6.180073046328823060e-03 3.664189579848164957e+00
9.890229917180779751e+01 1.251222454700769426e-01 2.286406685535609995e+01 6.146316262835327046e-03 3.663064971705910722e+00
9.877325116297288332e+01 1.252840801948218730e-01 2.281936610365984208e+01 6.112745042403949433e-03 3.661939554245558170e+00
9.864436985088795495e+01 1.254461242386853137e-01 2.277475326332156413e+01 6.079359025658266635e-03 3.660813329828210616e+00
9.851565502022381793e+01 1.256083778724032818e-01 2.273022815981249423e+01 6.046157179701845338e-03 3.659686300814970039e+00
9.838710645592928472e+01 1.257708413670621528e-01 2.268579061895544768e+01 6.013138477466067888e-03 3.658558469566937976e+00
9.825872394323121739e+01 1.259335149940985776e-01 2.264144046692420531e+01 5.980301897676946164e-03 3.657429838445217740e+00
9.813050726763361808e+01 1.260963990253007039e-01 2.259717753024259679e+01 5.947646424821902492e-03 3.656300409810909535e+00
9.800245621491778536e+01 1.262594937328078981e-01 2.255300163578399619e+01 5.915171049116985103e-03 3.655170186025116674e+00
9.787457057114178838e+01 1.264227993891114399e-01 2.250891261077050487e+01 5.882872063325308466e-03 3.654039169448942026e+00
9.774685012263969952e+01 1.265863162670555209e-01 2.246491028277212365e+01 5.850751150931483846e-03 3.652907362443486239e+00
9.761929465602207756e+01 1.267500446398366343e-01 2.242099447970628034e+01 5.818807372071255375e-03 3.651774767250521414e+00
9.749190395817461763e+01 1.269139847810052124e-01 2.237716502983683853e+01 5.787039739272635194e-03 3.650641386207857053e+00
9.736467781625867701e+01 1.270781369644650716e-01 2.233342176177362859e+01 5.755447270632799497e-03 3.649507221842490878e+00
9.723761601771053620e+01 1.272425014644743280e-01 2.228976450447162705e+01 5.724028989786204315e-03 3.648372276451772755e+00
9.711071835024073096e+01 1.274070785556462027e-01 2.224619308723015010e+01 5.692783925872899053e-03 3.647236552333049442e+00
9.698398460183443603e+01 1.275718685129485774e-01 2.220270733969238108e+01 5.661710765235393635e-03 3.646100051783671248e+00
9.685741456075029987e+01 1.277368716117054936e-01 2.215930709184437930e+01 5.630806508064465851e-03 3.644962777100985374e+00
9.673100801552077144e+01 1.279020881275967358e-01 2.211599217401463946e+01 5.600072619719109572e-03 3.643824730582340798e+00
9.660476475495144655e+01 1.280675183366586645e-01 2.207276241687324614e+01 5.569508150772342452e-03 3.642685914525087831e+00
9.647868456812045679e+01 1.282331625152850485e-01 2.202961765143110640e+01 5.539112157149637602e-03 3.641546331226572342e+00
9.635276724437882478e+01 1.283990209402265659e-01 2.198655770903949147e+01 5.508883700098556394e-03 3.640405982984145528e+00
9.622701257334919944e+01 1.285650938885924688e-01 2.194358242138899939e+01 5.478821846158153999e-03 3.639264872095154146e+00
9.610142034492632490e+01 1.287313816378499731e-01 2.190069162050916773e+01 5.448925667128992102e-03 3.638123000856947176e+00
9.597599034927632999e+01 1.288978844658252021e-01 2.185788513876763162e+01 5.419193716399778142e-03 3.636980371566874926e+00
9.585072237683613139e+01 1.290646026507039912e-01 2.181516280886936698e+01 5.389623408223250846e-03 3.635836986522283709e+00
9.572561621831370360e+01 1.292315364710314718e-01 2.177252446385618612e+01 5.360216053140645642e-03 3.634692848020524281e+00
9.560067166468702737e+01 1.293986862057135423e-01 2.172996993710580682e+01 5.330970743424414890e-03 3.633547958358943397e+00
9.547588850720430287e+01 1.295660521340165350e-01 2.168749906233137281e+01 5.301886576462271593e-03 3.632402319834890481e+00
9.535126653738343805e+01 1.297336345355679377e-01 2.164511167358070054e+01 5.272962654727978392e-03 3.631255934571099964e+00
9.522680554701138078e+01 1.299014336903572542e-01 2.160280760523545140e+01 5.244198085752257987e-03 3.630108804967263847e+00
9.510250532814433200e+01 1.300694498787356990e-01 2.156058669201069478e+01 5.215591982094100812e-03 3.628960933402806344e+00
9.497836567310683620e+01 1.302376833814175294e-01 2.151844876895398073e+01 5.187142988496430164e-03 3.627812322112699217e+00
9.485438637449189514e+01 1.304061344794797406e-01 2.147639367144483558e+01 5.158848479979036283e-03 3.626662973331917339e+00
9.473056722516042782e+01 1.305748034543629255e-01 2.143442123519400155e+01 5.130709835592770114e-03 3.625512889295434249e+00
9.460690801824071627e+01 1.307436905878719691e-01 2.139253129624271921e+01 5.102726187451190124e-03 3.624362072238222598e+00
9.448340854712854764e+01 1.309127961621758540e-01 2.135072369096215184e+01 5.074896672556511966e-03 3.623210524395257703e+00
9.436006860548631892e+01 1.310821204598089096e-01 2.130899825605259323e+01 5.047220432771623924e-03 3.622058248001510883e+00
9.423688798724315063e+01 1.312516637636706174e-01 2.126735482854287440e+01 5.019696614792472714e-03 3.620905245291957453e+00
9.411386648659438947e+01 1.314214263570263330e-01 2.122579324578970628e+01 4.992324370120482246e-03 3.619751518501570953e+00
9.399100389800096877e+01 1.315914085235081465e-01 2.118431334547684841e+01 4.965102658195029613e-03 3.618597069865323590e+00
9.386830001618957908e+01 1.317616105471146326e-01 2.114291496561465067e+01 4.938028363753334433e-03 3.617441901618189792e+00
9.374575463615205706e+01 1.319320327122117387e-01 2.110159794453925386e+01 4.911103156658292238e-03 3.616286015995144432e+00
9.362336755314480286e+01 1.321026753035335621e-01 2.106036212091188631e+01 4.884326207090217836e-03 3.615129415231158827e+00
9.350113856268906432e+01 1.322735386061819340e-01 2.101920733371837002e+01 4.857696689901710302e-03 3.613972101561208738e+00
9.337906746056985696e+01 1.324446229056280011e-01 2.097813342226820410e+01 4.831213784590858429e-03 3.612814077220265485e+00
9.325715404283624821e+01 1.326159284877117261e-01 2.093714022619413839e+01 4.804876675274905896e-03 3.611655344443304383e+00
9.313539810580076050e+01 1.327874556386428317e-01 2.089622758545141323e+01 4.778684550663875666e-03 3.610495905240900250e+00
9.301379944603876027e+01 1.329592046450015497e-01 2.085539534031699205e+01 4.752636604034349635e-03 3.609335762062228170e+00
9.289235786038875631e+01 1.331311757937382878e-01 2.081464333138911726e+01 4.726729689045178380e-03 3.608174917149518102e+00
9.277107314595131982e+01 1.333033693721751289e-01 2.077397139958641858e+01 4.700965080797439577e-03 3.607013372676701746e+00
9.264994510008936857e+01 1.334757856680053867e-01 2.073337938614745113e+01 4.675342287916995666e-03 3.605851130817713912e+00
9.252897352042759849e+01 1.336484249692944937e-01 2.069286713262997068e+01 4.649860521422377949e-03 3.604688193746488967e+00
9.240815820485187260e+01 1.338212875644808064e-01 2.065243448091016276e+01 4.624518996772167614e-03 3.603524563636959943e+00
9.228749895150943416e+01 1.339943737423753001e-01 2.061208127318220917e+01 4.599316933839807560e-03 3.602360242663061651e+00
9.216699555880798300e+01 1.341676837921629561e-01 2.057180735195740695e+01 4.574253556888357823e-03 3.601195232998726681e+00
9.204664782541580337e+01 1.343412180034024850e-01 2.053161256006371005e+01 4.549328094545578884e-03 3.600029536817889397e+00
9.192645555026133763e+01 1.345149766660270196e-01 2.049149674064499393e+01 4.524538178423873590e-03 3.598863156294484611e+00
9.180641853253240470e+01 1.346889600703451706e-01 2.045145973716031307e+01 4.499883656569725332e-03 3.597696093602444467e+00
9.168653657167666893e+01 1.348631685070404707e-01 2.041150139338348879e+01 4.475364791264914606e-03 3.596528350915704220e+00
9.156680946740044647e+01 1.350376022671729292e-01 2.037162155340219982e+01 4.450980828085477140e-03 3.595359930408196458e+00
9.144723701966907470e+01 1.352122616421786716e-01 2.033182006161754529e+01 4.426731016851383725e-03 3.594190834253855549e+00
9.132781902870620172e+01 1.353871469238707992e-01 2.029209676274329865e+01 4.402614611602294857e-03 3.593021064626616745e+00
9.120855529499340264e+01 1.355622584044401113e-01 2.025245150180525044e+01 4.378630870573527872e-03 3.591850623700411305e+00
9.108944561927023642e+01 1.357375963764549387e-01 2.021288412414067537e+01 4.354779056172258279e-03 3.590679513649175369e+00
9.097048980253335060e+01 1.359131611328624756e-01 2.017339447539752939e+01 4.331057792853382042e-03 3.589507736377868241e+00
9.085168764603666602e+01 1.360889529669884745e-01 2.013398240153397722e+01 4.307465067171617999e-03 3.588335294373831363e+00
9.073303895129089369e+01 1.362649721725380236e-01 2.009464774881769955e+01 4.284002109944188598e-03 3.587162189751575525e+00
9.061454352006282420e+01 1.364412190435965455e-01 2.005539036382514340e+01 4.260668199768845137e-03 3.585988424625336624e+00
9.049620115437571144e+01 1.366176938746292424e-01 2.001621009344111002e+01 4.237462619299885679e-03 3.584814001109351889e+00
9.037801165650817836e+01 1.367943969604827614e-01 1.997710678485788449e+01 4.214384655224907156e-03 3.583638921317857662e+00
9.025997482899447277e+01 1.369713285963847227e-01 1.993808028557479872e+01 4.191433598241977275e-03 3.582463187365091173e+00
9.014209047462398416e+01 1.371484890779445243e-01 1.989913044339753867e+01 4.168608743036780404e-03 3.581286801365290096e+00
9.002435839644054738e+01 1.373258787011543969e-01 1.986025710643739828e+01 4.145909388259859732e-03 3.580109765432689439e+00
8.990677839774276947e+01 1.375034977623888210e-01 1.982146012311088867e+01 4.123332821250142062e-03 3.578932081681528210e+00
8.978935028208300650e+01 1.376813465584061646e-01 1.978273934213885354e+01 4.100879863964639396e-03 3.577753752226040973e+00
8.967207385326760516e+01 1.378594253863482111e-01 1.974409461254604992e+01 4.078550355862945245e-03 3.576574779180465846e+00
8.955494891535639113e+01 1.380377345437410752e-01 1.970552578366047314e+01 4.056343610975451236e-03 3.575395164659040059e+00
8.943797527266198699e+01 1.382162743284961470e-01 1.966703270511259660e+01 4.034258947187909471e-03 3.574214910775999066e+00
8.932115272975008224e+01 1.383950450389096476e-01 1.962861522683494897e+01 4.012295686219610573e-03 3.573034019645580983e+00
8.920448109143879378e+01 1.385740469736637115e-01 1.959027319906142850e+01 3.990453153601515764e-03 3.571852493382022598e+00
8.908796016279814012e+01 1.387532804318271085e-01 1.955200647232657118e+01 3.968730678654551133e-03 3.570670334099559806e+00
8.897158974915026874e+01 1.389327457128549381e-01 1.951381489746514220e+01 3.947126981412419668e-03 3.569487543852105205e+00
8.885536965606841875e+01 1.391124431165901565e-01 1.947569832561129033e+01 3.925640133041224944e-03 3.568304124625374829e+00
8.873929968937730450e+01 1.392923729432631319e-01 1.943765660819815366e+01 3.904271381751700954e-03 3.567120078754220991e+00
8.862337965515236249e+01 1.394725354934925887e-01 1.939968959695710993e+01 3.883020071557821782e-03 3.565935408294503617e+00
8.850760935971942445e+01 1.396529310682863567e-01 1.936179714391717965e+01 3.861885550158975899e-03 3.564750115302079081e+00
8.839198860965468896e+01 1.398335599690412323e-01 1.932397910140447905e+01 3.840867168919074454e-03 3.563564201832809086e+00
8.827651721178396826e+01 1.400144224975442275e-01 1.928623532204150592e+01 3.819964282845630509e-03 3.562377669942549563e+00
8.816119497318283038e+01 1.401955189559723480e-01 1.924856565874666714e+01 3.799176250569136649e-03 3.561190521687161326e+00
8.804602170117600224e+01 1.403768496468935090e-01 1.921096996473357876e+01 3.778502434322413093e-03 3.560002759122503413e+00
8.793099720333692915e+01 1.405584148732672289e-01 1.917344809351044788e+01 3.757940722261919955e-03 3.558814384304433087e+00
8.781612128748791690e+01 1.407402149384444356e-01 1.913599989887957875e+01 3.737490999380016238e-03 3.557625399288810719e+00
8.770139376169917966e+01 1.409222501461689370e-01 1.909862523493660191e+01 3.717153628983374015e-03 3.556435806131494015e+00
8.758681443428909574e+01 1.411045208005770046e-01 1.906132395607004781e+01 3.696927987262843118e-03 3.555245606888342014e+00
8.747238311382365339e+01 1.412870272061982901e-01 1.902409591696065405e+01 3.676813453912336233e-03 3.554054803615215086e+00
8.735809960911588234e+01 1.414697696679567129e-01 1.898694097258073299e+01 3.656809412108880022e-03 3.552863398367970049e+00
8.724396372922612386e+01 1.416527484911700441e-01 1.894985897819371345e+01 3.636915248492918196e-03 3.551671393202467275e+00
8.712997528346102172e+01 1.418359639815514883e-01 1.891284978935333072e+01 3.617130353148517025e-03 3.550478790174564026e+00
8.701613408137376382e+01 1.420194164452092955e-01 1.887591326190326413e+01 3.597454119583892631e-03 3.549285591340120227e+00
8.690243993276358481e+01 1.422031061886476211e-01 1.883904925197640878e+01 3.577883872124240465e-03 3.548091798640463423e+00
8.678889264767514078e+01 1.423870335187674696e-01 1.880225761599425383e+01 3.558420767147420748e-03 3.546897414127844428e+00
8.667549203639880773e+01 1.425711987428662231e-01 1.876553821066643479e+01 3.539064552605717014e-03 3.545702439995555455e+00
8.656223790946965835e+01 1.427556021686393339e-01 1.872889089298995202e+01 3.519814635267481430e-03 3.544506878242363879e+00
8.644913007766780311e+01 1.429402441041797145e-01 1.869231552024877985e+01 3.500670425230968056e-03 3.543310730867037517e+00
8.633616835201770812e+01 1.431251248579789026e-01 1.865581195001317028e+01 3.481631335905349765e-03 3.542113999868345076e+00
8.622335254378776881e+01 1.433102447389277279e-01 1.861938004013901704e+01 3.462696783991904299e-03 3.540916687245052596e+00
8.611068246449046626e+01 1.434956040563160895e-01 1.858301964876743995e+01 3.443866189465381606e-03 3.539718794995930118e+00
8.599815792588138663e+01 1.436812031198344553e-01 1.854673063432396418e+01 3.425138936546019003e-03 3.538520325119743237e+00
8.588577873995964751e+01 1.438670422395733617e-01 1.851051285551821124e+01 3.406512162357045338e-03 3.537321279615260661e+00
8.577354471896710209e+01 1.440531217260245245e-01 1.847436617134312797e+01 3.387987652394730109e-03 3.536121660481251094e+00
8.566145567538792704e+01 1.442394418900816155e-01 1.843829044107439330e+01 3.369564839302788533e-03 3.534921469716480580e+00
8.554951142194884994e+01 1.444260030430398745e-01 1.840228552427001318e+01 3.351243158908398002e-03 3.533720709319718711e+00
8.543771177161821129e+01 1.446128054965977183e-01 1.836635128076953194e+01 3.333022050204022518e-03 3.532519381289731530e+00
8.532605653760614928e+01 1.447998495628563254e-01 1.833048757069362722e+01 3.314900955329520317e-03 3.531317487625288187e+00
8.521454553336408821e+01 1.449871355543205509e-01 1.829469425444347763e+01 3.296879319554243699e-03 3.530115030325156056e+00
8.510317857258421270e+01 1.451746637838998155e-01 1.825897119270008773e+01 3.278956591259237722e-03 3.528912011388102510e+00
8.499195546919958133e+01 1.453624345649079108e-01 1.822331824642388654e+01 3.261132053039050068e-03 3.527708432812895811e+00
8.488087603738364351e+01 1.455504482110638320e-01 1.818773527685409519e+01 3.243403178188239509e-03 3.526504296435185815e+00
8.476994009154958576e+01 1.457387050364927494e-01 1.815222214550802349e+01 3.225771601359059011e-03 3.525299604360923933e+00
8.465914744635071543e+01 1.459272053557256199e-01 1.811677871418076080e+01 3.208236782968870021e-03 3.524094358652189118e+00
8.454849791667936643e+01 1.461159494837007411e-01 1.808140484494430567e+01 3.190798186461217892e-03 3.522888561251920958e+00
8.443799131766728294e+01 1.463049377357633352e-01 1.804610040014728156e+01 3.173455278288770005e-03 3.521682214103061259e+00
8.432762746468499415e+01 1.464941704276664924e-01 1.801086524241422637e+01 3.156207527896183647e-03 3.520475319148552273e+00
8.421740617334127421e+01 1.466836478755721429e-01 1.797569923464497066e+01 3.139054407703097040e-03 3.519267878331333144e+00
8.410732725948341226e+01 1.468733703960505843e-01 1.794060224001424686e+01 3.121995393087331153e-03 3.518059893594346565e+00
8.399739053919623188e+01 1.470633383060821198e-01 1.790557412197094322e+01 3.105029908081653311e-03 3.516851366880532570e+00
8.388759582880243215e+01 1.472535519230565859e-01 1.787061474423771301e+01 3.088155270429175561e-03 3.515642300132832521e+00
8.377794294486186288e+01 1.474440115647744354e-01 1.783572397081030658e+01 3.071373208424459187e-03 3.514432695294188669e+00
8.366843170417121200e+01 1.476347175494474584e-01 1.780090166595699586e+01 3.054683208880724227e-03 3.513222554307540157e+00
8.355906192376409081e+01 1.478256701956985331e-01 1.776614769421816931e+01 3.038084761488193605e-03 3.512011879115830570e+00
8.344983342091009604e+01 1.480168698225632351e-01 1.773146192040551838e+01 3.021577358797687424e-03 3.510800671661998162e+00
8.334074601311515096e+01 1.482083167494893383e-01 1.769684420960176041e+01 3.005160496204480926e-03 3.509588933888986073e+00
8.323179951812090849e+01 1.484000112963377582e-01 1.766229442715994224e+01 2.988833671932132098e-03 3.508376667739735222e+00
8.312299375390421119e+01 1.485919537833835791e-01 1.762781243870282566e+01 2.972596387016404693e-03 3.507163875157186084e+00
8.301432853867734707e+01 1.487841445313155542e-01 1.759339811012251431e+01 2.956448145289403313e-03 3.505950558084280466e+00
8.290580369088708323e+01 1.489765838612378546e-01 1.755905130757970412e+01 2.940386522249073976e-03 3.504736718257264627e+00
8.279741902921500696e+01 1.491692720946694029e-01 1.752477189750332798e+01 2.924412688929751286e-03 3.503522357824412126e+00
8.268917437257682934e+01 1.493622095535451499e-01 1.749055974658987012e+01 2.908526452503625535e-03 3.502307478725979362e+00
8.258106954012203005e+01 1.495553965602167135e-01 1.745641472180284026e+01 2.892727327606554617e-03 3.501092082850330467e+00
8.247310435123397099e+01 1.497488334374521834e-01 1.742233669037232602e+01 2.877014831594092419e-03 3.499876172085833126e+00
8.236527862552901524e+01 1.499425205084376211e-01 1.738832551979427166e+01 2.861388484525976498e-03 3.498659748320851470e+00
8.225759218285676866e+01 1.501364580967767259e-01 1.735438107783011574e+01 2.845847809150875516e-03 3.497442813443752740e+00
8.215004484329952561e+01 1.503306465264917513e-01 1.732050323250617296e+01 2.830392330891111103e-03 3.496225369342903289e+00
8.204263642717182847e+01 1.505250861220243930e-01 1.728669185211303017e+01 2.815021577827481625e-03 3.495007417906668135e+00
8.193536675502055289e+01 1.507197772082355114e-01 1.725294680520513779e+01 2.799733768475863669e-03 3.493788961023414075e+00
8.182823564762409774e+01 1.509147201104066860e-01 1.721926796060012421e+01 2.784528903573251033e-03 3.492570000581506573e+00
8.172124292599262674e+01 1.511099151542397434e-01 1.718565518737841202e+01 2.769407388972973828e-03 3.491350538469311537e+00
8.161438841136748579e+01 1.513053626658578399e-01 1.715210835488258567e+01 2.754368763020961178e-03 3.490130576575196208e+00
8.150767192522070559e+01 1.515010629718063495e-01 1.711862733271681947e+01 2.739412566648827350e-03 3.488910116787524718e+00
8.140109328925524323e+01 1.516970163990524201e-01 1.708521199074649033e+01 2.724538343359292260e-03 3.487689160994665194e+00
8.129465232540404429e+01 1.518932232749866940e-01 1.705186219909744949e+01 2.709745639211521336e-03 3.486467711084981769e+00
8.118834885583035543e+01 1.520896839274228085e-01 1.701857782815569564e+01 2.695034002806722100e-03 3.485245768946841238e+00
8.108218270292705654e+01 1.522863986845984507e-01 1.698535874856670347e+01 2.680402985273690891e-03 3.484023336460623899e+00
8.097615368931629121e+01 1.524833678751762178e-01 1.695220483123490141e+01 2.665851660886682951e-03 3.482800415292222951e+00
8.087026163784950938e+01 1.526805918282434504e-01 1.691911594732320623e+01 2.651378429288908049e-03 3.481577007598724904e+00
8.076450637160704105e+01 1.528780708733130655e-01 1.688609196825251502e+01 2.636984509522610504e-03 3.480353115215147231e+00
8.065888771389751355e+01 1.530758053403246111e-01 1.685313276570102659e+01 2.622669462470073737e-03 3.479128739976504736e+00
8.055340548825802216e+01 1.532737955596438773e-01 1.682023821160390042e+01 2.608432851472088955e-03 3.477903883717814892e+00
8.044805951845341951e+01 1.534720418620644511e-01 1.678740817815260300e+01 2.594274242313978924e-03 3.476678548274092950e+00
8.034284962847634404e+01 1.536705445788073832e-01 1.675464253779446366e+01 2.580193203211786964e-03 3.475452735480355493e+00
8.023777564254683625e+01 1.538693040415221314e-01 1.672194116323213109e+01 2.566189304798498910e-03 3.474226447171620435e+00
8.013283738511177035e+01 1.540683205822875046e-01 1.668930392742299418e+01 2.552262120110317112e-03 3.472999685182902141e+00
8.002803468084506733e+01 1.542675945336112742e-01 1.665673070357877350e+01 2.538411224573116146e-03 3.471772451349218525e+00
7.992336735464685660e+01 1.544671262284318947e-01 1.662422136516487470e+01 2.524634678885747090e-03 3.470544747505584837e+00
7.981883523164363226e+01 1.546669160001179766e-01 1.659177578589998703e+01 2.510933046483181368e-03 3.469316575487017218e+00
7.971443813718781257e+01 1.548669641824693133e-01 1.655939383975552559e+01 2.497306467551263683e-03 3.468087937128534026e+00
7.961017589685721418e+01 1.550672711097178524e-01 1.652707540095505223e+01 2.483754526731442661e-03 3.466858834265149181e+00
7.950604833645517999e+01 1.552678371165273352e-01 1.649482034397387764e+01 2.470276810989559778e-03 3.465629268731881041e+00
7.940205528200988283e+01 1.554686625379948506e-01 1.646262854353842897e+01 2.456872909602641607e-03 3.464399242363744413e+00
7.929819655977433968e+01 1.556697477096505300e-01 1.643049987462583772e+01 2.443542414145845592e-03 3.463168756995755881e+00
7.919447199622607059e+01 1.558710929674584911e-01 1.639843421246339972e+01 2.430284918479443980e-03 3.461937814401411906e+00
7.909088141806648764e+01 1.560726986478177813e-01 1.636643143252798183e+01 2.417100018735851563e-03 3.460706416317119505e+00
7.898742465222117914e+01 1.562745650875619896e-01 1.633449141054567377e+01 2.403987066908261274e-03 3.459474564764533522e+00
7.888410152583900015e+01 1.564766926239609668e-01 1.630261402249110603e+01 2.390944143652582767e-03 3.458242261526513595e+00
7.878091186629227138e+01 1.566790815947203541e-01 1.627079914458707677e+01 2.377972641576229975e-03 3.457009508385923802e+00
7.867785550117633875e+01 1.568817323379825823e-01 1.623904665330401187e+01 2.365072165568417664e-03 3.455776307125626001e+00
7.857493225830904748e+01 1.570846451923278431e-01 1.620735642535938226e+01 2.352242322728521472e-03 3.454542659528482051e+00
7.847214196573089851e+01 1.572878204967737281e-01 1.617572833771732732e+01 2.339482722353618694e-03 3.453308567377354699e+00
7.836948445170428101e+01 1.574912585907768392e-01 1.614416226758803319e+01 2.326792975925990464e-03 3.452074032455104913e+00
7.826695954471361460e+01 1.576949598142324271e-01 1.611265809242732772e+01 2.314172697100808692e-03 3.450839056544595884e+00
7.816456707346485189e+01 1.578989245074754189e-01 1.608121568993613337e+01 2.301621501693816487e-03 3.449603641428690803e+00
7.806230686688503795e+01 1.581031530112812777e-01 1.604983493805992723e+01 2.289139007669079712e-03 3.448367788890249752e+00
7.796017875412248088e+01 1.583076456668657261e-01 1.601851571498837146e+01 2.276724067133525237e-03 3.447131500712137253e+00
7.785818256454585651e+01 1.585124028158863552e-01 1.598725789915462769e+01 2.264375885302419809e-03 3.445894778677212944e+00
7.775631812774453522e+01 1.587174248004422361e-01 1.595606136923505680e+01 2.252095294193030579e-03 3.444657624568340903e+00
7.765458527352797091e+01 1.589227119630749196e-01 1.592492600414861315e+01 2.239881920043805454e-03 3.443420040168383434e+00
7.755298383192523204e+01 1.591282646467694351e-01 1.589385168305630636e+01 2.227735391182971217e-03 3.442182027260201060e+00
7.745151363318527160e+01 1.593340831949538738e-01 1.586283828536086915e+01 2.215655338016773394e-03 3.440943587626658307e+00
7.735017450777600345e+01 1.595401679515010551e-01 1.583188569070607876e+01 2.203641393017652817e-03 3.439704722941095305e+00
7.724896628638455809e+01 1.597465192607281648e-01 1.580099377897640700e+01 2.191693190712613436e-03 3.438465434997929115e+00
7.714788879991677106e+01 1.599531374673977546e-01 1.577016243029649267e+01 2.179810367671578420e-03 3.437225725693402900e+00
7.704694187949668560e+01 1.601600229167186862e-01 1.573939152503056071e+01 2.167992562495811310e-03 3.435985596759380645e+00
7.694612535646670892e+01 1.603671759543459086e-01 1.570868094378208291e+01 2.156238393164806692e-03 3.434745049927729887e+00
7.684543906238711486e+01 1.605745969263814299e-01 1.567803056739322187e+01 2.144547651506818232e-03 3.433504086930316834e+00
7.674488282903553227e+01 1.607822861793753999e-01 1.564744027694427153e+01 2.132920877618255801e-03 3.432262709499006359e+00
7.664445648840720082e+01 1.609902440603254992e-01 1.561690995375333912e+01 2.121357717919154610e-03 3.431020919365666000e+00
7.654415987271404731e+01 1.611984709166789653e-01 1.558643947937566310e+01 2.109857820805590735e-03 3.429778718262160186e+00
7.644399281438499827e+01 1.614069670963318437e-01 1.555602873560330934e+01 2.098420836638573671e-03 3.428536107920355569e+00
7.634395514606541155e+01 1.616157329476302362e-01 1.552567760446461165e+01 2.087046417732905512e-03 3.427293090072119242e+00
7.624404670061663580e+01 1.618247688193712175e-01 1.549538596822362457e+01 2.075734218346114712e-03 3.426049666449315190e+00
7.614426731111615254e+01 1.620340750608023905e-01 1.546515370937978595e+01 2.064483894667519959e-03 3.424805838783811840e+00
7.604461681085683722e+01 1.622436520216237466e-01 1.543498071066729160e+01 2.053295104807259346e-03 3.423561608807472734e+00
7.594509503334710132e+01 1.624535000519870265e-01 1.540486685505474718e+01 2.042166483104298959e-03 3.422316978252165409e+00
7.584570181231039498e+01 1.626636195024969700e-01 1.537481202574463168e+01 2.031097900937544991e-03 3.421071948849756517e+00
7.574643698168479489e+01 1.628740107242121482e-01 1.534481610617276104e+01 2.020089859734702353e-03 3.419826522332110041e+00
7.564730037562308951e+01 1.630846740686446861e-01 1.531487898000794523e+01 2.009142024994338416e-03 3.418580700431094410e+00
7.554829182849212543e+01 1.632956098877618722e-01 1.528500053115137902e+01 1.998254064083632153e-03 3.417334484726287425e+00
7.544941117487283577e+01 1.635068185339858260e-01 1.525518064373629024e+01 1.987425646227845670e-03 3.416087877058922473e+00
7.535065824955982805e+01 1.637183003601945241e-01 1.522541920212739797e+01 1.976656442499807008e-03 3.414840879208730140e+00
7.525203288756095787e+01 1.639300557197227726e-01 1.519571609092040809e+01 1.965946125809454100e-03 3.413593492857739164e+00
7.515353492409744263e+01 1.641420849663617620e-01 1.516607119494166511e+01 1.955294370893492784e-03 3.412345719687980505e+00
7.505516419460307986e+01 1.643543884543609557e-01 1.513648439924751976e+01 1.944700854305025104e-03 3.411097561381482457e+00
7.495692053472450311e+01 1.645669665384274505e-01 1.510695558912403591e+01 1.934164462461184300e-03 3.409849019620275090e+00
7.485880378032055660e+01 1.647798195737272542e-01 1.507748465008639727e+01 1.923684669078781686e-03 3.408600096086389808e+00
7.476081376746198259e+01 1.649929479158860901e-01 1.504807146787845795e+01 1.913262175271705562e-03 3.407350792461853572e+00
7.466295033243149248e+01 1.652063519209891473e-01 1.501871592847234638e+01 1.902896664575035902e-03 3.406101110428698231e+00
7.456521331172308464e+01 1.654200319455826629e-01 1.498941791806790746e+01 1.892587822290938511e-03 3.404851051668952078e+00
7.446760254204207286e+01 1.656339883466736995e-01 1.496017732309231718e+01 1.882335335478717026e-03 3.403600617864645184e+00
7.437011786030478788e+01 1.658482214817310341e-01 1.493099403019961535e+01 1.872138892944881202e-03 3.402349810697808064e+00
7.427275910363796640e+01 1.660627317086862120e-01 1.490186792627014256e+01 1.861998185233242498e-03 3.401098631850469012e+00
7.417552610937903523e+01 1.662775193859331868e-01 1.487279889841024172e+01 1.851912904615159953e-03 3.399847083004658987e+00
7.407841871507525866e+01 1.664925848723300406e-01 1.484378683395163989e+01 1.841882745079721426e-03 3.398595165842406285e+00
7.398143675848393741e+01 1.667079285271985678e-01 1.481483162045110369e+01 1.831907066547342530e-03 3.397342882045741863e+00
7.388458007757198232e+01 1.669235507103252747e-01 1.478593314568997030e+01 1.821984496764647229e-03 3.396090233296695349e+00
7.378784851051536009e+01 1.671394517819625170e-01 1.475709129767357908e+01 1.812116160449103990e-03 3.394837221086926426e+00
7.369124189569939176e+01 1.673556321028280003e-01 1.472830596463099084e+01 1.802301758187869335e-03 3.393583847294049605e+00
7.359476007171784318e+01 1.675720920341065567e-01 1.469957703501435375e+01 1.792540992239246948e-03 3.392330113589726803e+00
7.349840287737322342e+01 1.677888319374497561e-01 1.467090439749861019e+01 1.782833566523310195e-03 3.391076021607303925e+00
7.340217015167625902e+01 1.680058521749769052e-01 1.464228794098096742e+01 1.773179186612491246e-03 3.389821572980126874e+00
7.330606173384538238e+01 1.682231531092761856e-01 1.461372755458038064e+01 1.763577559722230050e-03 3.388566769341538887e+00
7.321007746330698751e+01 1.684407351034042377e-01 1.458522312763724571e+01 1.754028394701747555e-03 3.387311612324886756e+00
7.311421717969481904e+01 1.686585985208873539e-01 1.455677454971286267e+01 1.744531402024789013e-03 3.386056103563515496e+00
7.301848072284963109e+01 1.688767437257223947e-01 1.452838171058895256e+01 1.735086293780448586e-03 3.384800244690769233e+00
7.292286793281930102e+01 1.690951710823764553e-01 1.450004450026733238e+01 1.725691418260527025e-03 3.383544037339994759e+00
7.282737864985806198e+01 1.693138809557886426e-01 1.447176280896930933e+01 1.716347546957371550e-03 3.382287483144535312e+00
7.273201271442670190e+01 1.695328737113696027e-01 1.444353652713537883e+01 1.707054725424547855e-03 3.381030583737737238e+00
7.263676996719206613e+01 1.697521497150026870e-01 1.441536554542471826e+01 1.697812671951758490e-03 3.379773340752946442e+00
7.254165024902664527e+01 1.699717093330448126e-01 1.438724975471468603e+01 1.688621106400302590e-03 3.378515755823506161e+00
7.244665340100874573e+01 1.701915529323262399e-01 1.435918904610051428e+01 1.679479750194251986e-03 3.377257830582763631e+00
7.235177926442169394e+01 1.704116808801522664e-01 1.433118331089470665e+01 1.670388326311576799e-03 3.375999566664062090e+00
7.225702768075403526e+01 1.706320935443027820e-01 1.430323244062673993e+01 1.661346559275425627e-03 3.374740965700747886e+00
7.216239849169903664e+01 1.708527912930334347e-01 1.427533632704255062e+01 1.652354175145376693e-03 3.373482029311761998e+00
7.206789153915430290e+01 1.710737744950766026e-01 1.424749486210405891e+01 1.643410901508765088e-03 3.372222758948015819e+00
7.197350666522193308e+01 1.712950435196409493e-01 1.421970793798885779e+01 1.634516006071329991e-03 3.370963156472313038e+00
7.187924371220769615e+01 1.715165987364133116e-01 1.419197544708960734e+01 1.625668511438917510e-03 3.369703223470426057e+00
7.178510252262127267e+01 1.717384405155582272e-01 1.416429728201374338e+01 1.616869338073781371e-03 3.368442961528129942e+00
7.169108293917575736e+01 1.719605692277190456e-01 1.413667333558298544e+01 1.608118219423227161e-03 3.367182372231200205e+00
7.159718480478728964e+01 1.721829852440188713e-01 1.410910350083285181e+01 1.599414890420996441e-03 3.365921457165408359e+00
7.150340796257509624e+01 1.724056889360603140e-01 1.408158767101232733e+01 1.590759087478909716e-03 3.364660217916531249e+00
7.140975225586083752e+01 1.726286806759272097e-01 1.405412573958332345e+01 1.582150548478489021e-03 3.363398656070341275e+00
7.131621752816876381e+01 1.728519608361841486e-01 1.402671760022033887e+01 1.573589012762708012e-03 3.362136773212613061e+00
7.122280362322523217e+01 1.730755297898776135e-01 1.399936314680999949e+01 1.565074221127726872e-03 3.360874570929121674e+00
7.112951038495829437e+01 1.732993879105370616e-01 1.397206227345055218e+01 1.556605915814684906e-03 3.359612050805639960e+00
7.103633765749783890e+01 1.735235355721745087e-01 1.394481487445157519e+01 1.548183840501583981e-03 3.358349214427943874e+00
7.094328528517485211e+01 1.737479731492862500e-01 1.391762084433340085e+01 1.539806773539174022e-03 3.357086063381805818e+00
7.085035311252157442e+01 1.739727010168525823e-01 1.389048007782680294e+01 1.531474824004777288e-03 3.355822599253000860e+00
7.075754098427113092e+01 1.741977195503387199e-01 1.386339246987255791e+01 1.523188362298288998e-03 3.354558823627303621e+00
7.066484874535696292e+01 1.744230291256960719e-01 1.383635791562090311e+01 1.514947137604960624e-03 3.353294738090486948e+00
7.057227624091306950e+01 1.746486301193616031e-01 1.380937631043127034e+01 1.506750900508098704e-03 3.352030344228327241e+00
7.047982331627331121e+01 1.748745229082598052e-01 1.378244754987173870e+01 1.498599402981143011e-03 3.350765643565037255e+00
7.038748981697143847e+01 1.751007078698022523e-01 1.375557152971869002e+01 1.490492398379854007e-03 3.349500637613116893e+00
7.029527558874079318e+01 1.753271853818886838e-01 1.372874814595637183e+01 1.482429641434516348e-03 3.348235328115473308e+00
7.020318047751378288e+01 1.755539558229080033e-01 1.370197729477640181e+01 1.474410888242162982e-03 3.346969716611371215e+00
7.011120432942207970e+01 1.757810195717379731e-01 1.367525887257746930e+01 1.466435896258914398e-03 3.345703804640077994e+00
7.001934699079585300e+01 1.760083770077470189e-01 1.364859277596478471e+01 1.458504424292270379e-03 3.344437593740859249e+00
6.992760830816398254e+01 1.762360285107937574e-01 1.362197890174979165e+01 1.450615024720647121e-03 3.343171085452981472e+00
6.983598812825358948e+01 1.764639744612281347e-01 1.359541714694966963e+01 1.442768360110302343e-03 3.341904281315712044e+00
6.974448629798956745e+01 1.766922152398925083e-01 1.356890740878688284e+01 1.434964517578001669e-03 3.340637182868315680e+00
6.965310266449478149e+01 1.769207512281213701e-01 1.354244958468886750e+01 1.427203261107230390e-03 3.339369791650059760e+00
6.956183707508954228e+01 1.771495828077423729e-01 1.351604357228756648e+01 1.419484355996420213e-03 3.338102109200211220e+00
6.947068937729119398e+01 1.773787103610775795e-01 1.348968926941894608e+01 1.411807568851523994e-03 3.336834137058034777e+00
6.937965941881429899e+01 1.776081342709428801e-01 1.346338657412271722e+01 1.404172667578684796e-03 3.335565876762798698e+00
6.928874704756989900e+01 1.778378549206499626e-01 1.343713538464179003e+01 1.396579421376865915e-03 3.334297329853767256e+00
6.919795211166568549e+01 1.780678726940057854e-01 1.341093559942196833e+01 1.389027600730603643e-03 3.333028497870207829e+00
6.910727445940551661e+01 1.782981879753137711e-01 1.338478711711148783e+01 1.381516977402742026e-03 3.331759382351387799e+00
6.901671393928909026e+01 1.785288011493748050e-01 1.335868983656057551e+01 1.374047324427227906e-03 3.330489984836571882e+00
6.892627040001194416e+01 1.787597126014869586e-01 1.333264365682111752e+01 1.366617212217623991e-03 3.329220306865027901e+00
6.883594369046491579e+01 1.789909227174471817e-01 1.330664847714616528e+01 1.359227363023553237e-03 3.327950349872802693e+00
6.874573365973418504e+01 1.792224318835509977e-01 1.328070419698960869e+01 1.351877827825948225e-03 3.326680115422889994e+00
6.865564015710084789e+01 1.794542404865935581e-01 1.325481071600573024e+01 1.344568384523506547e-03 3.325409605146533831e+00
6.856566303204053270e+01 1.796863489138708081e-01 1.322896793404875382e+01 1.337298812251779294e-03 3.324138820537601013e+00
6.847580213422358497e+01 1.799187575531788763e-01 1.320317575117255515e+01 1.330068891376241054e-03 3.322867763089961457e+00
6.838605731351420047e+01 1.801514667928162672e-01 1.317743406763010583e+01 1.322878403485310472e-03 3.321596434297481970e+00
6.829642841997078051e+01 1.803844770215831395e-01 1.315174278387321571e+01 1.315727131383511968e-03 3.320324835654031137e+00
6.820691530384537771e+01 1.806177886287825551e-01 1.312610180055205866e+01 1.308614859084598426e-03 3.319052968653478430e+00
6.811751781558329810e+01 1.808514020042215620e-01 1.310051101851473376e+01 1.301541371804733945e-03 3.317780834789690214e+00
6.802823580582328589e+01 1.810853175382107771e-01 1.307497033880696691e+01 1.294506455955752927e-03 3.316508435556536849e+00
6.793906912539675602e+01 1.813195356215663023e-01 1.304947966267158499e+01 1.287508925478143265e-03 3.315235772447884699e+00
6.785001762532805003e+01 1.815540566456091964e-01 1.302403889154824768e+01 1.280549105814115683e-03 3.313962846957602792e+00
6.776108115683386757e+01 1.817888810021667245e-01 1.299864792707295891e+01 1.273627240317839245e-03 3.312689660579560158e+00
6.767225957132296799e+01 1.820240090835733848e-01 1.297330667107766899e+01 1.266743119973492374e-03 3.311416214807624048e+00
6.758355272039628403e+01 1.822594412826704646e-01 1.294801502558995487e+01 1.259896536928757681e-03 3.310142511135663490e+00
6.749496045584621129e+01 1.824951779928080109e-01 1.292277289283251207e+01 1.253087284488234570e-03 3.308868551057545737e+00
6.740648262965673609e+01 1.827312196078444417e-01 1.289758017522285982e+01 1.246315157106952674e-03 3.307594336067139373e+00
6.731811909400308025e+01 1.829675665221474345e-01 1.287243677537292363e+01 1.239579950383890277e-03 3.306319867658313871e+00
6.722986970125123207e+01 1.832042191305953693e-01 1.284734259608855922e+01 1.232881461055511385e-03 3.305045147183383492e+00
6.714173430395808850e+01 1.834411778285766903e-01 1.282229754036929492e+01 1.226219486989397556e-03 3.303770176245804269e+00
6.705371275487082983e+01 1.836784430119917932e-01 1.279730151140780947e+01 1.219593827177848722e-03 3.302494956374449231e+00
6.696580490692696230e+01 1.839160150772527758e-01 1.277235441258963533e+01 1.213003746858203362e-03 3.301219489018807351e+00
6.687801061325400553e+01 1.841538944212844087e-01 1.274745614749275369e+01 1.206448753577983157e-03 3.299943775628366716e+00
6.679032972716898087e+01 1.843920814415253573e-01 1.272260661988711483e+01 1.199929494046632133e-03 3.298667817652612300e+00
6.670276210217868140e+01 1.846305765359275985e-01 1.269780573373440191e+01 1.193445771554110758e-03 3.297391616541033965e+00
6.661530759197883356e+01 1.848693801029586414e-01 1.267305339318748736e+01 1.186997390484873134e-03 3.296115173743116689e+00
6.652796605045436706e+01 1.851084925416007221e-01 1.264834950259016466e+01 1.180584156311745379e-03 3.294838490708348999e+00
6.644073733167896023e+01 1.853479142513522193e-01 1.262369396647672737e+01 1.174205875589785786e-03 3.293561568886218982e+00
6.635362128991455677e+01 1.855876456322287371e-01 1.259908668957150013e+01 1.167862355950176649e-03 3.292284409726212058e+00
6.626661777961160738e+01 1.858276870847626883e-01 1.257452757678860600e+01 1.161553406094201516e-03 3.291007014677816755e+00
6.617972665540852972e+01 1.860680390100045989e-01 1.255001653323147970e+01 1.155278835787207923e-03 3.289729385190520716e+00
6.609294777213133898e+01 1.863087018095242187e-01 1.252555346419246263e+01 1.149038455852605242e-03 3.288451522713809805e+00
6.600628098479383254e+01 1.865496758854099935e-01 1.250113827515253462e+01 1.142832078165946681e-03 3.287173428697173438e+00
6.591972614859683688e+01 1.867909616402711193e-01 1.247677087178079169e+01 1.136658292802020069e-03 3.285895104590096594e+00
6.583328311892840645e+01 1.870325594772370426e-01 1.245245115993419560e+01 1.130518055689039812e-03 3.284616551842067800e+00
6.574695175136341163e+01 1.872744697999585983e-01 1.242817904565712439e+01 1.124411277866938083e-03 3.283337771902575142e+00
6.566073190166305551e+01 1.875166930126092590e-01 1.240395443518094787e+01 1.118337775228332980e-03 3.282058766046323850e+00
6.557462342577515813e+01 1.877592295198845240e-01 1.237977723492378779e+01 1.112297364689762268e-03 3.280779535907859312e+00
6.548862617983336065e+01 1.880020797270040289e-01 1.235564735148998494e+01 1.106289864185884412e-03 3.279500082920429271e+00
6.540274002015731014e+01 1.882452440397110460e-01 1.233156469166983626e+01 1.100315092663780659e-03 3.278220408490194693e+00
6.531696480325224741e+01 1.884887228642735946e-01 1.230752916243918271e+01 1.094372870077249971e-03 3.276940514023317874e+00
6.523130038580860912e+01 1.887325166074857452e-01 1.228354067095897939e+01 1.088463017381134310e-03 3.275660400925957561e+00
6.514574662470216992e+01 1.889766256766669816e-01 1.225959912457502554e+01 1.082585356525716993e-03 3.274380070604275161e+00
6.506030337699337451e+01 1.892210504796642823e-01 1.223570443081748671e+01 1.076739710451093957e-03 3.273099524464430310e+00
6.497497049992746554e+01 1.894657914248517039e-01 1.221185649740060164e+01 1.070925529799830441e-03 3.271818763912584416e+00
6.488974785093408570e+01 1.897108489211314364e-01 1.218805523222228437e+01 1.065142123535244793e-03 3.270537790354898888e+00
6.480463528762686565e+01 1.899562233779351073e-01 1.216430054336369970e+01 1.059390221411416876e-03 3.269256605197532028e+00
6.471963266780362289e+01 1.902019152052231710e-01 1.214059233908901270e+01 1.053669650144369247e-03 3.267975209846647022e+00
6.463473984944560868e+01 1.904479248134870462e-01 1.211693052784485936e+01 1.047980237413418791e-03 3.266693605708402171e+00
6.454995669071769271e+01 1.906942526137485883e-01 1.209331501826013522e+01 1.042321811855787808e-03 3.265411794188958883e+00
6.446528304996796521e+01 1.909408990175612830e-01 1.206974571914553351e+01 1.036694203061207719e-03 3.264129776694479013e+00
6.438071878572735329e+01 1.911878644370113289e-01 1.204622253949317567e+01 1.031097241566552485e-03 3.262847554631121305e+00
6.429626375670967775e+01 1.914351492847174152e-01 1.202274538847629870e+01 1.025530758850535552e-03 3.261565129405047614e+00
6.421191782181111307e+01 1.916827539738324426e-01 1.199931417544882883e+01 1.019994587328395316e-03 3.260282502403140104e+00
6.412768084011025849e+01 1.919306789180432460e-01 1.197592880994508491e+01 1.014488560346647359e-03 3.258999674883124253e+00
6.404355267086771164e+01 1.921789245315717598e-01 1.195258920167935379e+01 1.009012512177842342e-03 3.257716648446738805e+00
6.395953317352574174e+01 1.924274912291761286e-01 1.192929526054552980e+01 1.003565690265632079e-03 3.256433424457808812e+00
6.387562220770837484e+01 1.926763794261502627e-01 1.190604689661681270e+01 9.981478967918823008e-04 3.255150004280164655e+00
6.379181963322075433e+01 1.929255895383260033e-01 1.188284402014524233e+01 9.927596045007027088e-04 3.253866389277631388e+00
6.370812531004929724e+01 1.931751219820724008e-01 1.185968654156144986e+01 9.874006511942741079e-04 3.252582580814038504e+00
6.362453909836128219e+01 1.934249771742970747e-01 1.183657437147424574e+01 9.820708755760409591e-04 3.251298580253214165e+00
6.354106085850442298e+01 1.936751555324474627e-01 1.181350742067020043e+01 9.767701172456336265e-04 3.250014388958983869e+00
6.345769045100706762e+01 1.939256574745101547e-01 1.179048560011340641e+01 9.714982166938590383e-04 3.248730008295177996e+00
6.337442773657750195e+01 1.941764834190131128e-01 1.176750882094500028e+01 9.662550152976648928e-04 3.247445439625621599e+00
6.329127257610413437e+01 1.944276337850250891e-01 1.174457699448291059e+01 9.610403553151845293e-04 3.246160684314143730e+00
6.320822483065501274e+01 1.946791089921568740e-01 1.172169003222143324e+01 9.558540798807713904e-04 3.244875743724572992e+00
6.312528436147752586e+01 1.949309094605624904e-01 1.169884784583086557e+01 9.506960330000720823e-04 3.243590619220734883e+00
6.304245102999846040e+01 1.951830356109389153e-01 1.167605034715721146e+01 9.455660595451484407e-04 3.242305312166458453e+00
6.295972469782356740e+01 1.954354878645272187e-01 1.165329744822178881e+01 9.404634353863776646e-04 3.241019823925571863e+00
6.287710522673724256e+01 1.956882666431138673e-01 1.163058906122084757e+01 9.353879868084977438e-04 3.239734155861901499e+00
6.279459247870263994e+01 1.959413723690300868e-01 1.160792509852529797e+01 9.303401648966283478e-04 3.238448309339276410e+00
6.271218631586096137e+01 1.961948054651541928e-01 1.158530547268024868e+01 9.253198178222971559e-04 3.237162285661113081e+00
6.262988660053167678e+01 1.964485663549108418e-01 1.156273009640475458e+01 9.203267946003072754e-04 3.235876086139263030e+00
6.254769319521214044e+01 1.967026554622723078e-01 1.154019888259144722e+01 9.153609450839897367e-04 3.234589712268514994e+00
6.246560596257707942e+01 1.969570732117598977e-01 1.151771174430607658e+01 9.104221199604770227e-04 3.233303165371374188e+00
6.238362476547890623e+01 1.972118200284431744e-01 1.149526859478734764e+01 9.055101707460527088e-04 3.232016446770348939e+00
6.230174946694692295e+01 1.974668963379422604e-01 1.147286934744638032e+01 9.006249497814593609e-04 3.230729557787943573e+00
6.221997993018754869e+01 1.977223025664272271e-01 1.145051391586651235e+01 8.957663102272976153e-04 3.229442499746666417e+00
6.213831601858391451e+01 1.979780391406193440e-01 1.142820221380288714e+01 8.909341060594096456e-04 3.228155273969023575e+00
6.205675759569542294e+01 1.982341064877924108e-01 1.140593415518205767e+01 8.861281920642894100e-04 3.226867881777521152e+00
6.197530452525798950e+01 1.984905050357720635e-01 1.138370965410175906e+01 8.813480833700565236e-04 3.225580324494666140e+00
6.189395667118328248e+01 1.987472352129380782e-01 1.136152862483043791e+01 8.765932033359151096e-04 3.224292603442964200e+00
6.181271389755895740e+01 1.990042974482237326e-01 1.133939098180700356e+01 8.718641955848407217e-04 3.223004719944922325e+00
6.173157606864823777e+01 1.992616921711170830e-01 1.131729663964046040e+01 8.671609179877419861e-04 3.221716675323048396e+00
6.165054304888948167e+01 1.995194198116622686e-01 1.129524551310948866e+01 8.624832292045602139e-04 3.220428470899846296e+00
6.156961470289642335e+01 1.997774808004588731e-01 1.127323751716224010e+01 8.578309886798641789e-04 3.219140107997824796e+00
6.148879089545742715e+01 2.000358755686642287e-01 1.125127256691584421e+01 8.532040566384167064e-04 3.217851587939488667e+00
6.140807149153569355e+01 2.002946045479927217e-01 1.122935057765620037e+01 8.486022940808172653e-04 3.216562912047345346e+00
6.132745635626886838e+01 2.005536681707171254e-01 1.120747146483757817e+01 8.440255627791388125e-04 3.215274081643902271e+00
6.124694535496860226e+01 2.008130668696699317e-01 1.118563514408222659e+01 8.394737252725848050e-04 3.213985097953995229e+00
6.116653835312079934e+01 2.010728010782426300e-01 1.116384153118015199e+01 8.349466448632086608e-04 3.212695962332919652e+00
6.108623521638486409e+01 2.013328712303880941e-01 1.114209054208865979e+01 8.304441856116041637e-04 3.211406676177990249e+00
6.100603581059390024e+01 2.015932777606198878e-01 1.112038209293210578e+01 8.259662123326717625e-04 3.210117240771333424e+00
6.092594000175435554e+01 2.018540211040135424e-01 1.109871610000154085e+01 8.215116007117428563e-04 3.208827657395076027e+00
6.084594765604555278e+01 2.021151016962079439e-01 1.107709247975429889e+01 8.170811382664623992e-04 3.207537927331342686e+00
6.076605863981991718e+01 2.023765199734046671e-01 1.105551114881378361e+01 8.126747730331692612e-04 3.206248051862261139e+00
6.068627281960230846e+01 2.026382763723701963e-01 1.103397202396903154e+01 8.082923726942238497e-04 3.204958032269955570e+00
6.060659006209013455e+01 2.029003713304353973e-01 1.101247502217443675e+01 8.039338056662044887e-04 3.203667869836552828e+00
6.052701023415301762e+01 2.031628052854968225e-01 1.099102006054940972e+01 7.995989410957817043e-04 3.202377565844179763e+00
6.044753320283237485e+01 2.034255786760179041e-01 1.096960705637798839e+01 7.952876488556082308e-04 3.201087121574960559e+00
6.036815883534160321e+01 2.036886919410284547e-01 1.094823592710861071e+01 7.909997995402695157e-04 3.199796538311023841e+00
6.028888699906540438e+01 2.039521455201268874e-01 1.092690659035366885e+01 7.867352644622078789e-04 3.198505817334492907e+00
6.020971756155991983e+01 2.042159398534796888e-01 1.090561896388925689e+01 7.824939156477144333e-04 3.197214959927495048e+00
6.013065039055241812e+01 2.044800753818225847e-01 1.088437296565484225e+01 7.782756258329193806e-04 3.195923967372157559e+00
6.005168535394084017e+01 2.047445525464619276e-01 1.086316851375285530e+01 7.740802684597973765e-04 3.194632840950604180e+00
5.997282231979392719e+01 2.050093717892743639e-01 1.084200552644844606e+01 7.699073636754070766e-04 3.193341581944961760e+00
5.989406115635087247e+01 2.052745335527079995e-01 1.082088392216915373e+01 7.657564755452440572e-04 3.192050191637357592e+00
5.981540173202088084e+01 2.055400382797837600e-01 1.079980361950448930e+01 7.616281562068301109e-04 3.190758671180101036e+00
5.973684391538335348e+01 2.058058864140949462e-01 1.077876453720572947e+01 7.575222817828473291e-04 3.189467021962661075e+00
5.965838757518725544e+01 2.060720783998092054e-01 1.075776659418548320e+01 7.534387290830552595e-04 3.188175245291080540e+00
5.958003258035123650e+01 2.063386146816681976e-01 1.073680970951744662e+01 7.493773756004538066e-04 3.186883342408108000e+00
5.950177879996329011e+01 2.066054957049888452e-01 1.071589380243606016e+01 7.453380995074455895e-04 3.185591314556492470e+00
5.942362610328033412e+01 2.068727219156645258e-01 1.069501879233611241e+01 7.413207796520134788e-04 3.184299162978980302e+00
5.934557435972839556e+01 2.071402937601646566e-01 1.067418459877255366e+01 7.373252955539538614e-04 3.183006888918321398e+00
5.926762343890194984e+01 2.074082116855368862e-01 1.065339114146001620e+01 7.333515274010862697e-04 3.181714493617262551e+00
5.918977321056409835e+01 2.076764761394064296e-01 1.063263834027262966e+01 7.293993560455270869e-04 3.180421978318552334e+00
5.911202354464616349e+01 2.079450875699775658e-01 1.061192611524363194e+01 7.254686629999555552e-04 3.179129344264939760e+00
5.903437431124731916e+01 2.082140464260348045e-01 1.059125438656502283e+01 7.215593304339022263e-04 3.177836592699171625e+00
5.895682538063476130e+01 2.084833531569423304e-01 1.057062307458733308e+01 7.176706957848358933e-04 3.176543724863997387e+00
5.887937662324304000e+01 2.087530082126463904e-01 1.055003209981918388e+01 7.138027628143657445e-04 3.175250742002163395e+00
5.880202790967425130e+01 2.090230120436745165e-01 1.052948138292709679e+01 7.099558520112037377e-04 3.173957645356419111e+00
5.872477911069761092e+01 2.092933651011370799e-01 1.050897084473509935e+01 7.061298480371743392e-04 3.172664436169513547e+00
5.864763009724913445e+01 2.095640678367284016e-01 1.048850040622438229e+01 7.023246361935184864e-04 3.171371115684192610e+00
5.857058074043175111e+01 2.098351207027263077e-01 1.046806998853308102e+01 6.985401024173243942e-04 3.170077685143206647e+00
5.849363091151469973e+01 2.101065241519943227e-01 1.044767951295584929e+01 6.947761332779440503e-04 3.168784145789302009e+00
5.841678048193364248e+01 2.103782786379812253e-01 1.042732890094363007e+01 6.910326159734652210e-04 3.167490498704963020e+00
5.834002932329031665e+01 2.106503846147222136e-01 1.040701807410330915e+01 6.873094383271798795e-04 3.166196745307189087e+00
5.826337730735217235e+01 2.109228425368403492e-01 1.038674695419735450e+01 6.836064887840735595e-04 3.164902886818139027e+00
5.818682430605250033e+01 2.111956528595459459e-01 1.036651546314361028e+01 6.799236564073569923e-04 3.163608924442059767e+00
5.811037019148982097e+01 2.114688160386388183e-01 1.034632352301485625e+01 6.762608308749822397e-04 3.162314859383193788e+00
5.803401483592801213e+01 2.117423325305078097e-01 1.032617105603859997e+01 6.726179024762140137e-04 3.161020692845786684e+00
5.795775811179597525e+01 2.120162027921319858e-01 1.030605798459673039e+01 6.689942444381853084e-04 3.159726426034084046e+00
5.788159989168722319e+01 2.122904272810821336e-01 1.028598423122515548e+01 6.653898577740083526e-04 3.158432060152328802e+00
5.780554004836007209e+01 2.125650064555200114e-01 1.026594971861359795e+01 6.618050535008017810e-04 3.157137596404767876e+00
5.772957845473698058e+01 2.128399407742008198e-01 1.024595436960516359e+01 6.582397242249861044e-04 3.155843035995643309e+00
5.765371498390472027e+01 2.131152306964725074e-01 1.022599810719613878e+01 6.546937631480937922e-04 3.154548380129200691e+00
5.757794950911399212e+01 2.133908766822771308e-01 1.020608085453563518e+01 6.511670640634270027e-04 3.153253630009686503e+00
5.750228190377908533e+01 2.136668791921522426e-01 1.018620253492524697e+01 6.476595213527350453e-04 3.151958786841342786e+00
5.742671204147800523e+01 2.139432386872302805e-01 1.016636307181882870e+01 6.441710299829332600e-04 3.150663851828416018e+00
5.735123979595184807e+01 2.142199556292408991e-01 1.014656238882209571e+01 6.407014855028056325e-04 3.149368826175149572e+00
5.727586504110495724e+01 2.144970304805103867e-01 1.012680040969238959e+01 6.372507840397610788e-04 3.148073711085788595e+00
5.720058765100458942e+01 2.147744637039629700e-01 1.010707705833836556e+01 6.338188222965874521e-04 3.146778507764578681e+00
5.712540749988047395e+01 2.150522557631222575e-01 1.008739225881961232e+01 6.304054975482174762e-04 3.145483217393041375e+00
5.705032446212499053e+01 2.153304071221107674e-01 1.006774593534645490e+01 6.270107076385411909e-04 3.144187841056511612e+00
5.697533841229276419e+01 2.156089182456513431e-01 1.004813801227959758e+01 6.236340577031862769e-04 3.142892380124534313e+00
5.690044922510029579e+01 2.158877895990684859e-01 1.002856841412978284e+01 6.202751487900944960e-04 3.141596835763790896e+00
5.682565677542613258e+01 2.161670216482877716e-01 1.000903706555758532e+01 6.169344818980291570e-04 3.140301209140966332e+00
5.675096093831025712e+01 2.164466148598381823e-01 9.989543891373008577e+00 6.136119570252614652e-04 3.139005501422742483e+00
5.667636158895420806e+01 2.167265697008515235e-01 9.970088816535270126e+00 6.103074747239647111e-04 3.137709713775802989e+00
5.660185860272072489e+01 2.170068866390638396e-01 9.950671766152451525e+00 6.070209360971038021e-04 3.136413847366832375e+00
5.652745185513339266e+01 2.172875661428166905e-01 9.931292665481183946e+00 6.037522427953460457e-04 3.135117903362511615e+00
5.645314122187681960e+01 2.175686086810565967e-01 9.911951439926427909e+00 6.005012970140093369e-04 3.133821882929526570e+00
5.637892657879596214e+01 2.178500147233374817e-01 9.892648015041059395e+00 5.972680014899926738e-04 3.132525787234557768e+00
5.630480780189630963e+01 2.181317847398199505e-01 9.873382316525677993e+00 5.940522594987592562e-04 3.131229617444290181e+00
5.623078476734353615e+01 2.184139192012727049e-01 9.854154270228276502e+00 5.908539748513158985e-04 3.129933374725407447e+00
5.615685735146312396e+01 2.186964185790739590e-01 9.834963802143887435e+00 5.876730518912072964e-04 3.128637060244591428e+00
5.608302543074049851e+01 2.189792833452108567e-01 9.815810838414384065e+00 5.845093954915485650e-04 3.127340675168526651e+00
5.600928888182043153e+01 2.192625139722817751e-01 9.796695305328084302e+00 5.813629110520441168e-04 3.126044220663894979e+00
5.593564758150720451e+01 2.195461109334957417e-01 9.777617129319549960e+00 5.782327656663222579e-04 3.124747697897380494e+00
5.586210140676424629e+01 2.198300747026738500e-01 9.758576236969254580e+00 5.751195072193124704e-04 3.123451108035667279e+00
5.578865023471372808e+01 2.201144057542506749e-01 9.739572555003228160e+00 5.720231497856346960e-04 3.122154452186836515e+00
5.571529394263677659e+01 2.203991045632735790e-01 9.720606010292890176e+00 5.689436007570775793e-04 3.120857731482832076e+00
5.564203240797283456e+01 2.206841716054052105e-01 9.701676529854630360e+00 5.658807680381092902e-04 3.119560947198951162e+00
5.556886550831980998e+01 2.209696073569227814e-01 9.682784040849613305e+00 5.628345600430222778e-04 3.118264100465238275e+00
5.549579312143371368e+01 2.212554122947195945e-01 9.663928470583444508e+00 5.598048856930733621e-04 3.116967192411737475e+00
5.542281512522833964e+01 2.215415868963063195e-01 9.645109746505855952e+00 5.567916544136406300e-04 3.115670224168490599e+00
5.534993139777534310e+01 2.218281316398104941e-01 9.626327796210484067e+00 5.537947761314136177e-04 3.114373196865543036e+00
5.527714181730372900e+01 2.221150470039788272e-01 9.607582547434498466e+00 5.508141612715753603e-04 3.113076111632936627e+00
5.520444626219991591e+01 2.224023334681766439e-01 9.588873928058390561e+00 5.478497207550231483e-04 3.111778969600715428e+00
5.513184461100741629e+01 2.226899915123893570e-01 9.570201866105646715e+00 5.449013659955902590e-04 3.110481771898923942e+00
5.505933674242650966e+01 2.229780216172236873e-01 9.551566289742433824e+00 5.419690088972822176e-04 3.109184519657604007e+00
5.498692253531433494e+01 2.232664242639072483e-01 9.532967127277387931e+00 5.390524160941903955e-04 3.107887214006800569e+00
5.491460186868432203e+01 2.235551999342909046e-01 9.514404307161232310e+00 5.361509908220143819e-04 3.106589856076555467e+00
5.484237462170634814e+01 2.238443491108481065e-01 9.495877757986583845e+00 5.332653111341587992e-04 3.105292446996913203e+00
5.477024067370636118e+01 2.241338722766763047e-01 9.477387408487622622e+00 5.303952907868475291e-04 3.103994987897917834e+00
5.469819990416603872e+01 2.244237699154985055e-01 9.458933187539773968e+00 5.275408440135505176e-04 3.102697479909611644e+00
5.462625219272293720e+01 2.247140425116624651e-01 9.440515024159509494e+00 5.247018855223274788e-04 3.101399924162039135e+00
5.455439741916989504e+01 2.250046905501432715e-01 9.422132847503974062e+00 5.218783304931560963e-04 3.100102321785243031e+00
5.448263546345517483e+01 2.252957145165426223e-01 9.403786586870772624e+00 5.190700945753060850e-04 3.098804673818179367e+00
5.441096620568210795e+01 2.255871148970903517e-01 9.385476171697659353e+00 5.162770938847070735e-04 3.097506981430020900e+00
5.433938952610876072e+01 2.258788921786457626e-01 9.367201531562223238e+00 5.134992450013332920e-04 3.096209245810246813e+00
5.426790530514802668e+01 2.261710468486972936e-01 9.348962596181680240e+00 5.107364649666187254e-04 3.094911468053093806e+00
5.419651342336727140e+01 2.264635793953638510e-01 9.330759295412548227e+00 5.079886712808699906e-04 3.093613649252798581e+00
5.412521376148797003e+01 2.267564903073963634e-01 9.312591559250327222e+00 5.052557819006943916e-04 3.092315790503596507e+00
5.405400620038591342e+01 2.270497800741770322e-01 9.294459317829328882e+00 5.025377152364625616e-04 3.091017892899725172e+00
5.398289062109052594e+01 2.273434491857219131e-01 9.276362501422269702e+00 4.998342058882013434e-04 3.089719957535419059e+00
5.391186690478510002e+01 2.276374981326801661e-01 9.258301040440102270e+00 4.971447816854673678e-04 3.088421985504915313e+00
5.384093493280637688e+01 2.279319274063356382e-01 9.240274865431686635e+00 4.944699469484135478e-04 3.087123977902451077e+00
5.377009458664426234e+01 2.282267374986081676e-01 9.222283907083481225e+00 4.918096218001178580e-04 3.085825935822260835e+00
5.369934574794190496e+01 2.285219289020530842e-01 9.204328096219356325e+00 4.891637268054749950e-04 3.084527860358582618e+00
5.362868829849518448e+01 2.288175021098635409e-01 9.186407363800206838e+00 4.865321829687134459e-04 3.083229752605651353e+00
5.355812212025278995e+01 2.291134576158700420e-01 9.168521640923783522e+00 4.839149117309493662e-04 3.081931613657703739e+00
5.348764709531591421e+01 2.294097959145418031e-01 9.150670858824355491e+00 4.813118349677388301e-04 3.080633444608976923e+00
5.341726310593788440e+01 2.297065175009881943e-01 9.132854948872422440e+00 4.787228749866421704e-04 3.079335246553705385e+00
5.334697003452433961e+01 2.300036228709581576e-01 9.115073842574521024e+00 4.761479545248230132e-04 3.078037020586127159e+00
5.327676776363261979e+01 2.303011125208426213e-01 9.097327471572839386e+00 4.735869967466308861e-04 3.076738767800477170e+00
5.320665617597190789e+01 2.305989869476740284e-01 9.079615767645046631e+00 4.710399252412251895e-04 3.075440489170664371e+00
5.313663515440291008e+01 2.308972466491275854e-01 9.061938662703978409e+00 4.685066640201955893e-04 3.074142185896103108e+00
5.306670458193748630e+01 2.311958921235229003e-01 9.044296088797326050e+00 4.659871375151951496e-04 3.072843859086598961e+00
5.299686434173880656e+01 2.314949238698232603e-01 9.026687978107458932e+00 4.634812379338470122e-04 3.071545509801445917e+00
5.292711431712080383e+01 2.317943423876381026e-01 9.009114262951046115e+00 4.609882336492931217e-04 3.070247139099933520e+00
5.285745439154823799e+01 2.320941481772225146e-01 8.991574875778882259e+00 4.585087482503432993e-04 3.068948748041355756e+00
5.278788444863643292e+01 2.323943417394785660e-01 8.974069749175569655e+00 4.560427077524052209e-04 3.067650337685005280e+00
5.271840437215089992e+01 2.326949235759568635e-01 8.956598815859234008e+00 4.535900385799125113e-04 3.066351909090172523e+00
5.264901404600748691e+01 2.329958941888558288e-01 8.939162008681304172e+00 4.511506675640505220e-04 3.065053463316151472e+00
5.257971335427178872e+01 2.332972540810243633e-01 8.921759260626192400e+00 4.487245219404699653e-04 3.063755001422232560e+00
5.251050218115932466e+01 2.335990037559610710e-01 8.904390504811084739e+00 4.463115293470375201e-04 3.062456524467708441e+00
5.244138041103516201e+01 2.339011437178157848e-01 8.887055674485637269e+00 4.439116178215831311e-04 3.061158033511873100e+00
5.237234792841359621e+01 2.342036744713910379e-01 8.869754703031686560e+00 4.415247157996590168e-04 3.059859529614016083e+00
5.230340461795829299e+01 2.345065965221415083e-01 8.852487523963063154e+00 4.391507521123296865e-04 3.058561013833431819e+00
5.223455036448171995e+01 2.348099103761763784e-01 8.835254070925227410e+00 4.367896559839488913e-04 3.057262487229410741e+00
5.216578505294526735e+01 2.351136165402588629e-01 8.818054277695091869e+00 4.344413570299719219e-04 3.055963950861245504e+00
5.209710856845893545e+01 2.354177155218076245e-01 8.800888078180724605e+00 4.321057852547680132e-04 3.054665405788229648e+00
5.202852079628098636e+01 2.357222078288982725e-01 8.783755406421040135e+00 4.297828710494406646e-04 3.053366853069653608e+00
5.196002162181807194e+01 2.360270939702627246e-01 8.766656196585634220e+00 4.274721449484635265e-04 3.052068293619277117e+00
5.189161093062472219e+01 2.363323744552916772e-01 8.749590382974419711e+00 4.251736592986967898e-04 3.050769728659009417e+00
5.182328860840340212e+01 2.366380497940341332e-01 8.732557900017440033e+00 4.228876325834577212e-04 3.049471159224492300e+00
5.175505454100423464e+01 2.369441204971987625e-01 8.715558682274588520e+00 4.206139966503546048e-04 3.048172586340947898e+00
5.168690861442465945e+01 2.372505870761554003e-01 8.698592664435297550e+00 4.183526837235886867e-04 3.046874011033596563e+00
5.161885071480951126e+01 2.375574500429347147e-01 8.681659781318360913e+00 4.161036264018580879e-04 3.045575434327659980e+00
5.155088072845070002e+01 2.378647099102295936e-01 8.664759967871631829e+00 4.138667576562625287e-04 3.044276857248360724e+00
5.148299854178686275e+01 2.381723671913967277e-01 8.647893159171724520e+00 4.116420108282166737e-04 3.042978280820918258e+00
5.141520404140354827e+01 2.384804224004558881e-01 8.631059290423857888e+00 4.094293196273946465e-04 3.041679706070555600e+00
5.134749711403258488e+01 2.387888760520925635e-01 8.614258296961480710e+00 4.072286181296583913e-04 3.040381134022492660e+00
5.127987764655227210e+01 2.390977286616573494e-01 8.597490114246102877e+00 4.050398407750247930e-04 3.039082565701951566e+00
5.121234552598703971e+01 2.394069807451672804e-01 8.580754677867018287e+00 4.028629223656271605e-04 3.037784002134154449e+00
5.114490063950709242e+01 2.397166328193076068e-01 8.564051923540990430e+00 4.006977980636875522e-04 3.036485444344321660e+00
5.107754287442858754e+01 2.400266854014309059e-01 8.547381787112090734e+00 3.985444033895178860e-04 3.035186893357675775e+00
5.101027211821303808e+01 2.403371390095598026e-01 8.530744204551350407e+00 3.964026742195075523e-04 3.033888350199436257e+00
5.094308825846749755e+01 2.406479941623862473e-01 8.514139111956591677e+00 3.942719985406695497e-04 3.032589815894826124e+00
5.087599118294416201e+01 2.409592513792731538e-01 8.497566445552122261e+00 3.921527692220336671e-04 3.031291291469067062e+00
5.080898077954010716e+01 2.412709111802557871e-01 8.481026141688460029e+00 3.900450225973197370e-04 3.029992777922436265e+00
5.074205693629739500e+01 2.415829740860411523e-01 8.464518136842157148e+00 3.879486958824152694e-04 3.028694276186286949e+00
5.067521954140253371e+01 2.418954406180106598e-01 8.448042367615466119e+00 3.858637266399656072e-04 3.027395787424353113e+00
5.060846848318659141e+01 2.422083112982193476e-01 8.431598770736137283e+00 3.837900527774452389e-04 3.026097312628615477e+00
5.054180365012488352e+01 2.425215866493976025e-01 8.415187283057171896e+00 3.817276125452294909e-04 3.024798852791053871e+00
5.047522493083666717e+01 2.428352671949524644e-01 8.398807841556513054e+00 3.796763445346767367e-04 3.023500408903645909e+00
5.040873221408522653e+01 2.431493534589671546e-01 8.382460383336869825e+00 3.776361876762317476e-04 3.022201981958372308e+00
5.034232538877738250e+01 2.434638459662035737e-01 8.366144845625399284e+00 3.756070812375247067e-04 3.020903572947210680e+00
5.027600434396358509e+01 2.437787452421017187e-01 8.349861165773521776e+00 3.735889648214967321e-04 3.019605182862140857e+00
5.020976896883760077e+01 2.440940518127812098e-01 8.333609281256631363e+00 3.715817783645246407e-04 3.018306812695143115e+00
5.014361915273618564e+01 2.444097662050427888e-01 8.317389129673825821e+00 3.695854621345553612e-04 3.017008463438195065e+00
5.007755478513924174e+01 2.447258889463677367e-01 8.301200648747732558e+00 3.675999567292659895e-04 3.015710136083277426e+00
5.001157575566924152e+01 2.450424205649203990e-01 8.285043776324174658e+00 3.656252030742121331e-04 3.014411831622367366e+00
4.994568195409138411e+01 2.453593615895476587e-01 8.268918450371998574e+00 3.636606386318618823e-04 3.013113551047445604e+00
4.987987327031324014e+01 2.456767125497803794e-01 8.252824608982788135e+00 3.617066079394547413e-04 3.011815295350491528e+00
4.981414959438448165e+01 2.459944739758349874e-01 8.236762190370599868e+00 3.597631607527111957e-04 3.010517065523483193e+00
4.974851081649697448e+01 2.463126463986128611e-01 8.220731132871780034e+00 3.578302392290827320e-04 3.009218862558401320e+00
4.968295682698425964e+01 2.466312303497028569e-01 8.204731374944650213e+00 3.559077858453330132e-04 3.007920687447223074e+00
4.961748751632165977e+01 2.469502263613807813e-01 8.188762855169308352e+00 3.539957433957649372e-04 3.006622541125475667e+00
4.955210277512598083e+01 2.472696349666109183e-01 8.172825512247388957e+00 3.520940549904445511e-04 3.005324424564105978e+00
4.948680249415519228e+01 2.475894566990474999e-01 8.156919285001762887e+00 3.502026640534352652e-04 3.004026338844983268e+00
4.942158656430854791e+01 2.479096920930341508e-01 8.141044112376373931e+00 3.483215143210543477e-04 3.002728284927635105e+00
4.935645487662606712e+01 2.482303416836064702e-01 8.125199933435915511e+00 3.464505498401211246e-04 3.001430263771585061e+00
4.929140732228863442e+01 2.485514060064914765e-01 8.109386687365660151e+00 3.445897149662326651e-04 3.000132276336359816e+00
4.922644379261770808e+01 2.488728855981090227e-01 8.093604313471185918e+00 3.427389543620376774e-04 2.998834323581486050e+00
4.916156417907499332e+01 2.491947809955735449e-01 8.077852751178102864e+00 3.408982129955199993e-04 2.997536406466486891e+00
4.909676837326254883e+01 2.495170927366933966e-01 8.062131940031884270e+00 3.390674361383031236e-04 2.996238525950889464e+00
4.903205626692243158e+01 2.498398213599726247e-01 8.046441819697577102e+00 3.372465693639517407e-04 2.994940682994219561e+00
4.896742775193643382e+01 2.501629674046124130e-01 8.030782329959553323e+00 3.354352675594699440e-04 2.993642878556001641e+00
4.890288272032614003e+01 2.504865314105105822e-01 8.015153410721318039e+00 3.336334867268385840e-04 2.992345113595762829e+00
4.883842106425250051e+01 2.508105139182639221e-01 7.999555002005217297e+00 3.318414611385928428e-04 2.991047389073027141e+00
4.877404267601584564e+01 2.511349154691679963e-01 7.983987043952246232e+00 3.300591375012394582e-04 2.989749705947320368e+00
4.870974744805566559e+01 2.514597366052183092e-01 7.968449476821799493e+00 3.282864628153551664e-04 2.988452065178169637e+00
4.864553527295021240e+01 2.517849778691122475e-01 7.952942240991384359e+00 3.265233843739401786e-04 2.987154467725098517e+00
4.858140604341672741e+01 2.521106398042480268e-01 7.937465276956481297e+00 3.247698497607984366e-04 2.985856914547634133e+00
4.851735965231080883e+01 2.524367229547277991e-01 7.922018525330194905e+00 3.230258068489028534e-04 2.984559406605300946e+00
4.845339599262663910e+01 2.527632278653565989e-01 7.906601926843125128e+00 3.212912037987940544e-04 2.983261944772932051e+00
4.838951495749657994e+01 2.530901550816442858e-01 7.891215422343060837e+00 3.195659890569700124e-04 2.981964530053626383e+00
4.832571644019093782e+01 2.534175051498068765e-01 7.875858952794756007e+00 3.178501113542903187e-04 2.980667163453702084e+00
4.826200033411804213e+01 2.537452786167659347e-01 7.860532459279735207e+00 3.161435197043972593e-04 2.979369845901016944e+00
4.819836653282374783e+01 2.540734760301514572e-01 7.845235882995995169e+00 3.144461634021303320e-04 2.978072578323426534e+00
4.813481492999155620e+01 2.544020979383008751e-01 7.829969165257834263e+00 3.127579920219667842e-04 2.976775361648787754e+00
4.807134541944227379e+01 2.547311448902611075e-01 7.814732247495592254e+00 3.110789554164581391e-04 2.975478196804958841e+00
4.800795789513377088e+01 2.550606174357896161e-01 7.799525071255390962e+00 3.094090037146779979e-04 2.974181084719794477e+00
4.794465225116105245e+01 2.553905161253541833e-01 7.784347578198972606e+00 3.077476134442716504e-04 2.972884026321152895e+00
4.788142838175573957e+01 2.557208415101355214e-01 7.769199710103372958e+00 3.060951469606668237e-04 2.971587022536889666e+00
4.781828618128623276e+01 2.560515941420264396e-01 7.754081408860790781e+00 3.044516236454781577e-04 2.970290074294861693e+00
4.775522554425736388e+01 2.563827745736336206e-01 7.738992616478293840e+00 3.028169946640579552e-04 2.968993182522927210e+00
4.769224636531011896e+01 2.567143833582792301e-01 7.723933275077584426e+00 3.011912114510849098e-04 2.967696348148940899e+00
4.762934853922174483e+01 2.570464210500000846e-01 7.708903326894825270e+00 2.995742257090690990e-04 2.966399572100760995e+00
4.756653196090524460e+01 2.573788882035506487e-01 7.693902714280338451e+00 2.979659894068504189e-04 2.965102855306243068e+00
4.750379652540947717e+01 2.577117853744021470e-01 7.678931379698436643e+00 2.963664547781217381e-04 2.963806198693244021e+00
4.744114212791890139e+01 2.580451131187442293e-01 7.663989265727182421e+00 2.947755743199493412e-04 2.962509603189621643e+00
4.737856866375322795e+01 2.583788719934866362e-01 7.649076315058116471e+00 2.931933007913015035e-04 2.961213069723231062e+00
4.731607602836754722e+01 2.587130625562585884e-01 7.634192470496099503e+00 2.916195872115960402e-04 2.959916599111913182e+00
4.725366411735183192e+01 2.590476853654113953e-01 7.619337674959012041e+00 2.900543868592402649e-04 2.958620192384403325e+00
4.719133282643105076e+01 2.593827409800179007e-01 7.604511871477597218e+00 2.884976532701958858e-04 2.957323850477004967e+00
4.712908205146489138e+01 2.597182299598739252e-01 7.589715003195208531e+00 2.869493402365403236e-04 2.956027574286684168e+00
4.706691168844741213e+01 2.600541528655001544e-01 7.574947013367546944e+00 2.854094018050357270e-04 2.954731364710403874e+00
4.700482163350719134e+01 2.603905102581413611e-01 7.560207845362504564e+00 2.838777922757180464e-04 2.953435222645130587e+00
4.694281178290680145e+01 2.607273026997691256e-01 7.545497442659865328e+00 2.823539965809723122e-04 2.952139148987827699e+00
4.688088203304298673e+01 2.610645307530811143e-01 7.530815748851159341e+00 2.808384052504432800e-04 2.950843144635460824e+00
4.681903228044627951e+01 2.614021949815029111e-01 7.516162707639391094e+00 2.793310130835879911e-04 2.949547210484995130e+00
4.675726242178075864e+01 2.617402959491894610e-01 7.501538262838800541e+00 2.778317753282900991e-04 2.948251347433394454e+00
4.669557235384411342e+01 2.620788342210246813e-01 7.486942358374696127e+00 2.763406474791289336e-04 2.946955556377624408e+00
4.663396197356732387e+01 2.624178103626232939e-01 7.472374938283198098e+00 2.748575852760013166e-04 2.945659838214650161e+00
4.657243117801441912e+01 2.627572249403320459e-01 7.457835946710996033e+00 2.733825447027525405e-04 2.944364193841435551e+00
4.651097986438253429e+01 2.630970785212293772e-01 7.443325327915189860e+00 2.719154819858233380e-04 2.943068624154946633e+00
4.644960793000142729e+01 2.634373716731282511e-01 7.428843026262990534e+00 2.704563535928904009e-04 2.941773130052146801e+00
4.638831527233364227e+01 2.637781049645750997e-01 7.414388986231577938e+00 2.690051162315304262e-04 2.940477712430001667e+00
4.632710178897412590e+01 2.641192789648519335e-01 7.399963152407831757e+00 2.675617268478790124e-04 2.939182372185476844e+00
4.626596737765001421e+01 2.644608942439776733e-01 7.385565469488105883e+00 2.661261426253006142e-04 2.937887110215535280e+00
4.620491193622071791e+01 2.648029513727075956e-01 7.371195882278064992e+00 2.646983209830733514e-04 2.936591927284333270e+00
4.614393536267741069e+01 2.651454509225361633e-01 7.356854335692387004e+00 2.632782195750669324e-04 2.935296824440509766e+00
4.608303755514315014e+01 2.654883934656963040e-01 7.342540774754613864e+00 2.618657962884433465e-04 2.934001802555391336e+00
4.602221841187262186e+01 2.658317795751610202e-01 7.328255144596914405e+00 2.604610092423553336e-04 2.932706862495812139e+00
4.596147783125179132e+01 2.661756098246451652e-01 7.313997390459824111e+00 2.590635131716236537e-04 2.931412005128603671e+00
4.590081571179805309e+01 2.665198847886047218e-01 7.299767457692103001e+00 2.576733998043935145e-04 2.930117231320601423e+00
4.584023195215973345e+01 2.668646050422396332e-01 7.285565291750448758e+00 2.562908039231706018e-04 2.928822541938637336e+00
4.577972645111621119e+01 2.672097711614929150e-01 7.271390838199335072e+00 2.549156845140740932e-04 2.927527937849545570e+00
4.571929910757758364e+01 2.675553837230528198e-01 7.257244042710770948e+00 2.535480007892015279e-04 2.926233419920160728e+00
4.565894982058443929e+01 2.679014433043540033e-01 7.243124851064065339e+00 2.521877121853689091e-04 2.924938989017314306e+00
4.559867848930792178e+01 2.682479504835770800e-01 7.229033209145669048e+00 2.508347783628640348e-04 2.923644646007842685e+00
4.553848501304927510e+01 2.685949058396514544e-01 7.214969062948893175e+00 2.494891592041962496e-04 2.922350391758576471e+00
4.547836929123992888e+01 2.689423099522545990e-01 7.200932358573755465e+00 2.481508148128642489e-04 2.921056227136350270e+00
4.541833122344122131e+01 2.692901634018137758e-01 7.186923042226739611e+00 2.468197055121232873e-04 2.919762153007999128e+00
4.535837070934412907e+01 2.696384667695075898e-01 7.172941060220558107e+00 2.454957918437591078e-04 2.918468170240354542e+00
4.529848764876932421e+01 2.699872206372656014e-01 7.158986358973995934e+00 2.441790345668768346e-04 2.917174279700252004e+00
4.523868194166677625e+01 2.703364255877707678e-01 7.145058885011645877e+00 2.428693946566857717e-04 2.915880482254523010e+00
4.517895348811577350e+01 2.706860822044591108e-01 7.131158584963731784e+00 2.415668333033002210e-04 2.914586778743479378e+00
4.511930218832468142e+01 2.710361910715213263e-01 7.117285405565887402e+00 2.402713119105423067e-04 2.913293169960091689e+00
4.505972794263066561e+01 2.713867527739042829e-01 7.103439293658922793e+00 2.389827920947495423e-04 2.911999656888382138e+00
4.500023065149979118e+01 2.717377678973105226e-01 7.089620196188669787e+00 2.377012356835982274e-04 2.910706240365799502e+00
4.494081021552651123e+01 2.720892370282012029e-01 7.075828060205690662e+00 2.364261590613786273e-04 2.909412921229788118e+00
4.488146653543383024e+01 2.724411607537951530e-01 7.062062832865152018e+00 2.351579735721552383e-04 2.908119700317796319e+00
4.482219951207297015e+01 2.727935396620708164e-01 7.048324461426574317e+00 2.338966433708805897e-04 2.906826578467270661e+00
4.476300904642314293e+01 2.731463743417677503e-01 7.034612893253605392e+00 2.326421310738985065e-04 2.905533556515657256e+00
4.470389503959157906e+01 2.734996653823862367e-01 7.020928075813862357e+00 2.313943995034262993e-04 2.904240635300403994e+00
4.464485739281315091e+01 2.738534133741897247e-01 7.007269956678670475e+00 2.301534116864041547e-04 2.902947815658955655e+00
4.458589600745038695e+01 2.742076189082045534e-01 6.993638483522902405e+00 2.289191308533595147e-04 2.901655098428760571e+00
4.452701078499324439e+01 2.745622825762215058e-01 6.980033604124751712e+00 2.276915204372728934e-04 2.900362484447265743e+00
4.446820162705881074e+01 2.749174049707974743e-01 6.966455266365497501e+00 2.264705440724479476e-04 2.899069974551916395e+00
4.440946843539137490e+01 2.752729866852550722e-01 6.952903418229355204e+00 2.252561655933963487e-04 2.897777569580160417e+00
4.435081111186214287e+01 2.756290283136842989e-01 6.939378007803239434e+00 2.240483490337208915e-04 2.896485270369444809e+00
4.429222955846898913e+01 2.759855304509442608e-01 6.925878983276541945e+00 2.228470586250062737e-04 2.895193077757215239e+00
4.423372367733647792e+01 2.763424936926626163e-01 6.912406292940969088e+00 2.216522587957211251e-04 2.893900992580919596e+00
4.417529337071552220e+01 2.766999186352381845e-01 6.898959885190294905e+00 2.204639141701192763e-04 2.892609015678003104e+00
4.411693854098335521e+01 2.770578058758406681e-01 6.885539708520191482e+00 2.192819895671530093e-04 2.891317147831836465e+00
4.405865909064333863e+01 2.774161560124120407e-01 6.872145711528014900e+00 2.181064499993895327e-04 2.890025389870044314e+00
4.400045492232467126e+01 2.777749696436683235e-01 6.858777842912574307e+00 2.169372606719313602e-04 2.888733742704488350e+00
4.394232593878247428e+01 2.781342473690990302e-01 6.845436051473988925e+00 2.157739720341794341e-04 2.887442207143959827e+00
4.388427204289730099e+01 2.784939897889701643e-01 6.832120286113407381e+00 2.146169661813105420e-04 2.886150783997246450e+00
4.382629313767532864e+01 2.788541975043231091e-01 6.818830495832886029e+00 2.134662121372609019e-04 2.884859474073139474e+00
4.376838912624798894e+01 2.792148711169768482e-01 6.805566629735142925e+00 2.123216758245934067e-04 2.883568278180429267e+00
4.371055991187172651e+01 2.795760112295294642e-01 6.792328637023339333e+00 2.111833233534393076e-04 2.882277197127904422e+00
4.365280539792811965e+01 2.799376184453574723e-01 6.779116467000938506e+00 2.100511210204603074e-04 2.880986231724355751e+00
4.359512548792339715e+01 2.802996933686187075e-01 6.765930069071434794e+00 2.089250353078044465e-04 2.879695382778571400e+00
4.353752008548855201e+01 2.806622366042517136e-01 6.752769392738223964e+00 2.078050328820798512e-04 2.878404651099342626e+00
4.347998909437904302e+01 2.810252487579775749e-01 6.739634387604356291e+00 2.066910805933260431e-04 2.877114037495460241e+00
4.342253241847455314e+01 2.813887304363014707e-01 6.726525003372333167e+00 2.055831454739919157e-04 2.875823542775711505e+00
4.336514996177909609e+01 2.817526822465120095e-01 6.713441189843965873e+00 2.044811947379265589e-04 2.874533167748888562e+00
4.330784162842048346e+01 2.821171047966844481e-01 6.700382896920088704e+00 2.033851957793632531e-04 2.873242913223779116e+00
4.325060732265054497e+01 2.824819986956795814e-01 6.687350074600449723e+00 2.022951161719235759e-04 2.871952780009174422e+00
4.319344694884475189e+01 2.828473645531457970e-01 6.674342672983467395e+00 2.012109236676160864e-04 2.870662768913864848e+00
4.313636041150199674e+01 2.832132029795207950e-01 6.661360642266016541e+00 2.001325861958427627e-04 2.869372880746638099e+00
4.307934761524467859e+01 2.835795145860308120e-01 6.648403932743286227e+00 1.990600718624177990e-04 2.868083116237714947e+00
4.302240846481825542e+01 2.839462999846936175e-01 6.635472494808523081e+00 1.979933489485814150e-04 2.866793476242478711e+00
4.296554286509135778e+01 2.843135597883177934e-01 6.622566278952890073e+00 1.969321487629398237e-04 2.865503961606195027e+00
4.290875072105546906e+01 2.846812946105046205e-01 6.609685235765242695e+00 1.958765266023829762e-04 2.864214573109711282e+00
4.285203193782471232e+01 2.850495050656497442e-01 6.596829315931916682e+00 1.948266062519484311e-04 2.862925311533871309e+00
4.279538642063592135e+01 2.854181917689423975e-01 6.583998470236585909e+00 1.937823566455318012e-04 2.861636177659523383e+00
4.273881407484818595e+01 2.857873553363686203e-01 6.571192649560002152e+00 1.927437468879401069e-04 2.860347172267510896e+00
4.268231480594295135e+01 2.861569963847104270e-01 6.558411804879859197e+00 1.917107462539456748e-04 2.859058296138681232e+00
4.262588851952378377e+01 2.865271155315474161e-01 6.545655887270580564e+00 1.906833241873398456e-04 2.857769550053881336e+00
4.256953512131604356e+01 2.868977133952589909e-01 6.532924847903095689e+00 1.896614502999903419e-04 2.856480934793955040e+00
4.251325451716703441e+01 2.872687905950230824e-01 6.520218638044704029e+00 1.886450943709121880e-04 2.855192451139750620e+00
4.245704661304553440e+01 2.876403477508197026e-01 6.507537209058819272e+00 1.876342263453330468e-04 2.853904099872111910e+00
4.240091131504189548e+01 2.880123854834298891e-01 6.494880512404840545e+00 1.866288163337737884e-04 2.852615881771886297e+00
4.234484852936775923e+01 2.883849044144376483e-01 6.482248499637922379e+00 1.856288346111275970e-04 2.851327797619919835e+00
4.228885816235583661e+01 2.887579051662316765e-01 6.469641122408777534e+00 1.846342516157450659e-04 2.850039848197057246e+00
4.223294012045990797e+01 2.891313883620049707e-01 6.457058332463514461e+00 1.836450379485286995e-04 2.848752034284145473e+00
4.217709431025463118e+01 2.895053546257564947e-01 6.444500081643443679e+00 1.826611643720287969e-04 2.847464356662031459e+00
4.212132063843520058e+01 2.898798045822931213e-01 6.431966321884845961e+00 1.816826018095419378e-04 2.846176816111559038e+00
4.206561901181751040e+01 2.902547388572288001e-01 6.419457005218853318e+00 1.807093213442235904e-04 2.844889413313080428e+00
4.200998933733765028e+01 2.906301580769877768e-01 6.406972083771182547e+00 1.797412942181934273e-04 2.843602149143774849e+00
4.195443152205205450e+01 2.910060628688035944e-01 6.394511509762011769e+00 1.787781931414702532e-04 2.842315024387418898e+00
4.189894547313721773e+01 2.913824538607212022e-01 6.382075235505769051e+00 1.778202267703207849e-04 2.841028039797611093e+00
4.184353109788941083e+01 2.917593316815985660e-01 6.369663213410911240e+00 1.768674325986534723e-04 2.839741196127948619e+00
4.178818830372481585e+01 2.921366969611060571e-01 6.357275395979799626e+00 1.759197824590610253e-04 2.838454494132031769e+00
4.173291699817907130e+01 2.925145503297293947e-01 6.344911735808450359e+00 1.749772483390200451e-04 2.837167934563457283e+00
4.167771708890732896e+01 2.928928924187691463e-01 6.332572185586392344e+00 1.740398023800339075e-04 2.835881518175824567e+00
4.162258848368406916e+01 2.932717238603422816e-01 6.320256698096474501e+00 1.731074168767765423e-04 2.834595245722732582e+00
4.156753109040276684e+01 2.936510452873842270e-01 6.307965226214634846e+00 1.721800642762379998e-04 2.833309117957778955e+00
4.151254481707603361e+01 2.940308573336479769e-01 6.295697722909796568e+00 1.712577171768831104e-04 2.832023135634563094e+00
4.145762957183514885e+01 2.944111606337073139e-01 6.283454141243586477e+00 1.703403483278048041e-04 2.830737299506682625e+00
4.140278526293018757e+01 2.947919558229558645e-01 6.271234434370239086e+00 1.694279306278918492e-04 2.829451610327736066e+00
4.134801179872972909e+01 2.951732435376092645e-01 6.259038555536361237e+00 1.685204371249943969e-04 2.828166068851323711e+00
4.129330908772060127e+01 2.955550244147067129e-01 6.246866458080740259e+00 1.676178410150948371e-04 2.826880675831041412e+00
4.123867703850800126e+01 2.959372990921104174e-01 6.234718095434209850e+00 1.667201156414894970e-04 2.825595432020490350e+00
4.118411555981505501e+01 2.963200682085084803e-01 6.222593421119407608e+00 1.658272344939657860e-04 2.824310338173266377e+00
4.112962456048285986e+01 2.967033324034144548e-01 6.210492388750632919e+00 1.649391712079915646e-04 2.823025395042779717e+00
4.107520394947031406e+01 2.970870923171689548e-01 6.198414952033666658e+00 1.640558995639060315e-04 2.821740603262926861e+00
4.102085363585376854e+01 2.974713485909417643e-01 6.186361064765538487e+00 1.631773934861120202e-04 2.820455963727085180e+00
4.096657352882721170e+01 2.978561018667306715e-01 6.174330680834417606e+00 1.623034182815311912e-04 2.819171477162288220e+00
4.091236353770173650e+01 2.982413527873650771e-01 6.162323754219357852e+00 1.614340299427599547e-04 2.817887144295567303e+00
4.085822357190572518e+01 2.986271019965049955e-01 6.150340238990175123e+00 1.605693337010889515e-04 2.816602965853955531e+00
4.080415354098454372e+01 2.990133501386428860e-01 6.138380089307250209e+00 1.597093040151361569e-04 2.815318942564486893e+00
4.075015335460030030e+01 2.994000978591057072e-01 6.126443259421312959e+00 1.588539154838943999e-04 2.814035075154191379e+00
4.069622292253193052e+01 2.997873458040539174e-01 6.114529703673321492e+00 1.580031428459558330e-04 2.812751364350103422e+00
4.064236215467477820e+01 3.001750946204848614e-01 6.102639376494223278e+00 1.571569609787321748e-04 2.811467810879253904e+00
4.058857096104068063e+01 3.005633449562319370e-01 6.090772232404826347e+00 1.563153448976873380e-04 2.810184415468676811e+00
4.053484925175771991e+01 3.009520974599663723e-01 6.078928226015598568e+00 1.554782697555694084e-04 2.808901178845404356e+00
4.048119693706995292e+01 3.013413527811992787e-01 6.067107312026463362e+00 1.546457108416463629e-04 2.807618101736468308e+00
4.042761392733754633e+01 3.017311115702807078e-01 6.055309445226682463e+00 1.538176435809524955e-04 2.806335184868902655e+00
4.037410013303627920e+01 3.021213744784030930e-01 6.043534580494603681e+00 1.529940435335290418e-04 2.805052428969737832e+00
4.032065546475770645e+01 3.025121421576001390e-01 6.031782672797551648e+00 1.521748863936797929e-04 2.803769834766007829e+00
4.026727983320886750e+01 3.029034152607490427e-01 6.020053677191616437e+00 1.513601479892231583e-04 2.802487402984745746e+00
4.021397314921203758e+01 3.032951944415721579e-01 6.008347548821457274e+00 1.505498042807498673e-04 2.801205134352982018e+00
4.016073532370480592e+01 3.036874803546366075e-01 5.996664242920179966e+00 1.497438313608890183e-04 2.799923029570600796e+00
4.010756626773977729e+01 3.040802736553561703e-01 5.985003714809120190e+00 1.489422054535733146e-04 2.798641089307949414e+00
4.005446589248438016e+01 3.044735749999930574e-01 5.973365919897661414e+00 1.481449029133094508e-04 2.797359314389924467e+00
4.000143410922090936e+01 3.048673850456573575e-01 5.961750813683104333e+00 1.473519002244561157e-04 2.796077705517661993e+00
3.994847082934613525e+01 3.052617044503099786e-01 5.950158351750435060e+00 1.465628687309115724e-04 2.794796263392296254e+00
3.989557596437137477e+01 3.056565338727622039e-01 5.938588489772196333e+00 1.457780855437598732e-04 2.793514988714961955e+00
3.984274942592225699e+01 3.060518739726773574e-01 5.927041183508301891e+00 1.449975360408166684e-04 2.792233882186794691e+00
3.978999112573846730e+01 3.064477254105727466e-01 5.915516388805829529e+00 1.442211971871323320e-04 2.790952944508927835e+00
3.973730097567381847e+01 3.068440888478189965e-01 5.904014061598902963e+00 1.434490460742928472e-04 2.789672176382497870e+00
3.968467888769586693e+01 3.072409649466432136e-01 5.892534157908462689e+00 1.426810599197135575e-04 2.788391578508637281e+00
3.963212477388597677e+01 3.076383543701282086e-01 5.881076633842139856e+00 1.419172160659440570e-04 2.787111151588482105e+00
3.957963854643910651e+01 3.080362577822143844e-01 5.869641445594070639e+00 1.411574919799725935e-04 2.785830896323167938e+00
3.952722011766348942e+01 3.084346758477018446e-01 5.858228549444679523e+00 1.404018652525327487e-04 2.784550813413828152e+00
3.947486939998080402e+01 3.088336092322493953e-01 5.846837901760590483e+00 1.396503135974216101e-04 2.783270903561598342e+00
3.942258630592571222e+01 3.092330586023778194e-01 5.835469458994371195e+00 1.389028148508118722e-04 2.781991167467612325e+00
3.937037074814595172e+01 3.096330246254692664e-01 5.824123177684423780e+00 1.381593469705766223e-04 2.780711605833004807e+00
3.931822263940210860e+01 3.100335079697691398e-01 5.812799014454789415e+00 1.374198880356123915e-04 2.779432219358912715e+00
3.926614189256735443e+01 3.104345093043878179e-01 5.801496926014962696e+00 1.366844162451665706e-04 2.778153008746467645e+00
3.921412842062754578e+01 3.108360292993000984e-01 5.790216869159761970e+00 1.359529099181726580e-04 2.776873974608742301e+00
3.916218213668078363e+01 3.112380686253485296e-01 5.778958800769102844e+00 1.352253474925825538e-04 2.775595117649567900e+00
3.911030295393755551e+01 3.116406279542422997e-01 5.767722677807891607e+00 1.345017075247099947e-04 2.774316438688869901e+00
3.905849078572043709e+01 3.120437079585596241e-01 5.756508457325816508e+00 1.337819686885720631e-04 2.773037938399552260e+00
3.900674554546387895e+01 3.124473093117492994e-01 5.745316096457173671e+00 1.330661097752354677e-04 2.771759617454517599e+00
3.895506714671427062e+01 3.128514326881301488e-01 5.734145552420732983e+00 1.323538568674589974e-04 2.770481476526671205e+00
3.890345550312957101e+01 3.132560787628941856e-01 5.722996782519531145e+00 1.316454070348900367e-04 2.769203516288915257e+00
3.885191052847933690e+01 3.136612482121060586e-01 5.711869744140735783e+00 1.309407775384656772e-04 2.767925737414154597e+00
3.880043213664454527e+01 3.140669417127046614e-01 5.700764394755467812e+00 1.302399476017652145e-04 2.766648140575293624e+00
3.874902024161728775e+01 3.144731599425054647e-01 5.689680691918611366e+00 1.295428965624353913e-04 2.765370726445234517e+00
3.869767475750091990e+01 3.148799035801992940e-01 5.678618593268694781e+00 1.288496038715612074e-04 2.764093495696883007e+00
3.864639559850958506e+01 3.152871733053561054e-01 5.667578056527662334e+00 1.281600490930322309e-04 2.762816449003141273e+00
3.859518267896837074e+01 3.156949697984239855e-01 5.656559039500770325e+00 1.274742119029207538e-04 2.761539587036913712e+00
3.854403591331301726e+01 3.161032937407309840e-01 5.645561500076392569e+00 1.267920720888577528e-04 2.760262910471105169e+00
3.849295521608970461e+01 3.165121458144872779e-01 5.634585396225830323e+00 1.261136095494129147e-04 2.758986419978617821e+00
3.844194050195510215e+01 3.169215267027844507e-01 5.623630686003202150e+00 1.254388042934819543e-04 2.757710116232357400e+00
3.839099168567602760e+01 3.173314370895984893e-01 5.612697327545220105e+00 1.247676364396722783e-04 2.756433999905225640e+00
3.834010868212947543e+01 3.177418776597893402e-01 5.601785279071079593e+00 1.241000862156966178e-04 2.755158071670127384e+00
3.828929140630238948e+01 3.181528490991027969e-01 5.590894498882266639e+00 1.234361339577670137e-04 2.753882332199967475e+00
3.823853977329144271e+01 3.185643520941723317e-01 5.580024945362374034e+00 1.227757601099920817e-04 2.752606782167648092e+00
3.818785369830311538e+01 3.189763873325184296e-01 5.569176576976998305e+00 1.221189452237818123e-04 2.751331422246074077e+00
3.813723309665327577e+01 3.193889555025520299e-01 5.558349352273503463e+00 1.214656699572486711e-04 2.750056253096742953e+00
3.808667788376728680e+01 3.198020572935735273e-01 5.547543229880917082e+00 1.208159150746198392e-04 2.748781275222975218e+00
3.803618797517977157e+01 3.202156933957748808e-01 5.536758168509750888e+00 1.201696614456472582e-04 2.747506489509088379e+00
3.798576328653433620e+01 3.206298645002416681e-01 5.525994126951803587e+00 1.195268138995397720e-04 2.746231896598607669e+00
3.793540373358367646e+01 3.210445712989523637e-01 5.515251064080057830e+00 1.188872382384635590e-04 2.744957497135059654e+00
3.788510923218929349e+01 3.214598144847806149e-01 5.504528938848481268e+00 1.182511101736656448e-04 2.743683291761972232e+00
3.783487969832129494e+01 3.218755947514969074e-01 5.493827710291863120e+00 1.176184109640411157e-04 2.742409281122869302e+00
3.778471504805845171e+01 3.222919127937681205e-01 5.483147337525680953e+00 1.169891219713307278e-04 2.741135465861279208e+00
3.773461519758781435e+01 3.227087693071605257e-01 5.472487779745901726e+00 1.163632246595476489e-04 2.739861846620726737e+00
3.768458006320478404e+01 3.231261649881394526e-01 5.461848996228862774e+00 1.157407005944131444e-04 2.738588424044739345e+00
3.763460956131291368e+01 3.235441005340708442e-01 5.451230946331094174e+00 1.151215314427916540e-04 2.737315198776843594e+00
3.758470360842361657e+01 3.239625766432235321e-01 5.440633589489130451e+00 1.145056989721284836e-04 2.736042171460564276e+00
3.753486212115629428e+01 3.243815940147684596e-01 5.430056885219412877e+00 1.138931850498952361e-04 2.734769342739429288e+00
3.748508501623791034e+01 3.248011533487819569e-01 5.419500793118061210e+00 1.132839716430319760e-04 2.733496713256963861e+00
3.743537221050311814e+01 3.252212553462449085e-01 5.408965272860778661e+00 1.126780408173990155e-04 2.732224283656694119e+00
3.738572362089398382e+01 3.256419007090449180e-01 5.398450284202660931e+00 1.120753747372270077e-04 2.730952054582148403e+00
3.733613916445976599e+01 3.260630901399783621e-01 5.387955786978018580e+00 1.114759556645708474e-04 2.729680026676851057e+00
3.728661875835700101e+01 3.264848243427493912e-01 5.377481741100275769e+00 1.108797659587699958e-04 2.728408200584329535e+00
3.723716231984912639e+01 3.269071040219734270e-01 5.367028106561752665e+00 1.102867880759067726e-04 2.727136576948109070e+00
3.718776976630650921e+01 3.273299298831765514e-01 5.356594843433549968e+00 1.096970045682720473e-04 2.725865156411716228e+00
3.713844101520631114e+01 3.277533026327972276e-01 5.346181911865389047e+00 1.091103980838323680e-04 2.724593939618678906e+00
3.708917598413214733e+01 3.281772229781885208e-01 5.335789272085413870e+00 1.085269513656973055e-04 2.723322927212521449e+00
3.703997459077424992e+01 3.286016916276173760e-01 5.325416884400104856e+00 1.079466472515958932e-04 2.722052119701810380e+00
3.699083675292902740e+01 3.290267092902677826e-01 5.315064709194046166e+00 1.073694223086991137e-04 2.720781517835809904e+00
3.694176238849917837e+01 3.294522766762403299e-01 5.304732706929835118e+00 1.067951055024304917e-04 2.719511122298572836e+00
3.689275141549345705e+01 3.298783944965538728e-01 5.294420838147899211e+00 1.062238832399110892e-04 2.718240933705144968e+00
3.684380375202641744e+01 3.303050634631479188e-01 5.284129063466325604e+00 1.056557387071050926e-04 2.716970952670568096e+00
3.679491931631853419e+01 3.307322842888815173e-01 5.273857343580746537e+00 1.050906551821993858e-04 2.715701179809889787e+00
3.674609802669577618e+01 3.311600576875370350e-01 5.263605639264135938e+00 1.045286160350892050e-04 2.714431615738152725e+00
3.669733980158971320e+01 3.315883843738191006e-01 5.253373911366705507e+00 1.039696047268727508e-04 2.713162261070402703e+00
3.664864455953729561e+01 3.320172650633567701e-01 5.243162120815727079e+00 1.034136048093446360e-04 2.711893116421685068e+00
3.660001221918058434e+01 3.324467004727056363e-01 5.232970228615357655e+00 1.028605999244921652e-04 2.710624182407042504e+00
3.655144269926688594e+01 3.328766913193467181e-01 5.222798195846544367e+00 1.023105738039984037e-04 2.709355459641521691e+00
3.650293591864831200e+01 3.333072383216905132e-01 5.212645983666795324e+00 1.017635102687418732e-04 2.708086948740166200e+00
3.645449179628190706e+01 3.337383421990755550e-01 5.202513553310102346e+00 1.012193932283054348e-04 2.706818650318020492e+00
3.640611025122940703e+01 3.341700036717709654e-01 5.192400866086749112e+00 1.006782066804836956e-04 2.705550564990131246e+00
3.635779120265697628e+01 3.346022234609783430e-01 5.182307883383145075e+00 1.001399347107929353e-04 2.704282693371541146e+00
3.630953456983535688e+01 3.350350022888307633e-01 5.172234566661725985e+00 9.960456149198836573e-05 2.703015036077295985e+00
3.626134027213942801e+01 3.354683408783966647e-01 5.162180877460742501e+00 9.907207128357768981e-05 2.701747593722439333e+00
3.621320822904831971e+01 3.359022399536787384e-01 5.152146777394160715e+00 9.854244843134323927e-05 2.700480366922016984e+00
3.616513836014514993e+01 3.363367002396162042e-01 5.142132228151480966e+00 9.801567736686289298e-05 2.699213356291074284e+00
3.611713058511685404e+01 3.367717224620866423e-01 5.132137191497591289e+00 9.749174260703458649e-05 2.697946562444653917e+00
3.606918482375417057e+01 3.372073073479058269e-01 5.122161629272627081e+00 9.697062875360514488e-05 2.696679985997801676e+00
3.602130099595149204e+01 3.376434556248293917e-01 5.112205503391832551e+00 9.645232049270037597e-05 2.695413627500290232e+00
3.597347902170655232e+01 3.380801680215552718e-01 5.102268775845365312e+00 9.593667610150266199e-05 2.694147487527917662e+00
3.592571882112056159e+01 3.385174452677227608e-01 5.092351408698206683e+00 9.542370745208563962e-05 2.692881566821168970e+00
3.587802031439782979e+01 3.389552880939158963e-01 5.082453364089962733e+00 9.491350158037795755e-05 2.691615865967475596e+00
3.583038342184583058e+01 3.393936972316629053e-01 5.072574604234755924e+00 9.440604348243079457e-05 2.690350385554271639e+00
3.578280806387495971e+01 3.398326734134382021e-01 5.062715091421052804e+00 9.390131823654287915e-05 2.689085126168991646e+00
3.573529416099834322e+01 3.402722173726644428e-01 5.052874788011511242e+00 9.339931100280406747e-05 2.687820088399066165e+00
3.568784163383192976e+01 3.407123298437115810e-01 5.043053656442871180e+00 9.290000702264484384e-05 2.686555272831930630e+00
3.564045040309405010e+01 3.411530115619008652e-01 5.033251659225746799e+00 9.240339161838269052e-05 2.685290680055016477e+00
3.559312038960555924e+01 3.415942632635035059e-01 5.023468758944538592e+00 9.190945019277696850e-05 2.684026310655758252e+00
3.554585151428959477e+01 3.420360856857431187e-01 5.013704918257262833e+00 9.141816822858226689e-05 2.682762165221588724e+00
3.549864369817132115e+01 3.424784795667977777e-01 5.003960099895378377e+00 9.092953128810442212e-05 2.681498244339940662e+00
3.545149686237808595e+01 3.429214456457990168e-01 4.994234266663700517e+00 9.044352501276282550e-05 2.680234548598248612e+00
3.540441092813896518e+01 3.433649846628356039e-01 4.984527381440192251e+00 8.996013512264926140e-05 2.678971078583943566e+00
3.535738581678486980e+01 3.438090973589528199e-01 4.974839407175864814e+00 8.947934741609475488e-05 2.677707834884460070e+00
3.531042144974837527e+01 3.442537844761541233e-01 4.965170306894622243e+00 8.900114776923610772e-05 2.676444818087232225e+00
3.526351774856340171e+01 3.446990467574038153e-01 4.955520043693084631e+00 8.852552213558336945e-05 2.675182028779691024e+00
3.521667463486539162e+01 3.451448849466258739e-01 4.945888580740501084e+00 8.805245654559451843e-05 2.673919467549271900e+00
3.516989203039086220e+01 3.455912997887077287e-01 4.936275881278541888e+00 8.758193710624668702e-05 2.672657134983406291e+00
3.512316985697754035e+01 3.460382920294992615e-01 4.926681908621212358e+00 8.711395000061511159e-05 2.671395031669527853e+00
3.507650803656410687e+01 3.464858624158151379e-01 4.917106626154678750e+00 8.664848148745090360e-05 2.670133158195070688e+00
3.502990649118997624e+01 3.469340116954368614e-01 4.907549997337111058e+00 8.618551790076140915e-05 2.668871515147466678e+00
3.498336514299541733e+01 3.473827406171118293e-01 4.898011985698586201e+00 8.572497076604691552e-05 2.667610102942032935e+00
3.493688391422112716e+01 3.478320499305571634e-01 4.888492554840889959e+00 8.526676855893717459e-05 2.666348922361919893e+00
3.489046272720834452e+01 3.482819403864588215e-01 4.878991668437421048e+00 8.481103314018223352e-05 2.665087973974132662e+00
3.484410150439864395e+01 3.487324127364735404e-01 4.869509290233036580e+00 8.435775111959901919e-05 2.663827258339340087e+00
3.479780016833365863e+01 3.491834677332313341e-01 4.860045384043876204e+00 8.390690918036588716e-05 2.662566776018210124e+00
3.475155864165522956e+01 3.496351061303343832e-01 4.850599913757275949e+00 8.345849407861924429e-05 2.661306527571412950e+00
3.470537684710498638e+01 3.500873286823608654e-01 4.841172843331575493e+00 8.301249264304702709e-05 2.660046513559615633e+00
3.465925470752445392e+01 3.505401361448639008e-01 4.831764136796019571e+00 8.256889177448929523e-05 2.658786734543487906e+00
3.461319214585481774e+01 3.509935292743739943e-01 4.822373758250594555e+00 8.212767844553795762e-05 2.657527191083699503e+00
3.456718908513673938e+01 3.514475088284009785e-01 4.813001671865882791e+00 8.168883970013919550e-05 2.656267883740917934e+00
3.452124544851037058e+01 3.519020755654332921e-01 4.803647841882940916e+00 8.125236265319982925e-05 2.655008813075812935e+00
3.447536115921505484e+01 3.523572302449416438e-01 4.794312232613139102e+00 8.081823449019319742e-05 2.653749979649052460e+00
3.442953614058939138e+01 3.528129736273780126e-01 4.784994808438049141e+00 8.038644246677055147e-05 2.652491384021306242e+00
3.438377031607096512e+01 3.532693064741780908e-01 4.775695533809281912e+00 7.995697390837125807e-05 2.651233026753243127e+00
3.433806360919620460e+01 3.537262295477633378e-01 4.766414373248341718e+00 7.952981620983671466e-05 2.649974908405531071e+00
3.429241594360039613e+01 3.541837436115403137e-01 4.757151291346522370e+00 7.910495683502776160e-05 2.648717029538839363e+00
3.424682724301744940e+01 3.546418494299030666e-01 4.747906252764741097e+00 7.868238331644186398e-05 2.647459390713837735e+00
3.420129743127971977e+01 3.551005477682352418e-01 4.738679222233391997e+00 7.826208325483292253e-05 2.646201992491193700e+00
3.415582643231806514e+01 3.555598393929091383e-01 4.729470164552247446e+00 7.784404431883559761e-05 2.644944835431577435e+00
3.411041417016147648e+01 3.560197250712895944e-01 4.720279044590268036e+00 7.742825424458750537e-05 2.643687920095656008e+00
3.406506056893719148e+01 3.564802055717330442e-01 4.711105827285516412e+00 7.701470083535821734e-05 2.642431247044099596e+00
3.401976555287043169e+01 3.569412816635896823e-01 4.701950477644992965e+00 7.660337196117675566e-05 2.641174816728493635e+00
3.397452904628422488e+01 3.574029541172057400e-01 4.692812960744485729e+00 7.619414783130544760e-05 2.639918629776188741e+00
3.392935097359946894e+01 3.578652237039225970e-01 4.683693241728472678e+00 7.578704236674037645e-05 2.638662686802690782e+00
3.388423125933456959e+01 3.583280911960805004e-01 4.674591285809944985e+00 7.538212764619223161e-05 2.637406988342727132e+00
3.383916982810553264e+01 3.587915573670177327e-01 4.665507058270303986e+00 7.497939178381341451e-05 2.636151534931027829e+00
3.379416660462573674e+01 3.592556229910728316e-01 4.656440524459210195e+00 7.457882295884075258e-05 2.634896327102323799e+00
3.374922151370570589e+01 3.597202888435868662e-01 4.647391649794433199e+00 7.418040941523463617e-05 2.633641365391341527e+00
3.370433448025324452e+01 3.601855557009023268e-01 4.638360399761756625e+00 7.378413946132314266e-05 2.632386650332812827e+00
3.365950542927298983e+01 3.606514243403673436e-01 4.629346739914788067e+00 7.339000146944327403e-05 2.631132182461464630e+00
3.361473428586659651e+01 3.611178955403342439e-01 4.620350635874885370e+00 7.299798387558963466e-05 2.629877962312027861e+00
3.357002097523243123e+01 3.615849700801622713e-01 4.611372053330981657e+00 7.260807517906072393e-05 2.628623990419232115e+00
3.352536542266539499e+01 3.620526487402196958e-01 4.602410958039446776e+00 7.222026394210844078e-05 2.627370267317804764e+00
3.348076755355702261e+01 3.625209323018827035e-01 4.593467315823992259e+00 7.183453878959183015e-05 2.626116793542477179e+00
3.343622729339511324e+01 3.629898215475394485e-01 4.584541092575492804e+00 7.145088840862883731e-05 2.624863569627976734e+00
3.339174456776378719e+01 3.634593172605891098e-01 4.575632254251888575e+00 7.106930154825360504e-05 2.623610596109033466e+00
3.334731930234329411e+01 3.639294202254441113e-01 4.566740766878037761e+00 7.068976701907356763e-05 2.622357873520377858e+00
3.330295142290979982e+01 3.644001312275323978e-01 4.557866596545566473e+00 7.031227369292821178e-05 2.621105402396737283e+00
3.325864085533546444e+01 3.648714510532965472e-01 4.549009709412777269e+00 6.993681050255239116e-05 2.619853183272842667e+00
3.321438752558809426e+01 3.653433804901975446e-01 4.540170071704470622e+00 6.956336644123770302e-05 2.618601216683421828e+00
3.317019135973119148e+01 3.658159203267140613e-01 4.531347649711849890e+00 6.919193056249925856e-05 2.617349503163204361e+00
3.312605228392379786e+01 3.662890713523443975e-01 4.522542409792381868e+00 6.882249197974258899e-05 2.616098043246920746e+00
3.308197022442022472e+01 3.667628343576090910e-01 4.513754318369634255e+00 6.845503986593131046e-05 2.614846837424403603e+00
3.303794510757015956e+01 3.672372101340499184e-01 4.504983341933195717e+00 6.808956345325993889e-05 2.613595886162712212e+00
3.299397685981833206e+01 3.677121994742336142e-01 4.496229447038494698e+00 6.772602806990572907e-05 2.612345190130262562e+00
3.295006540770455672e+01 3.681878031717510935e-01 4.487492600306709711e+00 6.736429731522086499e-05 2.611094749836647022e+00
3.290621067786354814e+01 3.686640220212196728e-01 4.478772768424622797e+00 6.700451232564171977e-05 2.609844565791459736e+00
3.286241259702468653e+01 3.691408568182856231e-01 4.470069918144466747e+00 6.664666254942124945e-05 2.608594638504291296e+00
3.281867109201213850e+01 3.696183083596226715e-01 4.461384016283846954e+00 6.629073749256227620e-05 2.607344968484735848e+00
3.277498608974445915e+01 3.700963774429366082e-01 4.452715029725552220e+00 6.593672671849603586e-05 2.606095556242383982e+00
3.273135751723471998e+01 3.705750648669637326e-01 4.444062925417479271e+00 6.558461984776666159e-05 2.604846402286829843e+00
3.268778530159022466e+01 3.710543714314736841e-01 4.435427670372467546e+00 6.523440655771416314e-05 2.603597507127666244e+00
3.264426937001240248e+01 3.715342979372713295e-01 4.426809231668178413e+00 6.488607658216059100e-05 2.602348871274484221e+00
3.260080964979677276e+01 3.720148451861963745e-01 4.418207576446981477e+00 6.453961971109851796e-05 2.601100495236877030e+00
3.255740606833278150e+01 3.724960139811256954e-01 4.409622671915814252e+00 6.419502579038018487e-05 2.599852379524438373e+00
3.251405855310358106e+01 3.729778051259755034e-01 4.401054485346040046e+00 6.385228472140812349e-05 2.598604524646758840e+00
3.247076703168610834e+01 3.734602194257006236e-01 4.392502984073358263e+00 6.351138646082962833e-05 2.597356931113432577e+00
3.242753143175073660e+01 3.739432576862982138e-01 4.383968135497628538e+00 6.317232102022969707e-05 2.596109599434050619e+00
3.238435168106137496e+01 3.744269207148069878e-01 4.375449907082790801e+00 6.283507846582918864e-05 2.594862530118206223e+00
3.234122770747521258e+01 3.749112093193094908e-01 4.366948266356711628e+00 6.249964891818189715e-05 2.593615723675492646e+00
3.229815943894256236e+01 3.753961243089344313e-01 4.358463180911049228e+00 6.216602255187403815e-05 2.592369180615500923e+00
3.225514680350691776e+01 3.758816664938557373e-01 4.349994618401159308e+00 6.183418959522717724e-05 2.591122901447825644e+00
3.221218972930461177e+01 3.763678366852964974e-01 4.341542546545929859e+00 6.150414032999960013e-05 2.589876886682056956e+00
3.216928814456487373e+01 3.768546356955282395e-01 4.333106933127690574e+00 6.117586509109249385e-05 2.588631136827788559e+00
3.212644197760967302e+01 3.773420643378728179e-01 4.324687745992071619e+00 6.084935426625614829e-05 2.587385652249919232e+00
3.208365115685345614e+01 3.778301234267052444e-01 4.316284953047860640e+00 6.052459829579693700e-05 2.586140433610619294e+00
3.204091561080326045e+01 3.783188137774524673e-01 4.307898522266917496e+00 6.020158767228879748e-05 2.584895481416486618e+00
3.199823526805835883e+01 3.788081362065974789e-01 4.299528421684004620e+00 5.988030635679965217e-05 2.583650796152757501e+00
3.195561005731035920e+01 3.792980915316782053e-01 4.291174619396701750e+00 5.956059994954596100e-05 2.582406378304670458e+00
3.191303990734295581e+01 3.797886805712901714e-01 4.282837083565263825e+00 5.924261251243865016e-05 2.581162228357464450e+00
3.187052474703176586e+01 3.802799041450885542e-01 4.274515782412479759e+00 5.892633472822011510e-05 2.579918346796375328e+00
3.182806450534438625e+01 3.807717630737872949e-01 4.266210684223587180e+00 5.861175733059794443e-05 2.578674734106643385e+00
3.178565911134006683e+01 3.812642581791634289e-01 4.257921757346109892e+00 5.829887110396169244e-05 2.577431390773504027e+00
3.174330849416976719e+01 3.817573902840555866e-01 4.249648970189761954e+00 5.798766688310419849e-05 2.576188317282196216e+00
3.170101258307597192e+01 3.822511602123669361e-01 4.241392291226318001e+00 5.767813555294262176e-05 2.574945514117959355e+00
3.165877130739248457e+01 3.827455687890670699e-01 4.233151688989470252e+00 5.737026804824083134e-05 2.573702981766028852e+00
3.161658459654449160e+01 3.832406168401915059e-01 4.224927132074743241e+00 5.706405535333544183e-05 2.572460720711644555e+00
3.157445238004824972e+01 3.837363051928452395e-01 4.216718589139327733e+00 5.675948850186059543e-05 2.571218731440042760e+00
3.153237458751113564e+01 3.842326346752022448e-01 4.208526028902000782e+00 5.645655857647671489e-05 2.569977014436462426e+00
3.149035114863145424e+01 3.847296061165076386e-01 4.200349420142980073e+00 5.615525670859940552e-05 2.568735570186141626e+00
3.144838199319823246e+01 3.852272203470800127e-01 4.192188731703788918e+00 5.585557407812940752e-05 2.567494399174317543e+00
3.140646705109132597e+01 3.857254781983106562e-01 4.184043932487180761e+00 5.555750191318649893e-05 2.566253501886228694e+00
3.136460625228102828e+01 3.862243805026674970e-01 4.175914991456959768e+00 5.526103148984125719e-05 2.565012878807112262e+00
3.132279952682820579e+01 3.867239280936941026e-01 4.167801877637910657e+00 5.496615413185205204e-05 2.563772530422206319e+00
3.128104680488403488e+01 3.872241218060123447e-01 4.159704560115653038e+00 5.467286121040079158e-05 2.562532457216749826e+00
3.123934801668985273e+01 3.877249624753244528e-01 4.151623008036507301e+00 5.438114414383075538e-05 2.561292659589482490e+00
3.119770309257723540e+01 3.882264509384122375e-01 4.143557190607420004e+00 5.409099439738767348e-05 2.560053138058698607e+00
3.115611196296761420e+01 3.887285880331411980e-01 4.135507077095786244e+00 5.380240348295886734e-05 2.558813893176274945e+00
3.111457455837238939e+01 3.892313745984595230e-01 4.127472636829377706e+00 5.351536295881748653e-05 2.557574925403859112e+00
3.107309080939271695e+01 3.897348114744005332e-01 4.119453839196201450e+00 5.322986442936564769e-05 2.556336235203097385e+00
3.103166064671933810e+01 3.902388995020850682e-01 4.111450653644373787e+00 5.294589954487965381e-05 2.555097823035634708e+00
3.099028400113257931e+01 3.907436395237207649e-01 4.103463049682021691e+00 5.266342614933664429e-05 2.553859689363117358e+00
3.094896080350219592e+01 3.912490323826047223e-01 4.095490996877154011e+00 5.238236062900493770e-05 2.552621834647192500e+00
3.090769098478715904e+01 3.917550789231257213e-01 4.087534464857526473e+00 5.210280563765645084e-05 2.551384259349504635e+00
3.086647447603572658e+01 3.922617799907632818e-01 4.079593423310559075e+00 5.182475299204110597e-05 2.550146963931700927e+00
3.082531120838511640e+01 3.927691364320919920e-01 4.071667841983178882e+00 5.154819455364377273e-05 2.548909948855426322e+00
3.078420111306158802e+01 3.932771490947801762e-01 4.063757690681733870e+00 5.127312222843863533e-05 2.547673214582327539e+00
3.074314412138022590e+01 3.937858188275927818e-01 4.055862939271864143e+00 5.099952796664282791e-05 2.546436761574050855e+00
3.070214016474477248e+01 3.942951464803933215e-01 4.047983557678366928e+00 5.072740376247175052e-05 2.545200590292241216e+00
3.066118917464766724e+01 3.948051329041434299e-01 4.040119515885113977e+00 5.045674165389726483e-05 2.543964701198546230e+00
3.062029108266976252e+01 3.953157789509065267e-01 4.032270783934898795e+00 5.018753372240498202e-05 2.542729094754610397e+00
3.057944582048034476e+01 3.958270854738472067e-01 4.024437331929349604e+00 4.991977209275487085e-05 2.541493771422079995e+00
3.053865331983697828e+01 3.963390533272335703e-01 4.016619130028801443e+00 4.965344893274223180e-05 2.540258731662602631e+00
3.049791351258529559e+01 3.968516833664396115e-01 4.008816148452161165e+00 4.938855645295945040e-05 2.539023975937822364e+00
3.045722633065908980e+01 3.973649764479442181e-01 4.001028357476833719e+00 4.912508690656115226e-05 2.537789504709386357e+00
3.041659170607994156e+01 3.978789334293356683e-01 3.993255727438558278e+00 4.886303258902756916e-05 2.536555318438939555e+00
3.037600957095734344e+01 3.983935551693102428e-01 3.985498228731330972e+00 4.860238583793262147e-05 2.535321417560898460e+00
3.033547985748848319e+01 3.989088425276748340e-01 3.977755831807276543e+00 4.834313903271084172e-05 2.534087802445736504e+00
3.029500249795804123e+01 3.994247963653496658e-01 3.970028507176513788e+00 4.808528459442587040e-05 2.532854473694459596e+00
3.025457742473829015e+01 3.999414175443669062e-01 3.962316225407082282e+00 4.782881498554212972e-05 2.531621431745862960e+00
3.021420457028874296e+01 4.004587069278751077e-01 3.954618957124779843e+00 4.757372270969487788e-05 2.530388677038740486e+00
3.017388386715624549e+01 4.009766653801382641e-01 3.946936673013091035e+00 4.732000031146433591e-05 2.529156210011887396e+00
3.013361524797476321e+01 4.014952937665381971e-01 3.939269343813049495e+00 4.706764037614923166e-05 2.527924031104099356e+00
3.009339864546520715e+01 4.020145929535770546e-01 3.931616940323116260e+00 4.681663552954173305e-05 2.526692140754168925e+00
3.005323399243551918e+01 4.025345638088762557e-01 3.923979433399100269e+00 4.656697843770541019e-05 2.525460539400892657e+00
3.001312122178029895e+01 4.030552072011809317e-01 3.916356793953999826e+00 4.631866180675139508e-05 2.524229227483063553e+00
2.997306026648093180e+01 4.035765240003587606e-01 3.908748992957928436e+00 4.607159110671188380e-05 2.522998205439477282e+00
2.993305105960536494e+01 4.040985150774025203e-01 3.901156001437987353e+00 4.582580517673889078e-05 2.521767473708929064e+00
2.989309353430791916e+01 4.046211813044326422e-01 3.893577790478134570e+00 4.558133955742278416e-05 2.520537032730211457e+00
2.985318762382938829e+01 4.051445235546959900e-01 3.886014331219109774e+00 4.533818709982034948e-05 2.519306882942121906e+00
2.981333326149666973e+01 4.056685427025705781e-01 3.878465594858282017e+00 4.509634069404570519e-05 2.518077024783452522e+00
2.977353038072288882e+01 4.061932396235640175e-01 3.870931552649571117e+00 4.485579326905611856e-05 2.516847458692998973e+00
2.973377891500717141e+01 4.067186151943165129e-01 3.863412175903322865e+00 4.461653779243704903e-05 2.515618185109556926e+00
2.969407879793445915e+01 4.072446702926031392e-01 3.855907435986176246e+00 4.437856727018849262e-05 2.514389204471919381e+00
2.965442996317561253e+01 4.077714057973327866e-01 3.848417304320999932e+00 4.414187474651438243e-05 2.513160517218882450e+00
2.961483234448704494e+01 4.082988225885526568e-01 3.840941752386726193e+00 4.390645330361022731e-05 2.511932123789239135e+00
2.957528587571082923e+01 4.088269215474471530e-01 3.833480751718284285e+00 4.367229606145487053e-05 2.510704024621785102e+00
2.953579049077449170e+01 4.093557035563403779e-01 3.826034273906471217e+00 4.343939617760145559e-05 2.509476220155315573e+00
2.949634612369083797e+01 4.098851694986986316e-01 3.818602290597829629e+00 4.320774684696980825e-05 2.508248710708807394e+00
2.945695270855797787e+01 4.104153202591300231e-01 3.811184773494559863e+00 4.297734130164114968e-05 2.507021496835275975e+00
2.941761017955916202e+01 4.109461567233866353e-01 3.803781694354405385e+00 4.274817281065276884e-05 2.505794578985177878e+00
2.937831847096257221e+01 4.114776797783673556e-01 3.796393024990519116e+00 4.252023467979372496e-05 2.504567957575174919e+00
2.933907751712140666e+01 4.120098903121168221e-01 3.789018737271392823e+00 4.229352025140315201e-05 2.503341633021932910e+00
2.929988725247355674e+01 4.125427892138295860e-01 3.781658803120706125e+00 4.206802290416764169e-05 2.502115605742113669e+00
2.926074761154167803e+01 4.130763773738493350e-01 3.774313194517253667e+00 4.184373605292173663e-05 2.500889876152381230e+00
2.922165852893301619e+01 4.136106556836712245e-01 3.766981883494822103e+00 4.162065314844832879e-05 2.499664444669401409e+00
2.918261993933919740e+01 4.141456250359447089e-01 3.759664842142061314e+00 4.139876767727984391e-05 2.498439311709834687e+00
2.914363177753632428e+01 4.146812863244722092e-01 3.752362042602418235e+00 4.117807316150233292e-05 2.497214477690347767e+00
2.910469397838464189e+01 4.152176404442137203e-01 3.745073457073980983e+00 4.095856315855820814e-05 2.495989943027602020e+00
2.906580647682861596e+01 4.157546882912857011e-01 3.737799057809411352e+00 4.074023126105241505e-05 2.494765708138261928e+00
2.902696920789674806e+01 4.162924307629636833e-01 3.730538817115818695e+00 4.052307109655812968e-05 2.493541773438992415e+00
2.898818210670139095e+01 4.168308687576848248e-01 3.723292707354638242e+00 4.030704063183940391e-05 2.492318139346455297e+00
2.894944510843881957e+01 4.173700031750467998e-01 3.716060700941560047e+00 4.009208873854834440e-05 2.491094806277315943e+00
2.891075814838891134e+01 4.179098349158124059e-01 3.708842770346379769e+00 3.987829101805713246e-05 2.489871774648236169e+00
2.887212116191521716e+01 4.184503648819083987e-01 3.701638888092924073e+00 3.966564122410704273e-05 2.488649044875880900e+00
2.883353408446480159e+01 4.189915939764279340e-01 3.694449026758938270e+00 3.945413314454663579e-05 2.487426617376914617e+00
2.879499685156801547e+01 4.195335231036335655e-01 3.687273158975953091e+00 3.924376060114303247e-05 2.486204492567999580e+00
2.875650939883861312e+01 4.200761531689557460e-01 3.680111257429221183e+00 3.903451744939605446e-05 2.484982670865800269e+00
2.871807166197338645e+01 4.206194850789977124e-01 3.672963294857566119e+00 3.882639757835080644e-05 2.483761152686979834e+00
2.867968357675229285e+01 4.211635197415340981e-01 3.665829244053315339e+00 3.861939491041403933e-05 2.482539938381578271e+00
2.864134507903824201e+01 4.217082580655135970e-01 3.658709077862178027e+00 3.841350340116954452e-05 2.481319028370573054e+00
2.860305610477690408e+01 4.222537009610617398e-01 3.651602769183120323e+00 3.820871703919486275e-05 2.480098423146563924e+00
2.856481658999680207e+01 4.227998493394797830e-01 3.644510290968305366e+00 3.800502984588042561e-05 2.478878123104774733e+00
2.852662647080898850e+01 4.233467041132490394e-01 3.637431616222933872e+00 3.780243587524753158e-05 2.477658128640425783e+00
2.848848568340712362e+01 4.238942661960300451e-01 3.630366718005188620e+00 3.760092921376938485e-05 2.476438440148740483e+00
2.845039416406728350e+01 4.244425365026650021e-01 3.623315569426103000e+00 3.740050398019191064e-05 2.475219058024941798e+00
2.841235184914778600e+01 4.249915159491804983e-01 3.616278143649449550e+00 3.720115432535537004e-05 2.473999982664251363e+00
2.837435867508926179e+01 4.255412054527864529e-01 3.609254413891667124e+00 3.700287443201852951e-05 2.472781214461892585e+00
2.833641457841433819e+01 4.260916059318806126e-01 3.602244353421716561e+00 3.680565851468158359e-05 2.471562753813086211e+00
2.829851949572771375e+01 4.266427183060474970e-01 3.595247935561011854e+00 3.660950081941224206e-05 2.470344601113055205e+00
2.826067336371598770e+01 4.271945434960608967e-01 3.588265133683304242e+00 3.641439562367137671e-05 2.469126756757023866e+00
2.822287611914745398e+01 4.277470824238868152e-01 3.581295921214560529e+00 3.622033723613957607e-05 2.467909221140211606e+00
2.818512769887219349e+01 4.283003360126822479e-01 3.574340271632894250e+00 3.602731999654617352e-05 2.466691994657843612e+00
2.814742803982175801e+01 4.288543051867995670e-01 3.567398158468427116e+00 3.583533827549702179e-05 2.465475077705139739e+00
2.810977707900925182e+01 4.294089908717856896e-01 3.560469555303218403e+00 3.564438647430547257e-05 2.464258470677323842e+00
2.807217475352912572e+01 4.299643939943846860e-01 3.553554435771142828e+00 3.545445902482257695e-05 2.463042173969618887e+00
2.803462100055702066e+01 4.305205154825403335e-01 3.546652773557783078e+00 3.526555038926874267e-05 2.461826187977246061e+00
2.799711575734981750e+01 4.310773562653954505e-01 3.539764542400351210e+00 3.507764696487218804e-05 2.460610513095427887e+00
2.795965896124542738e+01 4.316349172732947825e-01 3.532889716087567855e+00 3.489065491850565717e-05 2.459395149719387774e+00
2.792225054966263187e+01 4.321931994377874453e-01 3.526028268459553860e+00 3.470466646617873842e-05 2.458180098244346912e+00
2.788489046010116468e+01 4.327522036916258696e-01 3.519180173407760570e+00 3.451967617933215054e-05 2.456965359053363773e+00
2.784757863014138124e+01 4.333119309687704646e-01 3.512345404874825494e+00 3.433567865903120337e-05 2.455750932431266964e+00
2.781031499744434399e+01 4.338723822043885625e-01 3.505523936854509248e+00 3.415266853580339114e-05 2.454536818916642105e+00
2.777309949975164471e+01 4.344335583348569729e-01 3.498715743391576982e+00 3.397064046947572823e-05 2.453323018883953655e+00
2.773593207488521983e+01 4.349954602977648133e-01 3.491920798581687801e+00 3.378958914901283715e-05 2.452109532707665185e+00
2.769881266074742499e+01 4.355580890319123433e-01 3.485139076571321493e+00 3.360950929235727265e-05 2.450896360762242931e+00
2.766174119532072595e+01 4.361214454773156279e-01 3.478370551557643964e+00 3.343039564626888363e-05 2.449683503422149577e+00
2.762471761666778747e+01 4.366855305752053162e-01 3.471615197788442408e+00 3.325224298616691944e-05 2.448470961061850470e+00
2.758774186293126007e+01 4.372503452680296943e-01 3.464872989562003180e+00 3.307504611597164145e-05 2.447258734055811402e+00
2.755081387233363799e+01 4.378158904994569056e-01 3.458143901227005657e+00 3.289879986794707988e-05 2.446046822778495056e+00
2.751393358317731952e+01 4.383821672143742298e-01 3.451427907182453847e+00 3.272349910254571505e-05 2.444835227604367223e+00
2.747710093384428021e+01 4.389491763588926898e-01 3.444724981877534731e+00 3.254913870825210836e-05 2.443623948907891474e+00
2.744031586279618296e+01 4.395169188803457194e-01 3.438035099811557860e+00 3.237571360142955538e-05 2.442412987063533159e+00
2.740357830857418264e+01 4.400853957272921058e-01 3.431358235533840784e+00 3.220321872616600047e-05 2.441202342445757179e+00
2.736688820979874137e+01 4.406546078495187091e-01 3.424694363643592698e+00 3.203164905412108965e-05 2.439992015429026662e+00
2.733024550516970663e+01 4.412245561980392417e-01 3.418043458789852718e+00 3.186099958437504644e-05 2.438782006387808288e+00
2.729365013346601287e+01 4.417952417250990971e-01 3.411405495671352206e+00 3.169126534327684964e-05 2.437572315696564296e+00
2.725710203354575611e+01 4.423666653841740737e-01 3.404780449036451273e+00 3.152244138429483706e-05 2.436362943729760477e+00
2.722060114434599853e+01 4.429388281299733165e-01 3.398168293683020202e+00 3.135452278786700429e-05 2.435153890861861736e+00
2.718414740488261927e+01 4.435117309184418155e-01 3.391569004458338643e+00 3.118750466125226573e-05 2.433945157467332088e+00
2.714774075425036770e+01 4.440853747067595170e-01 3.384982556259019670e+00 3.102138213838349099e-05 2.432736743920636435e+00
2.711138113162256502e+01 4.446597604533459869e-01 3.378408924030883220e+00 3.085615037971978908e-05 2.431528650596238794e+00
2.707506847625118240e+01 4.452348891178592449e-01 3.371848082768885480e+00 3.069180457210129992e-05 2.430320877769974519e+00
2.703880272746665625e+01 4.458107616611984847e-01 3.365300007517010972e+00 3.052833992860357916e-05 2.429113425898150602e+00
2.700258382467773544e+01 4.463873790455069046e-01 3.358764673368165532e+00 3.036575168839299613e-05 2.427906295379375301e+00
2.696641170737150617e+01 4.469647422341707643e-01 3.352242055464099924e+00 3.020394835951272807e-05 2.426699486568024255e+00
2.693028631511315041e+01 4.475428521918236591e-01 3.345732128995291266e+00 3.004300636533743958e-05 2.425492999818467776e+00
2.689420758754597784e+01 4.481217098843459645e-01 3.339234869200868872e+00 2.988292772148163636e-05 2.424286835485080616e+00
2.685817546439126247e+01 4.487013162788671128e-01 3.332750251368507666e+00 2.972370776065494694e-05 2.423080993922237081e+00
2.682218988544807914e+01 4.492816723437687010e-01 3.326278250834320716e+00 2.956534184102094641e-05 2.421875475484307927e+00
2.678625079059335334e+01 4.498627790486833256e-01 3.319818842982791729e+00 2.940782534605766022e-05 2.420670280525667906e+00
2.675035811978157696e+01 4.504446373644992452e-01 3.313372003246642716e+00 2.925115368441732604e-05 2.419465409400689548e+00
2.671451181304488642e+01 4.510272482633592706e-01 3.306937707106775814e+00 2.909532228978852731e-05 2.418260862463745831e+00
2.667871181049288154e+01 4.516106127186635399e-01 3.300515930092160932e+00 2.894032662075801500e-05 2.417056640069211504e+00
2.664295805231244074e+01 4.521947317050725723e-01 3.294106647779725172e+00 2.878616216067321728e-05 2.415852742571457323e+00
2.660725047876778504e+01 4.527796061985062126e-01 3.287709835794289326e+00 2.863282441750663292e-05 2.414649170324858041e+00
2.657158903020030394e+01 4.533652371761465183e-01 3.281325469808457296e+00 2.848030892371991972e-05 2.413445923683787075e+00
2.653597364702836714e+01 4.539516256164407570e-01 3.274953525542509070e+00 2.832861123612872510e-05 2.412243003002616515e+00
2.650040426974741337e+01 4.545387724991000744e-01 3.268593978764338104e+00 2.817772693576938331e-05 2.411040408635720667e+00
2.646488083892964838e+01 4.551266788051043788e-01 3.262246805289321649e+00 2.802765162776475909e-05 2.409838140937471174e+00
2.642940329522410892e+01 4.557153455167012868e-01 3.255911980980257248e+00 2.787838094119237471e-05 2.408636200262241900e+00
2.639397157935650640e+01 4.563047736174087321e-01 3.249589481747256592e+00 2.772991052895227966e-05 2.407434586964407597e+00
2.635858563212904926e+01 4.568949640920179633e-01 3.243279283547638503e+00 2.758223606763564193e-05 2.406233301398339020e+00
2.632324539442049272e+01 4.574859179265924891e-01 3.236981362385865424e+00 2.743535325739497580e-05 2.405032343868889200e+00
2.628795080718588650e+01 4.580776361084726855e-01 3.230695694313419963e+00 2.728925782181386818e-05 2.403831714710569667e+00
2.625270181145661041e+01 4.586701196262747970e-01 3.224422255428735173e+00 2.714394550777859212e-05 2.402631414361190210e+00
2.621749834834022508e+01 4.592633694698937674e-01 3.218161021877095074e+00 2.699941208534965595e-05 2.401431443155682022e+00
2.618234035902027657e+01 4.598573866305061819e-01 3.211911969850525406e+00 2.685565334763394198e-05 2.400231801428975853e+00
2.614722778475641007e+01 4.604521721005687684e-01 3.205675075587735900e+00 2.671266511065873914e-05 2.399032489516004230e+00
2.611216056688402176e+01 4.610477268738237822e-01 3.199450315373986609e+00 2.657044321324468126e-05 2.397833507751697013e+00
2.607713864681438309e+01 4.616440519452974511e-01 3.193237665541034165e+00 2.642898351688120613e-05 2.396634856470986286e+00
2.604216196603443123e+01 4.622411483113030295e-01 3.187037102467019878e+00 2.628828190560145888e-05 2.395436536008804573e+00
2.600723046610662692e+01 4.628390169694436285e-01 3.180848602576370698e+00 2.614833428585810004e-05 2.394238546700081738e+00
2.597234408866900779e+01 4.634376589186109396e-01 3.174672142339736602e+00 2.600907063996462615e-05 2.393040888879750305e+00
2.593750277543490412e+01 4.640370751589904530e-01 3.168507698273863138e+00 2.587053649997679696e-05 2.391843562882740581e+00
2.590270646819300282e+01 4.646372666920600136e-01 3.162355246941529252e+00 2.573274516109842432e-05 2.390646569043984204e+00
2.586795510880720173e+01 4.652382345205926528e-01 3.156214764951450924e+00 2.559569260987035365e-05 2.389449907698414144e+00
2.583324863921640357e+01 4.658399796486598632e-01 3.150086228958167478e+00 2.545937485470833064e-05 2.388253579180959374e+00
2.579858700143462613e+01 4.664425030816299889e-01 3.143969615661990513e+00 2.532378792578341382e-05 2.387057583826553309e+00
2.576397013755067888e+01 4.670458058261734990e-01 3.137864901808872009e+00 2.518892787490137396e-05 2.385861921970126254e+00
2.572939798972825898e+01 4.676498888902615447e-01 3.131772064190350591e+00 2.505479077538433984e-05 2.384666593946609403e+00
2.569487050020576646e+01 4.682547532831691228e-01 3.125691079643439174e+00 2.492137272195211543e-05 2.383471600090935727e+00
2.566038761129614798e+01 4.688604000154777962e-01 3.119621925050535705e+00 2.478866983060414072e-05 2.382276940738034643e+00
2.562594926538696072e+01 4.694668300990745835e-01 3.113564577339352546e+00 2.465667823850310603e-05 2.381082616222839121e+00
2.559155540494008463e+01 4.700740445471570661e-01 3.107519013482797465e+00 2.452539410385767862e-05 2.379888626880279467e+00
2.555720597249180059e+01 4.706820443742318338e-01 3.101485210498913236e+00 2.439481360580748572e-05 2.378694972921366446e+00
2.552290091065261279e+01 4.712908305961178157e-01 3.095463145450776388e+00 2.426493294430756236e-05 2.377501654824673238e+00
2.548864016210708883e+01 4.719004042299491108e-01 3.089452795446397282e+00 2.413574834001367664e-05 2.376308672906925601e+00
2.545442366961393077e+01 4.725107662941734898e-01 3.083454137638655279e+00 2.400725603416905090e-05 2.375116027484235559e+00
2.542025137600567675e+01 4.731219178085580013e-01 3.077467149225182386e+00 2.387945228849038502e-05 2.373923718872710253e+00
2.538612322418880041e+01 4.737338597941870844e-01 3.071491807448303746e+00 2.375233338505595995e-05 2.372731747388460821e+00
2.535203915714350131e+01 4.743465932734660662e-01 3.065528089594933281e+00 2.362589562619328047e-05 2.371540113347597956e+00
2.531799911792358060e+01 4.749601192701239372e-01 3.059575972996475990e+00 2.350013533436752776e-05 2.370348817066228797e+00
2.528400304965646583e+01 4.755744388092123520e-01 3.053635435028763556e+00 2.337504885207135024e-05 2.369157858860464927e+00
2.525005089554304405e+01 4.761895529171090158e-01 3.047706453111957092e+00 2.325063254171442738e-05 2.367967239046416150e+00
2.521614259885751608e+01 4.768054626215201819e-01 3.041789004710445887e+00 2.312688278551377561e-05 2.366776957940190940e+00
2.518227810294742852e+01 4.774221689514799305e-01 3.035883067332784346e+00 2.300379598538532803e-05 2.365587015857899988e+00
2.514845735123343573e+01 4.780396729373547204e-01 3.029988618531580524e+00 2.288136856283510428e-05 2.364397413115652213e+00
2.511468028720933532e+01 4.786579756108426675e-01 3.024105635903430400e+00 2.275959695885198633e-05 2.363208150029557419e+00
2.508094685444192606e+01 4.792770780049761536e-01 3.018234097088824619e+00 2.263847763380045020e-05 2.362019226915726744e+00
2.504725699657082316e+01 4.798969811541250463e-01 3.012373979772045463e+00 2.251800706731374495e-05 2.360830644090267327e+00
2.501361065730854705e+01 4.805176860939953110e-01 3.006525261681109562e+00 2.239818175818862007e-05 2.359642401869291639e+00
2.498000778044023562e+01 4.811391938616342290e-01 3.000687920587652435e+00 2.227895431796321775e-05 2.358454500568906820e+00
2.494644830982369754e+01 4.817615054954292320e-01 2.994861934306866758e+00 2.216033600027285342e-05 2.357266940505223562e+00
2.491293218938927367e+01 4.823846220351107328e-01 2.989047280697405551e+00 2.204235339956009726e-05 2.356079721994353005e+00
2.487945936313966655e+01 4.830085445217551787e-01 2.983243937661286260e+00 2.192500308280394110e-05 2.354892845352402286e+00
2.484602977514999722e+01 4.836332739977839412e-01 2.977451883143831246e+00 2.180828163568386861e-05 2.353706310815831149e+00
2.481264336956753169e+01 4.842588115069683674e-01 2.971671095133548768e+00 2.169218566247643263e-05 2.352520118754203082e+00
2.477930009061176619e+01 4.848851580944284478e-01 2.965901551662082802e+00 2.157671178595356036e-05 2.351334269517933784e+00
2.474599988257424243e+01 4.855123148066360361e-01 2.960143230804107350e+00 2.146185664728055367e-05 2.350148763404916519e+00
2.471274268981839128e+01 4.861402826914178466e-01 2.954396110677233622e+00 2.134761690591467211e-05 2.348963600713042332e+00
2.467952845677960383e+01 4.867690627979540663e-01 2.948660169441953194e+00 2.123398923950516276e-05 2.347778781740206266e+00
2.464635712796496847e+01 4.873986561767835735e-01 2.942935385301524320e+00 2.112097034379261572e-05 2.346594306784299810e+00
2.461322864795330290e+01 4.880290638798028824e-01 2.937221736501907987e+00 2.100855693250993243e-05 2.345410176143215786e+00
2.458014296139503330e+01 4.886602869602689192e-01 2.931519201331679536e+00 2.089674573728331767e-05 2.344226390114848790e+00
2.454710001301200606e+01 4.892923264728022414e-01 2.925827758121929190e+00 2.078553350753355620e-05 2.343042948997089869e+00
2.451409974759755883e+01 4.899251834733857613e-01 2.920147385246202987e+00 2.067491701037876996e-05 2.341859853087833176e+00
2.448114211001626828e+01 4.905588590193699083e-01 2.914478061120396202e+00 2.056489303053660273e-05 2.340677102684970201e+00
2.444822704520398204e+01 4.911933541694714078e-01 2.908819764202687619e+00 2.045545837022786842e-05 2.339494698086395097e+00
2.441535449816768377e+01 4.918286699837763898e-01 2.903172472993449826e+00 2.034660984908022988e-05 2.338312639590001130e+00
2.438252441398532255e+01 4.924648075237433864e-01 2.897536166035152849e+00 2.023834430403227412e-05 2.337130927493679788e+00
2.434973673780589820e+01 4.931017678522019998e-01 2.891910821912311302e+00 2.013065858923892919e-05 2.335949562095325227e+00
2.431699141484914861e+01 4.937395520333584531e-01 2.886296419251364043e+00 2.002354957597618319e-05 2.334768543692829379e+00
2.428428839040565634e+01 4.943781611327939807e-01 2.880692936720624431e+00 1.991701415254759552e-05 2.333587872584085510e+00
2.425162760983668164e+01 4.950175962174679922e-01 2.875100353030183520e+00 1.981104922419052013e-05 2.332407549066987329e+00
2.421900901857397415e+01 4.956578583557214035e-01 2.869518646931816797e+00 1.970565171298275243e-05 2.331227573439426326e+00
2.418643256211988302e+01 4.962989486172750819e-01 2.863947797218930447e+00 1.960081855775064981e-05 2.330047945999296655e+00
2.415389818604705496e+01 4.969408680732352313e-01 2.858387782726444559e+00 1.949654671397643921e-05 2.328868667009708293e+00
2.412140583599850885e+01 4.975836177960921147e-01 2.852838582330741612e+00 1.939283315370724238e-05 2.327689736728403513e+00
2.408895545768747937e+01 4.982271988597232748e-01 2.847300174949571883e+00 1.928967486546391818e-05 2.326511155542456688e+00
2.405654699689726428e+01 4.988716123393964197e-01 2.841772539541961518e+00 1.918706885415032501e-05 2.325332923732138291e+00
2.402418039948125639e+01 4.995168593117687572e-01 2.836255655108153029e+00 1.908501214096374203e-05 2.324155041577722791e+00
2.399185561136279432e+01 5.001629408548899924e-01 2.830749500689512477e+00 1.898348535987039873e-05 2.322977509359484660e+00
2.395957257853499911e+01 5.008098580482056583e-01 2.825254055368436212e+00 1.888245377060664400e-05 2.321800327357694815e+00
2.392733124706085235e+01 5.014576119725555614e-01 2.819769298268300695e+00 1.878196338977732805e-05 2.320623495852628615e+00
2.389513156307291197e+01 5.021062037101792219e-01 2.814295208553346139e+00 1.868201129631121211e-05 2.319447015124556977e+00
2.386297347277338332e+01 5.027556343447148191e-01 2.808831765428624561e+00 1.858259458503906084e-05 2.318270885453754815e+00
2.383085692243397702e+01 5.034059049612018555e-01 2.803378948139909621e+00 1.848371036660612690e-05 2.317095107120495268e+00
2.379878185839572424e+01 5.040570166460848212e-01 2.797936735973602929e+00 1.838535576738490991e-05 2.315919680405050141e+00
2.376674822706907264e+01 5.047089704872114169e-01 2.792505108256680746e+00 1.828752792938930462e-05 2.314744605587694792e+00
2.373475597493359501e+01 5.053617675738383275e-01 2.787084044356584300e+00 1.819022401018801716e-05 2.313569882948700140e+00
2.370280504853807102e+01 5.060154089966296675e-01 2.781673523681166493e+00 1.809344118281960089e-05 2.312395512768340655e+00
2.367089539450032021e+01 5.066698958476603121e-01 2.776273525678600862e+00 1.799717663570726857e-05 2.311221495326889919e+00
2.363902695950705635e+01 5.073252292204190050e-01 2.770884029837289209e+00 1.790142757257412136e-05 2.310047830904620181e+00
2.360719969031394783e+01 5.079814102098068052e-01 2.765505015685812307e+00 1.780619121235958727e-05 2.308874519781805468e+00
2.357541353374535831e+01 5.086384399121428590e-01 2.760136462792818435e+00 1.771146478913528707e-05 2.307701562238718029e+00
2.354366843669438580e+01 5.092963194251631798e-01 2.754778350766966977e+00 1.761724555202229955e-05 2.306528958555631448e+00
2.351196434612275610e+01 5.099550498480233118e-01 2.749430659256847154e+00 1.752353076510843686e-05 2.305356709012820193e+00
2.348030120906062379e+01 5.106146322813018834e-01 2.744093367950878548e+00 1.743031770736570962e-05 2.304184813890555183e+00
2.344867897260665757e+01 5.112750678269992743e-01 2.738766456577267139e+00 1.733760367256908630e-05 2.303013273365406732e+00
2.341709758392778085e+01 5.119363575885429452e-01 2.733449904903891170e+00 1.724538596921466982e-05 2.301842087829843564e+00
2.338555699025921797e+01 5.125985026707862158e-01 2.728143692738249637e+00 1.715366192043928030e-05 2.300671257558444704e+00
2.335405713890436274e+01 5.132615041800114852e-01 2.722847799927377910e+00 1.706242886393988183e-05 2.299500782814441813e+00
2.332259797723459727e+01 5.139253632239334513e-01 2.717562206357751808e+00 1.697168415189342268e-05 2.298330663861066103e+00
2.329117945268939494e+01 5.145900809116975561e-01 2.712286891955242307e+00 1.688142515087779700e-05 2.297160900961551011e+00
2.325980151277602204e+01 5.152556583538856483e-01 2.707021836685001848e+00 1.679164924179223043e-05 2.295991494379126419e+00
2.322846410506962300e+01 5.159220966625147620e-01 2.701767020551420817e+00 1.670235381977913292e-05 2.294822444377025317e+00
2.319716717721306054e+01 5.165893969510402250e-01 2.696522423598029850e+00 1.661353629414567696e-05 2.293653751218480696e+00
2.316591067691676997e+01 5.172575603343587680e-01 2.691288025907420334e+00 1.652519408828589430e-05 2.292485415166722440e+00
2.313469455195879121e+01 5.179265879288076357e-01 2.686063807601184017e+00 1.643732463960366372e-05 2.291317436484984871e+00
2.310351875018458045e+01 5.185964808521692504e-01 2.680849748839819746e+00 1.634992539943554631e-05 2.290149815436496983e+00
2.307238321950698534e+01 5.192672402236709894e-01 2.675645829822666855e+00 1.626299383297449494e-05 2.288982552284492655e+00
2.304128790790616321e+01 5.199388671639874060e-01 2.670452030787831887e+00 1.617652741919377031e-05 2.287815647292204435e+00
2.301023276342939994e+01 5.206113627952441147e-01 2.665268332012091790e+00 1.609052365077111801e-05 2.286649100722862205e+00
2.297921773419116320e+01 5.212847282410163485e-01 2.660094713810845501e+00 1.600494191296340199e-05 2.285482912839699843e+00
2.294824276837286803e+01 5.219589646263342875e-01 2.654931156538011372e+00 1.591979963973976013e-05 2.284317083905947676e+00
2.291730781422293006e+01 5.226340730776819488e-01 2.649777640585976091e+00 1.583511322600106443e-05 2.283151614184838696e+00
2.288641282005661282e+01 5.233100547230001842e-01 2.644634146385505424e+00 1.575088021277425338e-05 2.281986503939604560e+00
2.285555773425588200e+01 5.239869106916903441e-01 2.639500654405658953e+00 1.566709815446345341e-05 2.280821753433476928e+00
2.282474250526943393e+01 5.246646421146131667e-01 2.634377145153737665e+00 1.558376461877681557e-05 2.279657362929687903e+00
2.279396708161257479e+01 5.253432501240917762e-01 2.629263599175196919e+00 1.550087718665339289e-05 2.278493332628221069e+00
2.276323141186702870e+01 5.260227358539155684e-01 2.624159997053558957e+00 1.541843345219014307e-05 2.277329662821600209e+00
2.273253544468105147e+01 5.267031004393383231e-01 2.619066319410366717e+00 1.533643102257023900e-05 2.276166353815693100e+00
2.270187912876911440e+01 5.273843450170843106e-01 2.613982546905075921e+00 1.525486751799059154e-05 2.275003405857236150e+00
2.267126241291202504e+01 5.280664707253464041e-01 2.608908660235008448e+00 1.517374057159094268e-05 2.273840819192969320e+00
2.264068524595674603e+01 5.287494787037896327e-01 2.603844640135267063e+00 1.509304782938253863e-05 2.272678594069632574e+00
2.261014757681625653e+01 5.294333700935545117e-01 2.598790467378649272e+00 1.501278695017734663e-05 2.271516730733962763e+00
2.257964935446959842e+01 5.301181460372558218e-01 2.593746122775595353e+00 1.493295560551809681e-05 2.270355229432700295e+00
2.254919052796164891e+01 5.308038076789879378e-01 2.588711587174093331e+00 1.485355147960804963e-05 2.269194090412582021e+00
2.251877104640316674e+01 5.314903561643236074e-01 2.583686841459621686e+00 1.477457226924183559e-05 2.268033313920348348e+00
2.248839085897063939e+01 5.321777926403172820e-01 2.578671866555069414e+00 1.469601568373615784e-05 2.266872900202738350e+00
2.245804991490614455e+01 5.328661182555085585e-01 2.573666643420649880e+00 1.461787944486093341e-05 2.265712849506489324e+00
2.242774816351742118e+01 5.335553341599204025e-01 2.568671153053855516e+00 1.454016128677134430e-05 2.264553162078342119e+00
2.239748555417758880e+01 5.342454415050655880e-01 2.563685376489350354e+00 1.446285895593938191e-05 2.263393838165033145e+00
2.236726203632524346e+01 5.349364414439442550e-01 2.558709294798926948e+00 1.438597021108668412e-05 2.262234878013302364e+00
2.233707755946427298e+01 5.356283351310484608e-01 2.553742889091418000e+00 1.430949282311710132e-05 2.261076281869889293e+00
2.230693207316375393e+01 5.363211237223644012e-01 2.548786140512619536e+00 1.423342457504976558e-05 2.259918049981531230e+00
2.227682552705796937e+01 5.370148083753718549e-01 2.543839030245232724e+00 1.415776326195293052e-05 2.258760182594969024e+00
2.224675787084618861e+01 5.377093902490496236e-01 2.538901539508774174e+00 1.408250669087745898e-05 2.257602679956939085e+00
2.221672905429272760e+01 5.384048705038737559e-01 2.533973649559520425e+00 1.400765268079149980e-05 2.256445542314181374e+00
2.218673902722677482e+01 5.391012503018217661e-01 2.529055341690427117e+00 1.393319906251485971e-05 2.255288769913435853e+00
2.215678773954227054e+01 5.397985308063751875e-01 2.524146597231046396e+00 1.385914367865391054e-05 2.254132362979350379e+00
2.212687514119797427e+01 5.404967131825185733e-01 2.519247397547480727e+00 1.378548438353731469e-05 2.252976321701794848e+00
2.209700118221718768e+01 5.411957985967452700e-01 2.514357724042281195e+00 1.371221904315125247e-05 2.251820646420672034e+00
2.206716581268783983e+01 5.418957882170558626e-01 2.509477558154400434e+00 1.363934553507589808e-05 2.250665337366778207e+00
2.203736898276233092e+01 5.425966832129616169e-01 2.504606881359110471e+00 1.356686174842165831e-05 2.249510394770908306e+00
2.200761064265739009e+01 5.432984847554880314e-01 2.499745675167922343e+00 1.349476558376580602e-05 2.248355818863856825e+00
2.197789074265413589e+01 5.440011940171731730e-01 2.494893921128535919e+00 1.342301804996234441e-05 2.247201609876419592e+00
2.194820923309782401e+01 5.447048121720737823e-01 2.490051600824745304e+00 1.335164178021720268e-05 2.246047768039390213e+00
2.191856606439792543e+01 5.454093403957633868e-01 2.485218695876388217e+00 1.328064747307301858e-05 2.244894293583564959e+00
2.188896118702795235e+01 5.461147798653364083e-01 2.480395187939265167e+00 1.321003306936146892e-05 2.243741186739738769e+00
2.185939455152534805e+01 5.468211317594108278e-01 2.475581058705061288e+00 1.313979652110910414e-05 2.242588447738705693e+00
2.182986610849151532e+01 5.475283972581272973e-01 2.470776289901295275e+00 1.306993579147617220e-05 2.241436076811262001e+00
2.180037580859159618e+01 5.482365775431549126e-01 2.465980863291225678e+00 1.300044885469519176e-05 2.240284074188201302e+00
2.177092360255451808e+01 5.489456737976894374e-01 2.461194760673802051e+00 1.293133369601049941e-05 2.239132440100319421e+00
2.174150944117285178e+01 5.496556872064572996e-01 2.456417963883584576e+00 1.286258831161767162e-05 2.237981174778412186e+00
2.171213327530267279e+01 5.503666189557184785e-01 2.451650454790665012e+00 1.279421070860329215e-05 2.236830278453272758e+00
2.168279505586359690e+01 5.510784702332659490e-01 2.446892215300615181e+00 1.272619890488551414e-05 2.235679751355696965e+00
2.165349473383864520e+01 5.517912422284290130e-01 2.442143227354409696e+00 1.265855092915445095e-05 2.234529593716480633e+00
2.162423226027408774e+01 5.525049361320765184e-01 2.437403472928344250e+00 1.259126482081295672e-05 2.233379805766417370e+00
2.159500758627951456e+01 5.532195531366159713e-01 2.432672934033988099e+00 1.252433862991817264e-05 2.232230387736303889e+00
2.156582066302758705e+01 5.539350944359988649e-01 2.427951592718093021e+00 1.245777041712272758e-05 2.231081339856933354e+00
2.153667144175410186e+01 5.546515612257195693e-01 2.423239431062540916e+00 1.239155825361694507e-05 2.229932662359101148e+00
2.150755987375784173e+01 5.553689547028187734e-01 2.418536431184270086e+00 1.232570022107087914e-05 2.228784355387561700e+00
2.147848591040044752e+01 5.560872760658868152e-01 2.413842575235193522e+00 1.226019441157673298e-05 2.227636419258132605e+00
2.144944950310646092e+01 5.568065265150623500e-01 2.409157845402154052e+00 1.219503892759200783e-05 2.226488854206453372e+00
2.142045060336308993e+01 5.575267072520383449e-01 2.404482223906828420e+00 1.213023188188227910e-05 2.225341660447900605e+00
2.139148916272027279e+01 5.582478194800606364e-01 2.399815693005683759e+00 1.206577139746501946e-05 2.224194838197852686e+00
2.136256513279053237e+01 5.589698644039310382e-01 2.395158234989895885e+00 1.200165560755322540e-05 2.223048387671689330e+00
2.133367846524883760e+01 5.596928432300114498e-01 2.390509832185276462e+00 1.193788265549940804e-05 2.221902309084786253e+00
2.130482911183264605e+01 5.604167571662221903e-01 2.385870466952218827e+00 1.187445069474024460e-05 2.220756602652524059e+00
2.127601702434170505e+01 5.611416074220475503e-01 2.381240121685617162e+00 1.181135788874105708e-05 2.219611268590278907e+00
2.124724215463805876e+01 5.618673952085349033e-01 2.376618778814806543e+00 1.174860241094102111e-05 2.218466307113429625e+00
2.121850445464594515e+01 5.625941217382981474e-01 2.372006420803497662e+00 1.168618244469843062e-05 2.217321718437355482e+00
2.118980387635163964e+01 5.633217882255208142e-01 2.367403030149690224e+00 1.162409618323617612e-05 2.216177502777433084e+00
2.116114037180352980e+01 5.640503958859549583e-01 2.362808589385637870e+00 1.156234182958801052e-05 2.215033660349042144e+00
2.113251389311184525e+01 5.647799459369272634e-01 2.358223081077743366e+00 1.150091759654435267e-05 2.213890191367559268e+00
2.110392439244875717e+01 5.655104395973371556e-01 2.353646487826525302e+00 1.143982170659921726e-05 2.212747096048363282e+00
2.107537182204820070e+01 5.662418780876607993e-01 2.349078792266531490e+00 1.137905239189682982e-05 2.211604374606833456e+00
2.104685613420575763e+01 5.669742626299545396e-01 2.344519977066269245e+00 1.131860789417864643e-05 2.210462027258345508e+00
2.101837728127872396e+01 5.677075944478529035e-01 2.339970024928160974e+00 1.125848646473109859e-05 2.209320054218280482e+00
2.098993521568583986e+01 5.684418747665755944e-01 2.335428918588444258e+00 1.119867113211737074e-05 2.208178455702014098e+00
2.096152988990737853e+01 5.691771048129251609e-01 2.330896640817138543e+00 1.113914794213067797e-05 2.207037231924925624e+00
2.093316125648498982e+01 5.699132858152911041e-01 2.326373174417959433e+00 1.107994312667524911e-05 2.205896383102393887e+00
2.090482926802157948e+01 5.706504190036532087e-01 2.321858502228250298e+00 1.102105497036540086e-05 2.204755909400786695e+00
2.087653387718134113e+01 5.713885056095800996e-01 2.317352607118931651e+00 1.096248176713552114e-05 2.203615811044329131e+00
2.084827503668955018e+01 5.721275468662353481e-01 2.312855471994417211e+00 1.090422182018866440e-05 2.202476088297680157e+00
2.082005269933259939e+01 5.728675440083759174e-01 2.308367079792563725e+00 1.084627344194598369e-05 2.201336741361310523e+00
2.079186681795787095e+01 5.736084982723560488e-01 2.303887413484597246e+00 1.078863495399605440e-05 2.200197770435690092e+00
2.076371734547359083e+01 5.743504108961304810e-01 2.299416456075040749e+00 1.073130468704449953e-05 2.199059175721286952e+00
2.073560423484891757e+01 5.750932831192528960e-01 2.294954190601670607e+00 1.067428098086429765e-05 2.197920957418572296e+00
2.070752743911364391e+01 5.758371161828828022e-01 2.290500600135418896e+00 1.061756218424566733e-05 2.196783115728012881e+00
2.067948691135833528e+01 5.765819113297828702e-01 2.286055667780340972e+00 1.056114665494703411e-05 2.195645650850079900e+00
2.065148260473412378e+01 5.773276698043237065e-01 2.281619376673532873e+00 1.050503275964562814e-05 2.194508562985243216e+00
2.062351447245261227e+01 5.780743928524865183e-01 2.277191709985059820e+00 1.044921887388854943e-05 2.193371852333970473e+00
2.059558246778589563e+01 5.788220817218630021e-01 2.272772650917910475e+00 1.039370338204433613e-05 2.192235519096731977e+00
2.056768654406643648e+01 5.795707376616580087e-01 2.268362182707923225e+00 1.033848467725454483e-05 2.191099563473998035e+00
2.053982665468690882e+01 5.803203619226940946e-01 2.263960288623707573e+00 1.028356116138548314e-05 2.189963985666236290e+00
2.051200275310027976e+01 5.810709557574093020e-01 2.259566951966609061e+00 1.022893124498072170e-05 2.188828785873917937e+00
2.048421479281956792e+01 5.818225204198637091e-01 2.255182156070616450e+00 1.017459334721322325e-05 2.187693964297510174e+00
2.045646272741788252e+01 5.825750571657379862e-01 2.250805884302314652e+00 1.012054589583826453e-05 2.186559521137484197e+00
2.042874651052832391e+01 5.833285672523368381e-01 2.246438120060819443e+00 1.006678732714637343e-05 2.185425456594309424e+00
2.040106609584381658e+01 5.840830519385927788e-01 2.242078846777699308e+00 1.001331608591639661e-05 2.184291770868453497e+00
2.037342143711718379e+01 5.848385124850643546e-01 2.237728047916934582e+00 9.960130625369278587e-06 2.183158464160388057e+00
2.034581248816090593e+01 5.855949501539430280e-01 2.233385706974827745e+00 9.907229407121480023e-06 2.182025536670580745e+00
2.031823920284719520e+01 5.863523662090507349e-01 2.229051807479964786e+00 9.854610901139288748e-06 2.180892988588220671e+00
2.029070153510783214e+01 5.871107619158445479e-01 2.224726332993137046e+00 9.802273585692913973e-06 2.179760820043447733e+00
2.026319943893406261e+01 5.878701385414194514e-01 2.220409267107275042e+00 9.750215947310946412e-06 2.178629031332318888e+00
2.023573286837663687e+01 5.886304973545074537e-01 2.216100593447402733e+00 9.698436480735335088e-06 2.177497622640899966e+00
2.020830177754557155e+01 5.893918396254836933e-01 2.211800295670546923e+00 9.646933688876103261e-06 2.176366594155252798e+00
2.018090612061023847e+01 5.901541666263645514e-01 2.207508357465705728e+00 9.595706082766926629e-06 2.175235946061442327e+00
2.015354585179919766e+01 5.909174796308119815e-01 2.203224762553766869e+00 9.544752181520467591e-06 2.174105678545533049e+00
2.012622092540008367e+01 5.916817799141366185e-01 2.198949494687440165e+00 9.494070512284070337e-06 2.172975791793587685e+00
2.009893129575964110e+01 5.924470687532968904e-01 2.194682537651213572e+00 9.443659610195955694e-06 2.171846285991671177e+00
2.007167691728353276e+01 5.932133474269044582e-01 2.190423875261272801e+00 9.393518018341271976e-06 2.170717161325846689e+00
2.004445774443635386e+01 5.939806172152236607e-01 2.186173491365449806e+00 9.343644287708742141e-06 2.169588417982178274e+00
2.001727373174153968e+01 5.947488794001742907e-01 2.181931369843162383e+00 9.294036977147349918e-06 2.168460056146730430e+00
1.999012483378119853e+01 5.955181352653360349e-01 2.177697494605337791e+00 9.244681195038220934e-06 2.167332076005566321e+00
1.996301100519617933e+01 5.962883860959466986e-01 2.173471849594367011e+00 9.195565740508186223e-06 2.166204477744750445e+00
1.993593220068586547e+01 5.970596331789084221e-01 2.169254418784030580e+00 9.146712855364981168e-06 2.165077261550346410e+00
1.990888837500819264e+01 5.978318778027864600e-01 2.165045186179446635e+00 9.098121125747884831e-06 2.163950427608417382e+00
1.988187948297955643e+01 5.986051212578122893e-01 2.160844135817007405e+00 9.049789145472666470e-06 2.162823976105029189e+00
1.985490547947464890e+01 5.993793648358882731e-01 2.156651251764306387e+00 9.001715515989386354e-06 2.161697907226244109e+00
1.982796631942652965e+01 6.001546098305852173e-01 2.152466518120096151e+00 8.953898846340772568e-06 2.160572221158127082e+00
1.980106195782640199e+01 6.009308575371495875e-01 2.148289919014206628e+00 8.906337753120397910e-06 2.159446918086740830e+00
1.977419234972366624e+01 6.017081092525010666e-01 2.144121438607502483e+00 8.859030860431507318e-06 2.158321998198149849e+00
1.974735745022578115e+01 6.024863662752371063e-01 2.139961061091815164e+00 8.811976799845770749e-06 2.157197461678418637e+00
1.972055721449814669e+01 6.032656299056362581e-01 2.135808770689871405e+00 8.765174210362286787e-06 2.156073308643025044e+00
1.969379159776413957e+01 6.040459014456568410e-01 2.131664551655251483e+00 8.718621738367092776e-06 2.154949539339602982e+00
1.966706055530491426e+01 6.048271821989432695e-01 2.127528388272309279e+00 8.672318037592476739e-06 2.153826153967836277e+00
1.964036404245944212e+01 6.056094734708243887e-01 2.123400264856131869e+00 8.626261769076931361e-06 2.152703152699858791e+00
1.961370201462438700e+01 6.063927765683173599e-01 2.119280165752466250e+00 8.580451601125058835e-06 2.151580535707802166e+00
1.958707442725396675e+01 6.071770928001316570e-01 2.115168075337653164e+00 8.534886209267650197e-06 2.150458303163797602e+00
1.956048123586000287e+01 6.079624234766677349e-01 2.111063978018586251e+00 8.489564276222333873e-06 2.149336455239978072e+00
1.953392239601178204e+01 6.087487699100208038e-01 2.106967858232637880e+00 8.444484491854097164e-06 2.148214992108476551e+00
1.950739786333592818e+01 6.095361334139850484e-01 2.102879700447597422e+00 8.399645553136063540e-06 2.147093913941422905e+00
1.948090759351645929e+01 6.103245153040514070e-01 2.098799489161626397e+00 8.355046164110779849e-06 2.145973220910951440e+00
1.945445154229456008e+01 6.111139168974150104e-01 2.094727208903176763e+00 8.310685035851266347e-06 2.144852913189192911e+00
1.942802966546864951e+01 6.119043395129724061e-01 2.090662844230954054e+00 8.266560886422737593e-06 2.143732990948279848e+00
1.940164191889423151e+01 6.126957844713264434e-01 2.086606379733845440e+00 8.222672440844211520e-06 2.142613454360344782e+00
1.937528825848379554e+01 6.134882530947894930e-01 2.082557800030857553e+00 8.179018431050398043e-06 2.141494303597518911e+00
1.934896864020683793e+01 6.142817467073822257e-01 2.078517089771069859e+00 8.135597595853975589e-06 2.140375538831935653e+00
1.932268302008966288e+01 6.150762666348397190e-01 2.074484233633556940e+00 8.092408680907769395e-06 2.139257160235725319e+00
1.929643135421543576e+01 6.158718142046104571e-01 2.070459216327352081e+00 8.049450438667478657e-06 2.138139167981021327e+00
1.927021359872404815e+01 6.166683907458596625e-01 2.066442022591374883e+00 8.006721628354379985e-06 2.137021562239956207e+00
1.924402970981199701e+01 6.174659975894732922e-01 2.062432637194366425e+00 7.964221015918183309e-06 2.135904343184660714e+00
1.921787964373242374e+01 6.182646360680567055e-01 2.058431044934849741e+00 7.921947374000431588e-06 2.134787510987268710e+00
1.919176335679492595e+01 6.190643075159408815e-01 2.054437230641050327e+00 7.879899481897649792e-06 2.133671065819910062e+00
1.916568080536556451e+01 6.198650132691813086e-01 2.050451179170853511e+00 7.838076125525096977e-06 2.132555007817966253e+00
1.913963194586679251e+01 6.206667546655609824e-01 2.046472875411744496e+00 7.796476097380518355e-06 2.131439337145198731e+00
1.911361673477728829e+01 6.214695330445954013e-01 2.042502304280736425e+00 7.755098196508004093e-06 2.130324054028213787e+00
1.908763512863201228e+01 6.222733497475301245e-01 2.038539450724330404e+00 7.713941228462364800e-06 2.129209158625686715e+00
1.906168708402200807e+01 6.230782061173478770e-01 2.034584299718442235e+00 7.673004005273313896e-06 2.128094651096289702e+00
1.903577255759444853e+01 6.238841034987664402e-01 2.030636836268358891e+00 7.632285345410239505e-06 2.126980531598696711e+00
1.900989150605250089e+01 6.246910432382433154e-01 2.026697045408672793e+00 7.591784073746862012e-06 2.125866800291582592e+00
1.898404388615520944e+01 6.254990266839787205e-01 2.022764912203217413e+00 7.551479510291076132e-06 2.124753457333619533e+00
1.895822965471754884e+01 6.263080551859148137e-01 2.018840421745029978e+00 7.511378212690650274e-06 2.123640502883482828e+00
1.893244876861019677e+01 6.271181300957419102e-01 2.014923559156267086e+00 7.471491179712841579e-06 2.122527937099844220e+00
1.890670118475960848e+01 6.279292527668968171e-01 2.011014309588174509e+00 7.431817258321467921e-06 2.121415760141378559e+00
1.888098686014787120e+01 6.287414245545669411e-01 2.007112658221015256e+00 7.392355301736253005e-06 2.120303972166760254e+00
1.885530575181259394e+01 6.295546468156942854e-01 2.003218590264008725e+00 7.353104169398490185e-06 2.119192573334661489e+00
1.882965781684693951e+01 6.303689209089736734e-01 1.999332090955286523e+00 7.314062726937150143e-06 2.118081563803757117e+00
1.880404301239943976e+01 6.311842481948594097e-01 1.995453145561823849e+00 7.275229846134820840e-06 2.116970943732719768e+00
1.877846129567402755e+01 6.320006300355638373e-01 1.991581739379393978e+00 7.236604404894179413e-06 2.115860713280223404e+00
1.875291262392991243e+01 6.328180677950612232e-01 1.987717857732505866e+00 7.198185287204398004e-06 2.114750872604942877e+00
1.872739695448146335e+01 6.336365628390917548e-01 1.983861485974338867e+00 7.159971383107766424e-06 2.113641421865550374e+00
1.870191424469826202e+01 6.344561165351595422e-01 1.980012609486708985e+00 7.121961588666734949e-06 2.112532361220720745e+00
1.867646445200488614e+01 6.352767302525399451e-01 1.976171213679984717e+00 7.084154805930747050e-06 2.111423690829126176e+00
1.865104753388095915e+01 6.360984053622777967e-01 1.972337283993056856e+00 7.046549942903649800e-06 2.110315410849441520e+00
1.862566344786103656e+01 6.369211432371908455e-01 1.968510805893267879e+00 7.009145913511044144e-06 2.109207521438142052e+00
1.860031215153446382e+01 6.377449452518746398e-01 1.964691764876352664e+00 6.971941637567763917e-06 2.108100022672775520e+00
1.857499360254543674e+01 6.385698127827005299e-01 1.960880146466397189e+00 6.934936040745851216e-06 2.106992914809045825e+00
1.854970775859285581e+01 6.393957472078202198e-01 1.957075936215774581e+00 6.898128054542379321e-06 2.105886197992619113e+00
1.852445457743021251e+01 6.402227499071698746e-01 1.953279119705081612e+00 6.861516616247532251e-06 2.104779872369160643e+00
1.849923401686563551e+01 6.410508222624679009e-01 1.949489682543101843e+00 6.825100668913060414e-06 2.103673938084338335e+00
1.847404603476169171e+01 6.418799656572222734e-01 1.945707610366729901e+00 6.788879161320590563e-06 2.102568395283817004e+00
1.844889058903543244e+01 6.427101814767285370e-01 1.941932888840935068e+00 6.752851047950426184e-06 2.101463244113263240e+00
1.842376763765825842e+01 6.435414711080742478e-01 1.938165503658695332e+00 6.717015288950293673e-06 2.100358484718344076e+00
1.839867713865582033e+01 6.443738359401425253e-01 1.934405440540938548e+00 6.681370850104293498e-06 2.099254117244724771e+00
1.837361905010805430e+01 6.452072773636107206e-01 1.930652685236503352e+00 6.645916702802207961e-06 2.098150141838072802e+00
1.834859333014897231e+01 6.460417967709571885e-01 1.926907223522062340e+00 6.610651824008664959e-06 2.097046558644052983e+00
1.832359993696672262e+01 6.468773955564596223e-01 1.923169041202090312e+00 6.575575196232806589e-06 2.095943367808332347e+00
1.829863882880346182e+01 6.477140751161990506e-01 1.919438124108795884e+00 6.540685807497897596e-06 2.094840569476578374e+00
1.827370996395523406e+01 6.485518368480639451e-01 1.915714458102063977e+00 6.505982651311099859e-06 2.093738163794454987e+00
1.824881330077203501e+01 6.493906821517484440e-01 1.911998029069420069e+00 6.471464726633655976e-06 2.092636150907630554e+00
1.822394879765757381e+01 6.502306124287595690e-01 1.908288822925948036e+00 6.437131037850845860e-06 2.091534530961769445e+00
1.819911641306935124e+01 6.510716290824152264e-01 1.904586825614262624e+00 6.402980594742523537e-06 2.090433304102539136e+00
1.817431610551853893e+01 6.519137335178483150e-01 1.900892023104444828e+00 6.369012412453555704e-06 2.089332470475606662e+00
1.814954783356983725e+01 6.527569271420109454e-01 1.897204401393977058e+00 6.335225511464387328e-06 2.088232030226636393e+00
1.812481155584154280e+01 6.536012113636727738e-01 1.893523946507711830e+00 6.301618917562059570e-06 2.087131983501296251e+00
1.810010723100533880e+01 6.544465875934278865e-01 1.889850644497794052e+00 6.268191661811009170e-06 2.086032330445251048e+00
1.807543481778634842e+01 6.552930572436928003e-01 1.886184481443629268e+00 6.234942780524384523e-06 2.084933071147004657e+00
1.805079427496300326e+01 6.561406217287113485e-01 1.882525443451817715e+00 6.201871315235274511e-06 2.083834205793762884e+00
1.802618556136694039e+01 6.569892824645580109e-01 1.878873516656096809e+00 6.168976312668120296e-06 2.082735734552071172e+00
1.800160863588303783e+01 6.578390408691365820e-01 1.875228687217304957e+00 6.136256824710507426e-06 2.081637657555031495e+00
1.797706345744922274e+01 6.586898983621869430e-01 1.871590941323307611e+00 6.103686936078808521e-06 2.080539974935742720e+00
1.795254998505650335e+01 6.595418563652839516e-01 1.867960265188961300e+00 6.071289230732353902e-06 2.079442686827305931e+00
1.792806817774886952e+01 6.603949163018407731e-01 1.864336645056053676e+00 6.039064533662677397e-06 2.078345793362822214e+00
1.790361799462316483e+01 6.612490795971134316e-01 1.860720067193244009e+00 6.007011914442168201e-06 2.077249294675390434e+00
1.787919939482913279e+01 6.621043476781993675e-01 1.857110517896027213e+00 5.975130447687751568e-06 2.076153190898112566e+00
1.785481233756922492e+01 6.629607219740437651e-01 1.853507983486661237e+00 5.943419213033146784e-06 2.075057482164087475e+00
1.783045678209862928e+01 6.638182039154385539e-01 1.849912450314130652e+00 5.911877295101523255e-06 2.073962168606416245e+00
1.780613268772517799e+01 6.646767949350260718e-01 1.846323904754089140e+00 5.880503783478187924e-06 2.072867250358200408e+00
1.778184001380921586e+01 6.655364964673036177e-01 1.842742333208798655e+00 5.849297772683353166e-06 2.071772727552537940e+00
1.775757871976364655e+01 6.663973099486214524e-01 1.839167722107094338e+00 5.818258362145282451e-06 2.070678600322531260e+00
1.773334876505373003e+01 6.672592368171900157e-01 1.835600057904311910e+00 5.787384656173283553e-06 2.069584868801279232e+00
1.770915010919715016e+01 6.681222785130779274e-01 1.832039327082254587e+00 5.756675763931165916e-06 2.068491533121882942e+00
1.768498271176386893e+01 6.689864364782168726e-01 1.828485516149132462e+00 5.726130799410612486e-06 2.067398593417443919e+00
1.766084653237603774e+01 6.698517121564049326e-01 1.824938611639504327e+00 5.695748881404726870e-06 2.066306049821060142e+00
1.763674153070800443e+01 6.707181069933059181e-01 1.821398600114239708e+00 5.665529133481889665e-06 2.065213902465833584e+00
1.761266766648621740e+01 6.715856224364535887e-01 1.817865468160460907e+00 5.635470683959590219e-06 2.064122151484864887e+00
1.758862489948908348e+01 6.724542599352557604e-01 1.814339202391481942e+00 5.605572665878378679e-06 2.063030797011252915e+00
1.756461318954704254e+01 6.733240209409925292e-01 1.810819789446775907e+00 5.575834216976221216e-06 2.061939839151905485e+00
1.754063249654236145e+01 6.741949069068232658e-01 1.807307215991907245e+00 5.546254479662622325e-06 2.060849278017265807e+00
1.751668278040916604e+01 6.750669192877853941e-01 1.803801468718490675e+00 5.516832600993228237e-06 2.059759113798709240e+00
1.749276400113334518e+01 6.759400595407980550e-01 1.800302534344138117e+00 5.487567732644384584e-06 2.058669346617196805e+00
1.746887611875242641e+01 6.768143291246666582e-01 1.796810399612398967e+00 5.458459030887807582e-06 2.057579976593688631e+00
1.744501909335561152e+01 6.776897295000813282e-01 1.793325051292724792e+00 5.429505656565584694e-06 2.056491003849147958e+00
1.742119288508361308e+01 6.785662621296233432e-01 1.789846476180402046e+00 5.400706775065077044e-06 2.055402428504533585e+00
1.739739745412866156e+01 6.794439284777644694e-01 1.786374661096514771e+00 5.372061556294172507e-06 2.054314250680808307e+00
1.737363276073442009e+01 6.803227300108700693e-01 1.782909592887890415e+00 5.343569174656547260e-06 2.053226470498933587e+00
1.734989876519585295e+01 6.812026681972043196e-01 1.779451258427038995e+00 5.315228809027022208e-06 2.052139088079870000e+00
1.732619542785927891e+01 6.820837445069279914e-01 1.775999644612120898e+00 5.287039642727277701e-06 2.051052103544579008e+00
1.730252270912217227e+01 6.829659604121057770e-01 1.772554738366877602e+00 5.259000863501381058e-06 2.049965517014021632e+00
1.727888056943321615e+01 6.838493173867044028e-01 1.769116526640598153e+00 5.231111663491779116e-06 2.048879328609158890e+00
1.725526896929218523e+01 6.847338169065971814e-01 1.765684996408061425e+00 5.203371239215196748e-06 2.047793538450953577e+00
1.723168786924982143e+01 6.856194604495682299e-01 1.762260134669477729e+00 5.175778791538671764e-06 2.046708146660364935e+00
1.720813722990789429e+01 6.865062494953104721e-01 1.758841928450459280e+00 5.148333525655937940e-06 2.045623153358355761e+00
1.718461701191900559e+01 6.873941855254330768e-01 1.755430364801948251e+00 5.121034651063632703e-06 2.044538558665885741e+00
1.716112717598662840e+01 6.882832700234599033e-01 1.752025430800183914e+00 5.093881381537916489e-06 2.043454362703917226e+00
1.713766768286498987e+01 6.891735044748336092e-01 1.748627113546646683e+00 5.066872935111033639e-06 2.042370565593412124e+00
1.711423849335897529e+01 6.900648903669197587e-01 1.745235400168002382e+00 5.040008534048041022e-06 2.041287167455330120e+00
1.709083956832416007e+01 6.909574291890054898e-01 1.741850277816066717e+00 5.013287404823786525e-06 2.040204168410634011e+00
1.706747086866662144e+01 6.918511224323063979e-01 1.738471733667740438e+00 4.986708778099784205e-06 2.039121568580283483e+00
1.704413235534297755e+01 6.927459715899653148e-01 1.735099754924973592e+00 4.960271888701473147e-06 2.038039368011890229e+00
1.702082398936028795e+01 6.936419781570560827e-01 1.731734328814710677e+00 4.933975975595431437e-06 2.036957566907748873e+00
1.699754573177592931e+01 6.945391436305881072e-01 1.728375442588834909e+00 4.907817780176030768e-06 2.035876165382484615e+00
1.697429754369764510e+01 6.954374695095049130e-01 1.725023083524135137e+00 4.881777990713811173e-06 2.034795163545333629e+00
1.695107938628336086e+01 6.963369572946908059e-01 1.721677238922239006e+00 4.855877192447219653e-06 2.033714561505531204e+00
1.692789122074121266e+01 6.972376084889697623e-01 1.718337896109579432e+00 4.830114638294281779e-06 2.032634359372312627e+00
1.690473300832945469e+01 6.981394245971095369e-01 1.715005042437339311e+00 4.804489585220970707e-06 2.031554557254914517e+00
1.688160471035633492e+01 6.990424071258258820e-01 1.711678665281396672e+00 4.779001294218995433e-06 2.030475155262571274e+00
1.685850628818014485e+01 6.999465575837811038e-01 1.708358752042292705e+00 4.753649030283921085e-06 2.029396153504519518e+00
1.683543770320902411e+01 7.008518774815909458e-01 1.705045290145162484e+00 4.728432062393136749e-06 2.028317552089993647e+00
1.681239891690101729e+01 7.017583683318235899e-01 1.701738267039706320e+00 4.703349663484219706e-06 2.027239351128229838e+00
1.678938989076394961e+01 7.026660316490032088e-01 1.698437670200131810e+00 4.678401110433218357e-06 2.026161550728464267e+00
1.676641058635532389e+01 7.035748689496150732e-01 1.695143487125101656e+00 4.653585684033089299e-06 2.025084150999930888e+00
1.674346096528234540e+01 7.044848817521036644e-01 1.691855705337695470e+00 4.628902668972378360e-06 2.024007152051866321e+00
1.672054098920181531e+01 7.053960715768777812e-01 1.688574312385359155e+00 4.604351353813881293e-06 2.022930553993507186e+00
1.669765061982001697e+01 7.063084399463144258e-01 1.685299295839848055e+00 4.579931030973428144e-06 2.021854356934086550e+00
1.667478981889276213e+01 7.072219883847571387e-01 1.682030643297196759e+00 4.555640996698926810e-06 2.020778560982842365e+00
1.665195854822519550e+01 7.081367184185237695e-01 1.678768342377649381e+00 4.531480551049299868e-06 2.019703166249008142e+00
1.662915676967186229e+01 7.090526315759041465e-01 1.675512380725634465e+00 4.507448997873785636e-06 2.018628172841820501e+00
1.660638444513656609e+01 7.099697293871650716e-01 1.672262746009704815e+00 4.483545644791152825e-06 2.017553580870516061e+00
1.658364153657228002e+01 7.108880133845543181e-01 1.669019425922486644e+00 4.459769803169071904e-06 2.016479390444327890e+00
1.656092800598118231e+01 7.118074851022991867e-01 1.665782408180646046e+00 4.436120788103747343e-06 2.015405601627088927e+00
1.653824381541448219e+01 7.127281460766137222e-01 1.662551680524827491e+00 4.412597918399417722e-06 2.014332214552413625e+00
1.651558892697244829e+01 7.136499978456969373e-01 1.659327230719616963e+00 4.389200516548209055e-06 2.013259229356207047e+00
1.649296330280430212e+01 7.145730419497375863e-01 1.656109046553494002e+00 4.365927908709934743e-06 2.012186646136381096e+00
1.647036690510812562e+01 7.154972799309183840e-01 1.652897115838775077e+00 4.342779424692037838e-06 2.011114464990845452e+00
1.644779969613087900e+01 7.164227133334140074e-01 1.649691426411582063e+00 4.319754397929746754e-06 2.010042686017512015e+00
1.642526163816823370e+01 7.173493437033992004e-01 1.646491966131778728e+00 4.296852165466158135e-06 2.008971309314290465e+00
1.640275269356461152e+01 7.182771725890463310e-01 1.643298722882940766e+00 4.274072067932637356e-06 2.007900334979093149e+00
1.638027282471307799e+01 7.192062015405306097e-01 1.640111684572300721e+00 4.251413449529174988e-06 2.006829763109831521e+00
1.635782199405522164e+01 7.201364321100337529e-01 1.636930839130695592e+00 4.228875658004843201e-06 2.005759593804414820e+00
1.633540016408122497e+01 7.210678658517427619e-01 1.633756174512537518e+00 4.206458044638552874e-06 2.004689827160755389e+00
1.631300729732964427e+01 7.220005043218573615e-01 1.630587678695746945e+00 4.184159964219616726e-06 2.003620463276763797e+00
1.629064335638748418e+01 7.229343490785881121e-01 1.627425339681724870e+00 4.161980775028727501e-06 2.002551502250350612e+00
1.626830830389007332e+01 7.238694016821610733e-01 1.624269145495298883e+00 4.139919838818826033e-06 2.001482944179428625e+00
1.624600210252095422e+01 7.248056636948222442e-01 1.621119084184669212e+00 4.117976520796106529e-06 2.000414789161906626e+00
1.622372471501194724e+01 7.257431366808355655e-01 1.617975143821382300e+00 4.096150189601286983e-06 1.999347037295697183e+00
1.620147610414294093e+01 7.266818222064908017e-01 1.614837312500263300e+00 4.074440217290713560e-06 1.998279688678710198e+00
1.617925623274194891e+01 7.276217218401018760e-01 1.611705578339387435e+00 4.052845979317834293e-06 1.997212743408857127e+00
1.615706506368501394e+01 7.285628371520108670e-01 1.608579929480030035e+00 4.031366854514631275e-06 1.996146201584050095e+00
1.613490255989607292e+01 7.295051697145931158e-01 1.605460354086609032e+00 4.010002225073102820e-06 1.995080063302198115e+00
1.611276868434702081e+01 7.304487211022550053e-01 1.602346840346660972e+00 3.988751476527048027e-06 1.994014328661214197e+00
1.609066340005752593e+01 7.313934928914419542e-01 1.599239376470773966e+00 3.967613997733717499e-06 1.992948997741874839e+00
1.606858667009506192e+01 7.323394866606364184e-01 1.596137950692559038e+00 3.946589180855764766e-06 1.991884070607883750e+00
1.604653845757482955e+01 7.332867039903622208e-01 1.593042551268601503e+00 3.925676421343191782e-06 1.990819547417764124e+00
1.602451872565960755e+01 7.342351464631897695e-01 1.589953166478403013e+00 3.904875117915330834e-06 1.989755428258488834e+00
1.600252743755983076e+01 7.351848156637337262e-01 1.586869784624357793e+00 3.884184672543142405e-06 1.988691713217033863e+00
1.598056455653339825e+01 7.361357131786606667e-01 1.583792394031687367e+00 3.863686914529983141e-06 1.987628402380372306e+00
1.595863004588570533e+01 7.370878405966876379e-01 1.580720983048411465e+00 3.843308521762400807e-06 1.986565495835479034e+00
1.593672386896955473e+01 7.380411995085865984e-01 1.577655540045296956e+00 3.823038141083611303e-06 1.985502993669329364e+00
1.591484598918504645e+01 7.389957915071887484e-01 1.574596053415808106e+00 3.802875196659052898e-06 1.984440895968896390e+00
1.589299636997959198e+01 7.399516181873837528e-01 1.571542511576072387e+00 3.782819115744990048e-06 1.983379202821155207e+00
1.587117497484783257e+01 7.409086811461240707e-01 1.568494902964832516e+00 3.762869328671782805e-06 1.982317914313081131e+00
1.584938176733150428e+01 7.418669819824296185e-01 1.565453216043392048e+00 3.743025268827176126e-06 1.981257030531647034e+00
1.582761671101951606e+01 7.428265222973857718e-01 1.562417439295591404e+00 3.723286372639903856e-06 1.980196551563828899e+00
1.580587976954773666e+01 7.437873036941515803e-01 1.559387561227741248e+00 3.703652079563091964e-06 1.979136477496599822e+00
1.578417090659905853e+01 7.447493277779575482e-01 1.556363570368596294e+00 3.684121832058016687e-06 1.978076808416934673e+00
1.576249008590328060e+01 7.457125961561105187e-01 1.553345455269304454e+00 3.664695075577785593e-06 1.977017544411808991e+00
1.574083727123701948e+01 7.466771104379981150e-01 1.550333204503355988e+00 3.645371258551130453e-06 1.975958685568195650e+00
1.571921242642373784e+01 7.476428722350869638e-01 1.547326806666556420e+00 3.626149832366395776e-06 1.974900231973070408e+00
1.569761551533356325e+01 7.486098831609305781e-01 1.544326250376962806e+00 3.607030251355425279e-06 1.973842183713406362e+00
1.567604650188334503e+01 7.495781448311675810e-01 1.541331524274857534e+00 3.588011972777753288e-06 1.972784540876178827e+00
1.565450535003654053e+01 7.505476588635263679e-01 1.538342617022697034e+00 3.569094456804725409e-06 1.971727303548362897e+00
1.563299202380311925e+01 7.515184268778292154e-01 1.535359517305064259e+00 3.550277166503721270e-06 1.970670471816931446e+00
1.561150648723958057e+01 7.524904504959916141e-01 1.532382213828634265e+00 3.531559567822567424e-06 1.969614045708188543e+00
1.559004870444882229e+01 7.534637313420288196e-01 1.529410695322122926e+00 3.512941129573906619e-06 1.968558025371034637e+00
1.556861863958013359e+01 7.544382710420549643e-01 1.526444950536250733e+00 3.494421323419745808e-06 1.967502410893527509e+00
1.554721625682912034e+01 7.554140712242873867e-01 1.523484968243696613e+00 3.475999623856050307e-06 1.966447202352083368e+00
1.552584152043760213e+01 7.563911335190512952e-01 1.520530737239049524e+00 3.457675508197387939e-06 1.965392399823115976e+00
1.550449439469363355e+01 7.573694595587781020e-01 1.517582246338778029e+00 3.439448456561753166e-06 1.964338003383042430e+00
1.548317484393135501e+01 7.583490509780129729e-01 1.514639484381171686e+00 3.421317951855350988e-06 1.963284013108276493e+00
1.546188283253101048e+01 7.593299094134136062e-01 1.511702440226312838e+00 3.403283479757581172e-06 1.962230429075234595e+00
1.544061832491886221e+01 7.603120365037542294e-01 1.508771102756028215e+00 3.385344528706041526e-06 1.961177251360332718e+00
1.541938128556708065e+01 7.612954338899308171e-01 1.505845460873839414e+00 3.367500589881566763e-06 1.960124480039984851e+00
1.539817167899378347e+01 7.622801032149590927e-01 1.502925503504934479e+00 3.349751157193495204e-06 1.959072115190607866e+00
1.537698946976286507e+01 7.632660461239826333e-01 1.500011219596110390e+00 3.332095727264828765e-06 1.958020156888615748e+00
1.535583462248404274e+01 7.642532642642704266e-01 1.497102598115743977e+00 3.314533799417658908e-06 1.956968605210424705e+00
1.533470710181273944e+01 7.652417592852225336e-01 1.494199628053743290e+00 3.297064875658534566e-06 1.955917460232450722e+00
1.531360687245000207e+01 7.662315328383741964e-01 1.491302298421500971e+00 3.279688460663935533e-06 1.954866722031107784e+00
1.529253389914251926e+01 7.672225865773940612e-01 1.488410598251863615e+00 3.262404061765919489e-06 1.953816390682812765e+00
1.527148814668247567e+01 7.682149221580923948e-01 1.485524516599076916e+00 3.245211188937696603e-06 1.952766466263979872e+00
1.525046957990756269e+01 7.692085412384190857e-01 1.482644042538754370e+00 3.228109354779420559e-06 1.951716948851025091e+00
1.522947816370090379e+01 7.702034454784683071e-01 1.479769165167833078e+00 3.211098074503988471e-06 1.950667838520364628e+00
1.520851386299093377e+01 7.711996365404837350e-01 1.476899873604521574e+00 3.194176865922870866e-06 1.949619135348412247e+00
1.518757664275145558e+01 7.721971160888559949e-01 1.474036156988277169e+00 3.177345249432177151e-06 1.948570839411585043e+00
1.516666646800145557e+01 7.731958857901314319e-01 1.471178004479744006e+00 3.160602747998586813e-06 1.947522950725062652e+00
1.514578330380514970e+01 7.741959473130095581e-01 1.468325405260728633e+00 3.143948887145555489e-06 1.946475469384682411e+00
1.512492711527188050e+01 7.751973023283484920e-01 1.465478348534149378e+00 3.127383194939468523e-06 1.945428395527026622e+00
1.510409786755601758e+01 7.761999525091695107e-01 1.462636823523992380e+00 3.110905201975873710e-06 1.944381729217102173e+00
1.508329552585700384e+01 7.772038995306549403e-01 1.459800819475283173e+00 3.094514441365910984e-06 1.943335470519919728e+00
1.506252005541917782e+01 7.782091450701564828e-01 1.456970325654028287e+00 3.078210448722631988e-06 1.942289619500485953e+00
1.504177142153180569e+01 7.792156908071934396e-01 1.454145331347187931e+00 3.061992762147559358e-06 1.941244176223810625e+00
1.502104958952900660e+01 7.802235384234573745e-01 1.451325825862632701e+00 3.045860922217240070e-06 1.940199140754903295e+00
1.500035452478962128e+01 7.812326896028169987e-01 1.448511798529091177e+00 3.029814471969826747e-06 1.939154513158770854e+00
1.497968619273726887e+01 7.822431460313170604e-01 1.445703238696125936e+00 3.013840492796712180e-06 1.938110293500423076e+00
1.495904455884022077e+01 7.832549093971827858e-01 1.442900135734083378e+00 2.997950925158823437e-06 1.937066481844869070e+00
1.493842958861131898e+01 7.842679813908252084e-01 1.440102479034048866e+00 2.982145536770976812e-06 1.936023078257116392e+00
1.491784124760800623e+01 7.852823637048390593e-01 1.437310258007819197e+00 2.966423879110927010e-06 1.934980082802175039e+00
1.489727950143216439e+01 7.862980580340108716e-01 1.434523462087846646e+00 2.950785506062252605e-06 1.933937495545052343e+00
1.487674431573014822e+01 7.873150660753173158e-01 1.431742080727212763e+00 2.935229973901418035e-06 1.932895316550757636e+00
1.485623565619268760e+01 7.883333895279298620e-01 1.428966103399580412e+00 2.919756841284810609e-06 1.931853545884300249e+00
1.483575348855478637e+01 7.893530300932199983e-01 1.426195519599148254e+00 2.904365669235840620e-06 1.930812183610687960e+00
1.481529777859577557e+01 7.903739894747566774e-01 1.423430318840626763e+00 2.889056021132234578e-06 1.929771229794930321e+00
1.479486849213912691e+01 7.913962693783151980e-01 1.420670490659178720e+00 2.873827462693211980e-06 1.928730684502034887e+00
1.477446559505250256e+01 7.924198715118752068e-01 1.417916024610394121e+00 2.858679561966911953e-06 1.927690547797010989e+00
1.475408905324765740e+01 7.934447975856251389e-01 1.415166910270245770e+00 2.843611889317777546e-06 1.926650819744868182e+00
1.473373883268032891e+01 7.944710493119679917e-01 1.412423137235040871e+00 2.828624017413999311e-06 1.925611500410613575e+00
1.471341489935030289e+01 7.954986284055182155e-01 1.409684695121398379e+00 2.813715521215157093e-06 1.924572589859257388e+00
1.469311721930121450e+01 7.965275365831111509e-01 1.406951573566189939e+00 2.798885977959735613e-06 1.923534088155806954e+00
1.467284575862060869e+01 7.975577755638005861e-01 1.404223762226516126e+00 2.784134967152895854e-06 1.922495995365271604e+00
1.465260048343983890e+01 7.985893470688636420e-01 1.401501250779659813e+00 2.769462070554196892e-06 1.921458311552660891e+00
1.463238135993396050e+01 7.996222528218059900e-01 1.398784028923042655e+00 2.754866872165381257e-06 1.920421036689136107e+00
1.461218835432178054e+01 8.006564945483596318e-01 1.396072086374196219e+00 2.740348958218338600e-06 1.919384170928352784e+00
1.459202143286569253e+01 8.016920739764912263e-01 1.393365412870711362e+00 2.725907917162977870e-06 1.918347714348424882e+00
1.457188056187170311e+01 8.027289928364008675e-01 1.390663998170207805e+00 2.711543339655308716e-06 1.917311667002614683e+00
1.455176570768934674e+01 8.037672528605259714e-01 1.387967832050291950e+00 2.697254818545504249e-06 1.916276028944184473e+00
1.453167683671158628e+01 8.048068557835470482e-01 1.385276904308512025e+00 2.683041948866016750e-06 1.915240800226394313e+00
1.451161391537484668e+01 8.058478033423854825e-01 1.382591204762331216e+00 2.668904327819857274e-06 1.914205980902507598e+00
1.449157691015886051e+01 8.068900972762118595e-01 1.379910723249074822e+00 2.654841554768804102e-06 1.913171571025783946e+00
1.447156578758668921e+01 8.079337393264444112e-01 1.377235449625902497e+00 2.640853231221797120e-06 1.912137570649486307e+00
1.445158051422465206e+01 8.089787312367533456e-01 1.374565373769766508e+00 2.626938960823331777e-06 1.911103979826876520e+00
1.443162105668220363e+01 8.100250747530667317e-01 1.371900485577364659e+00 2.613098349341881833e-06 1.910070798611214871e+00
1.441168738161198881e+01 8.110727716235676121e-01 1.369240774965116758e+00 2.599331004658509312e-06 1.909038027055764308e+00
1.439177945570967587e+01 8.121218235987033296e-01 1.366586231869110657e+00 2.585636536755378309e-06 1.908005665213785118e+00
1.437189724571399729e+01 8.131722324311827510e-01 1.363936846245076495e+00 2.572014557704475053e-06 1.906973713138539805e+00
1.435204071840664142e+01 8.142239998759820407e-01 1.361292608068342069e+00 2.558464681656295356e-06 1.905942170883290210e+00
1.433220984061217251e+01 8.152771276903493236e-01 1.358653507333789534e+00 2.544986524828603222e-06 1.904911038501296838e+00
1.431240457919806275e+01 8.163316176338025754e-01 1.356019534055831199e+00 2.531579705495326660e-06 1.903880316045822640e+00
1.429262490107452344e+01 8.173874714681387266e-01 1.353390678268353131e+00 2.518243843975388714e-06 1.902850003570127679e+00
1.427287077319455477e+01 8.184446909574311091e-01 1.350766930024694279e+00 2.504978562621733300e-06 1.901820101127474461e+00
1.425314216255384814e+01 8.195032778680345631e-01 1.348148279397600735e+00 2.491783485810323100e-06 1.900790608771125267e+00
1.423343903619067952e+01 8.205632339685909882e-01 1.345534716479181325e+00 2.478658239929183185e-06 1.899761526554339941e+00
1.421376136118595035e+01 8.216245610300274560e-01 1.342926231380882074e+00 2.465602453367602194e-06 1.898732854530381209e+00
1.419410910466308096e+01 8.226872608255618724e-01 1.340322814233442239e+00 2.452615756505305140e-06 1.897704592752511132e+00
1.417448223378791816e+01 8.237513351307076404e-01 1.337724455186851680e+00 2.439697781701679989e-06 1.896676741273989997e+00
1.415488071576877971e+01 8.248167857232716615e-01 1.335131144410325321e+00 2.426848163285166886e-06 1.895649300148080973e+00
1.413530451785628905e+01 8.258836143833633292e-01 1.332542872092251862e+00 2.414066537542553350e-06 1.894622269413466453e+00
1.411575360734340734e+01 8.269518228933921966e-01 1.329959628440167130e+00 2.401352542708468100e-06 1.893595649045869633e+00
1.409622795156534991e+01 8.280214130380733062e-01 1.327381403680713667e+00 2.388705818954850742e-06 1.892569439205990189e+00
1.407672751789948506e+01 8.290923866044320745e-01 1.324808188059596104e+00 2.376126008380472702e-06 1.891543639935828969e+00
1.405725227376537489e+01 8.301647453818025157e-01 1.322239971841556061e+00 2.363612755000595373e-06 1.890518251277389483e+00
1.403780218662461365e+01 8.312384911618359018e-01 1.319676745310323529e+00 2.351165704736572793e-06 1.889493273272672358e+00
1.401837722398086683e+01 8.323136257384984305e-01 1.317118498768587997e+00 2.338784505405617786e-06 1.888468705963680661e+00
1.399897735337977345e+01 8.333901509080771097e-01 1.314565222537959599e+00 2.326468298089883398e-06 1.887444549392417237e+00
1.397960254240886080e+01 8.344680684691839767e-01 1.312016906958924700e+00 2.314208167723483335e-06 1.886420803600882712e+00
1.396025275869757465e+01 8.355473802227548763e-01 1.309473542390822365e+00 2.302012954195314283e-06 1.885397468631080820e+00
1.394092796991712291e+01 8.366280879720576769e-01 1.306935119211792173e+00 2.289882311833013050e-06 1.884374544525012407e+00
1.392162814378051472e+01 8.377101935226904939e-01 1.304401627818751352e+00 2.277815896817069673e-06 1.883352031324680098e+00
1.390235324804246275e+01 8.387936986825869079e-01 1.301873058627351698e+00 2.265813367170793893e-06 1.882329929072086960e+00
1.388310325049929439e+01 8.398786052620210718e-01 1.299349402071938053e+00 2.253874382750339649e-06 1.881308237809233619e+00
1.386387811898899081e+01 8.409649150736054901e-01 1.296830648605523661e+00 2.241998605234866362e-06 1.880286957578123586e+00
1.384467782139102177e+01 8.420526299323003450e-01 1.294316788699739762e+00 2.230185698116623572e-06 1.879266088420757930e+00
1.382550232562639003e+01 8.431417516554107205e-01 1.291807812844811387e+00 2.218435326691221068e-06 1.878245630379139497e+00
1.380635159965753367e+01 8.442322820625927093e-01 1.289303711549516285e+00 2.206747158047865142e-06 1.877225583495270911e+00
1.378722561148824077e+01 8.453242229758577420e-01 1.286804475341142284e+00 2.195120861059650738e-06 1.876205947811153019e+00
1.376812432916367968e+01 8.464175762195710329e-01 1.284310094765464871e+00 2.183556106373986601e-06 1.875186723368789554e+00
1.374904772077023907e+01 8.475123436204606842e-01 1.281820560386694341e+00 2.172052566402946717e-06 1.874167910210180921e+00
1.372999575443558307e+01 8.486085270076147991e-01 1.279335862787456257e+00 2.160609915313808957e-06 1.873149508377330408e+00
1.371096839832853220e+01 8.497061282124878101e-01 1.276855992568745490e+00 2.149227829019542898e-06 1.872131517912240861e+00
1.369196562065899592e+01 8.508051490689046981e-01 1.274380940349888025e+00 2.137905985169374301e-06 1.871113938856912684e+00
1.367298738967799565e+01 8.519055914130596596e-01 1.271910696768516535e+00 2.126644063139460969e-06 1.870096771253349832e+00
1.365403367367751741e+01 8.530074570835246561e-01 1.269445252480520869e+00 2.115441744023511010e-06 1.869080015143552931e+00
1.363510444099053665e+01 8.541107479212476372e-01 1.266984598160023401e+00 2.104298710623564581e-06 1.868063670521258990e+00
1.361619965999093829e+01 8.552154657695576478e-01 1.264528724499339285e+00 2.093214647440751486e-06 1.867047737428531695e+00
1.359731929909342441e+01 8.563216124741698243e-01 1.262077622208935823e+00 2.082189240666102139e-06 1.866032215966864083e+00
1.357846332675354617e+01 8.574291898831839509e-01 1.259631282017408260e+00 2.071222178171475415e-06 1.865017106167466299e+00
1.355963171146754931e+01 8.585381998470930087e-01 1.257189694671430935e+00 2.060313149500428487e-06 1.864002408061546268e+00
1.354082442177241319e+01 8.596486442187812882e-01 1.254752850935733521e+00 2.049461845859249709e-06 1.862988121680313469e+00
1.352204142624576377e+01 8.607605248535293851e-01 1.252320741593061504e+00 2.038667960107966937e-06 1.861974247054978271e+00
1.350328269350576882e+01 8.618738436090201960e-01 1.249893357444134656e+00 2.027931186751393546e-06 1.860960784216747932e+00
1.348454819221118228e+01 8.629886023453365862e-01 1.247470689307623504e+00 2.017251221930309967e-06 1.859947733196832376e+00
1.346583789106123419e+01 8.641048029249678297e-01 1.245052728020106692e+00 2.006627763412603726e-06 1.858935094026441304e+00
1.344715175879555602e+01 8.652224472128139388e-01 1.242639464436034569e+00 1.996060510584479778e-06 1.857922866736782641e+00
1.342848976419420559e+01 8.663415370761843315e-01 1.240230889427702543e+00 1.985549164441771225e-06 1.856911051359066755e+00
1.340985187607751961e+01 8.674620743848064919e-01 1.237826993885204008e+00 1.975093427581206404e-06 1.855899647924501350e+00
1.339123806330614741e+01 8.685840610108240822e-01 1.235427768716408359e+00 1.964693004191816160e-06 1.854888656464296126e+00
1.337264829478096573e+01 8.697074988288020503e-01 1.233033204846919917e+00 1.954347600046332652e-06 1.853878077009660785e+00
1.335408253944298274e+01 8.708323897157322913e-01 1.230643293220037959e+00 1.944056922492617379e-06 1.852867909591803475e+00
1.333554076627337892e+01 8.719587355510314275e-01 1.228258024796734960e+00 1.933820680445219224e-06 1.851858154241934340e+00
1.331702294429335254e+01 8.730865382165499122e-01 1.225877390555607960e+00 1.923638584376870247e-06 1.850848810991261084e+00
1.329852904256415158e+01 8.742157995965701422e-01 1.223501381492855700e+00 1.913510346310124621e-06 1.849839879870993631e+00
1.328005903018699740e+01 8.753465215778112318e-01 1.221129988622239537e+00 1.903435679808989944e-06 1.848831360912341681e+00
1.326161287630297814e+01 8.764787060494353410e-01 1.218763202975044591e+00 1.893414299970583544e-06 1.847823254146512939e+00
1.324319055009310198e+01 8.776123549030446780e-01 1.216401015600055313e+00 1.883445923416924309e-06 1.846815559604717993e+00
1.322479202077813198e+01 8.787474700326914911e-01 1.214043417563510419e+00 1.873530268286647214e-06 1.845808277318164325e+00
1.320641725761862872e+01 8.798840533348751825e-01 1.211690399949078234e+00 1.863667054226876894e-06 1.844801407318062081e+00
1.318806622991485789e+01 8.810221067085484137e-01 1.209341953857818286e+00 1.853856002385073891e-06 1.843794949635620739e+00
1.316973890700671035e+01 8.821616320551219914e-01 1.206998070408143553e+00 1.844096835400928973e-06 1.842788904302048225e+00
1.315143525827372528e+01 8.833026312784632017e-01 1.204658740735796485e+00 1.834389277398359941e-06 1.841783271271483668e+00
1.313315525313494980e+01 8.844451062849046918e-01 1.202323955993802818e+00 1.824733053977460581e-06 1.840778050641302066e+00
1.311489886104897096e+01 8.855890589832425830e-01 1.199993707352448924e+00 1.815127892206591288e-06 1.839773242461199221e+00
1.309666605151381980e+01 8.867344912847420213e-01 1.197667985999242291e+00 1.805573520614436639e-06 1.838768846752039998e+00
1.307845679406690387e+01 8.878814051031420629e-01 1.195346783138876212e+00 1.796069669182127362e-06 1.837764863534687709e+00
1.306027105828501966e+01 8.890298023546544526e-01 1.193030089993202258e+00 1.786616069335446780e-06 1.836761292830008330e+00
1.304210881378422116e+01 8.901796849579720616e-01 1.190717897801189418e+00 1.777212453936999779e-06 1.835758134658864948e+00
1.302397003021983579e+01 8.913310548342674444e-01 1.188410197818897451e+00 1.767858557278506083e-06 1.834755389042122653e+00
1.300585467728640054e+01 8.924839139071978344e-01 1.186106981319441367e+00 1.758554115073092464e-06 1.833753056000646753e+00
1.298776272471755711e+01 8.936382641029108065e-01 1.183808239592952338e+00 1.749293694053019520e-06 1.832751135555300337e+00
1.296969414228609629e+01 8.947941073500421671e-01 1.181513963946555279e+00 1.740079805381937091e-06 1.831749627726949381e+00
1.295164889980379463e+01 8.959514455797257249e-01 1.179224145704322657e+00 1.730914674710204827e-06 1.830748532536456974e+00
1.293362696712147653e+01 8.971102807255900702e-01 1.176938776207255399e+00 1.721798042591603032e-06 1.829747850004688203e+00
1.291562831412890056e+01 8.982706147237652372e-01 1.174657846813239592e+00 1.712729650969414927e-06 1.828747580152508601e+00
1.289765291075468312e+01 8.994324495128878105e-01 1.172381348897013176e+00 1.703709243168918971e-06 1.827747723000781033e+00
1.287970072696634283e+01 9.005957870340982607e-01 1.170109273850143961e+00 1.694736563889977114e-06 1.826748278570371253e+00
1.286177173277013530e+01 9.017606292310514915e-01 1.167841613080981000e+00 1.685811359199562907e-06 1.825749246882142796e+00
1.284386589821109759e+01 9.029269780499136200e-01 1.165578358014635718e+00 1.676933376524431065e-06 1.824750627956960747e+00
1.282598319337296466e+01 9.040948354393680830e-01 1.163319500092942160e+00 1.668102364643765859e-06 1.823752421815690195e+00
1.280812358837807885e+01 9.052642033506210772e-01 1.161065030774423024e+00 1.659318073681864867e-06 1.822754628479194228e+00
1.279028705338740757e+01 9.064350837374001157e-01 1.158814941534261456e+00 1.650580255100915055e-06 1.821757247968338378e+00
1.277247355860047229e+01 9.076074785559596902e-01 1.156569223864268858e+00 1.641888661693767372e-06 1.820760280303987511e+00
1.275468307425524195e+01 9.087813897650871553e-01 1.154327869272844254e+00 1.633243047576729773e-06 1.819763725507004715e+00
1.273691557062818447e+01 9.099568193260999527e-01 1.152090869284953412e+00 1.624643168182479033e-06 1.818767583598256410e+00
1.271917101803411398e+01 9.111337692028556035e-01 1.149858215442085552e+00 1.616088780252911368e-06 1.817771854598605019e+00
1.270144938682622815e+01 9.123122413617491544e-01 1.147629899302230916e+00 1.607579641832121165e-06 1.816776538522264284e+00
1.268375064739601754e+01 9.134922377717192843e-01 1.145405912439842799e+00 1.599115512259362349e-06 1.815781635308360897e+00
1.266607477017318395e+01 9.146737604042534109e-01 1.143186246445802690e+00 1.590696152162044484e-06 1.814787145080215103e+00
1.264842172562567590e+01 9.158568112333860256e-01 1.140970892927397173e+00 1.582321323448829026e-06 1.813793067848775697e+00
1.263079148425953946e+01 9.170413922357079084e-01 1.138759843508275305e+00 1.573990789302673702e-06 1.812799403624989258e+00
1.261318401661895727e+01 9.182275053903639073e-01 1.136553089828425733e+00 1.565704314174001402e-06 1.811806152419803917e+00
1.259559929328616334e+01 9.194151526790587114e-01 1.134350623544141401e+00 1.557461663773851281e-06 1.810813314244167804e+00
1.257803728488134709e+01 9.206043360860628466e-01 1.132152436327982015e+00 1.549262605067058663e-06 1.809820889109027497e+00
1.256049796206270663e+01 9.217950575982098993e-01 1.129958519868754063e+00 1.541106906265543148e-06 1.808828877025331794e+00
1.254298129552629071e+01 9.229873192049062869e-01 1.127768865871466186e+00 1.532994336821537226e-06 1.807837278004026826e+00
1.252548725600603596e+01 9.241811228981295923e-01 1.125583466057308080e+00 1.524924667420938120e-06 1.806846092056061392e+00
1.250801581427368525e+01 9.253764706724334488e-01 1.123402312163614747e+00 1.516897669976642275e-06 1.805855319192383179e+00
1.249056694113869881e+01 9.265733645249538686e-01 1.121225395943829639e+00 1.508913117621913091e-06 1.804864959423938986e+00
1.247314060744829511e+01 9.277718064554066890e-01 1.119052709167485560e+00 1.500970784703847756e-06 1.803875012761677388e+00
1.245573678408729634e+01 9.289717984660975647e-01 1.116884243620158035e+00 1.493070446776780132e-06 1.802885479216544962e+00
1.243835544197817633e+01 9.301733425619194140e-01 1.114719991103448216e+00 1.485211880595825091e-06 1.801896358799489839e+00
1.242099655208096465e+01 9.313764407503583032e-01 1.112559943434944021e+00 1.477394864110380501e-06 1.800907651521460373e+00
1.240366008539317200e+01 9.325810950414993306e-01 1.110404092448185942e+00 1.469619176457681523e-06 1.799919357393402697e+00
1.238634601294981508e+01 9.337873074480240732e-01 1.108252429992645061e+00 1.461884597956433881e-06 1.798931476426266052e+00
1.236905430582328336e+01 9.349950799852206895e-01 1.106104947933683302e+00 1.454190910100407119e-06 1.797944008630996571e+00
1.235178493512336573e+01 9.362044146709815884e-01 1.103961638152527458e+00 1.446537895552137760e-06 1.796956954018542607e+00
1.233453787199716878e+01 9.374153135258089797e-01 1.101822492546238319e+00 1.438925338136617425e-06 1.795970312599852292e+00
1.231731308762904042e+01 9.386277785728208700e-01 1.099687503027673596e+00 1.431353022835015051e-06 1.794984084385871981e+00
1.230011055324059122e+01 9.398418118377487307e-01 1.097556661525467048e+00 1.423820735778481690e-06 1.793998269387550692e+00
1.228293024009055934e+01 9.410574153489477123e-01 1.095429959983985846e+00 1.416328264241915290e-06 1.793012867615834782e+00
1.226577211947485146e+01 9.422745911373935357e-01 1.093307390363311260e+00 1.408875396637838125e-06 1.792027879081672381e+00
1.224863616272644506e+01 9.434933412366890426e-01 1.091188944639202685e+00 1.401461922510246918e-06 1.791043303759038974e+00
1.223152234121531556e+01 9.447136676830698576e-01 1.089074614803062113e+00 1.394087632528507635e-06 1.790059141646986429e+00
1.221443062634846655e+01 9.459355725154020567e-01 1.086964392861915041e+00 1.386752318481328210e-06 1.789075392815832499e+00
1.219736098956979298e+01 9.471590577751919371e-01 1.084858270838367167e+00 1.379455773270688713e-06 1.788092057267017809e+00
1.218031340236011140e+01 9.483841255065837972e-01 1.082756240770585965e+00 1.372197790905883945e-06 1.787109135001985871e+00
1.216328783623707110e+01 9.496107777563661534e-01 1.080658294712262046e+00 1.364978166497535561e-06 1.786126626022179531e+00
1.214628426275508666e+01 9.508390165739771804e-01 1.078564424732579408e+00 1.357796696251658810e-06 1.785144530329039858e+00
1.212930265350534853e+01 9.520688440115032680e-01 1.076474622916190338e+00 1.350653177463783280e-06 1.784162847924009920e+00
1.211234298011574495e+01 9.533002621236849050e-01 1.074388881363182335e+00 1.343547408513078089e-06 1.783181578808532786e+00
1.209540521425077664e+01 9.545332729679231187e-01 1.072307192189043024e+00 1.336479188856496773e-06 1.782200722984049523e+00
1.207848932761159411e+01 9.557678786042761443e-01 1.070229547524640834e+00 1.329448319023010470e-06 1.781220280452003646e+00
1.206159529193585733e+01 9.570040810954706378e-01 1.068155939516181707e+00 1.322454600607798971e-06 1.780240251213836444e+00
1.204472307899776595e+01 9.582418825068981239e-01 1.066086360325192217e+00 1.315497836266541289e-06 1.779260635270990765e+00
1.202787266060798466e+01 9.594812849066218785e-01 1.064020802128482712e+00 1.308577829709693538e-06 1.778281432624909897e+00
1.201104400861355259e+01 9.607222903653824808e-01 1.061959257118114008e+00 1.301694385696795801e-06 1.777302643277034688e+00
1.199423709489792422e+01 9.619649009565954811e-01 1.059901717501377849e+00 1.294845256247939594e-06 1.776324267228809095e+00
1.197745189138082189e+01 9.632091187563616153e-01 1.057848175500755383e+00 1.288028415302233685e-06 1.775346304481673743e+00
1.196068837001828378e+01 9.644549458434641398e-01 1.055798623353898069e+00 1.281247626389182502e-06 1.774368755037072143e+00
1.194394650280256620e+01 9.657023842993753826e-01 1.053753053313592813e+00 1.274502697805909895e-06 1.773391618896447142e+00
1.192722626176207434e+01 9.669514362082620718e-01 1.051711457647728665e+00 1.267793438875391269e-06 1.772414896061239808e+00
1.191052761896138712e+01 9.682021036569834482e-01 1.049673828639277495e+00 1.261119659940954012e-06 1.771438586532893877e+00
1.189385054650112572e+01 9.694543887351012579e-01 1.047640158586252923e+00 1.254481172360741284e-06 1.770462690312850418e+00
1.187719501651798559e+01 9.707082935348773090e-01 1.045610439801690550e+00 1.247877788502274918e-06 1.769487207402552276e+00
1.186056100118465295e+01 9.719638201512795783e-01 1.043584664613615098e+00 1.241309321736997559e-06 1.768512137803442741e+00
1.184394847270972306e+01 9.732209706819884287e-01 1.041562825365006217e+00 1.234775586434850806e-06 1.767537481516962883e+00
1.182735740333773933e+01 9.744797472273938332e-01 1.039544914413779164e+00 1.228276397958923873e-06 1.766563238544556214e+00
1.181078776534905472e+01 9.757401518906057003e-01 1.037530924132745502e+00 1.221811572660067515e-06 1.765589408858534215e+00
1.179423953105985490e+01 9.770021867774519864e-01 1.035520846909591786e+00 1.215380927871597110e-06 1.764615992478253848e+00
1.177771267282209422e+01 9.782658539964838029e-01 1.033514675146848250e+00 1.208984281903990230e-06 1.763642989411537743e+00
1.176120716302340341e+01 9.795311556589825219e-01 1.031512401261855061e+00 1.202621454039604970e-06 1.762670399651961040e+00
1.174472297408712507e+01 9.807980938789566672e-01 1.029514017686742111e+00 1.196292264527472385e-06 1.761698223193101098e+00
1.172826007847218222e+01 9.820666707731524614e-01 1.027519516868390159e+00 1.189996534578057809e-06 1.760726460028533280e+00
1.171181844867310673e+01 9.833368884610512728e-01 1.025528891268411735e+00 1.183734086358106020e-06 1.759755110151834501e+00
1.169539805721995585e+01 9.846087490648761653e-01 1.023542133363117390e+00 1.177504742985476881e-06 1.758784173556581898e+00
1.167899887667824288e+01 9.858822547095974498e-01 1.021559235643483499e+00 1.171308328524011686e-06 1.757813650236350389e+00
1.166262087964896388e+01 9.871574075229304635e-01 1.019580190615133830e+00 1.165144667978464090e-06 1.756843540184717778e+00
1.164626403876845906e+01 9.884342096353460061e-01 1.017604990798297804e+00 1.159013587289396736e-06 1.755873843395258982e+00
1.162992832670845189e+01 9.897126631800678975e-01 1.015633628727794280e+00 1.152914913328172539e-06 1.754904559861551361e+00
1.161361371617596383e+01 9.909927702930791948e-01 1.013666096952996920e+00 1.146848473891925001e-06 1.753935689577171386e+00
1.159732017991324327e+01 9.922745331131280766e-01 1.011702388037802658e+00 1.140814097698562625e-06 1.752967232535694642e+00
1.158104769069778861e+01 9.935579537817256224e-01 1.009742494560612824e+00 1.134811614381836219e-06 1.751999188730698709e+00
1.156479622134222218e+01 9.948430344431562489e-01 1.007786409114294068e+00 1.128840854486375281e-06 1.751031558155758283e+00
1.154856574469431330e+01 9.961297772444753784e-01 1.005834124306157706e+00 1.122901649462807608e-06 1.750064340804450946e+00
1.153235623363691076e+01 9.974181843355149901e-01 1.003885632757930857e+00 1.116993831662873187e-06 1.749097536670353392e+00
1.151616766108785406e+01 9.987082578688908363e-01 1.001940927105721579e+00 1.111117234334554811e-06 1.748131145747040538e+00
1.150000000000000000e+01 1.000000000000000000e+00 1.000000000000000000e+00 1.105271691617277950e-06 1.747165168028089743e+00
